a	bcs	a	a	a	SAME
ajьce	bcs	jájce	jǎːjtse		IN_WIKTIONARY
ako	bcs	ako	ako	ako	SAME
akъ	bcs	jȃk	jâːk		IN_WIKTIONARY
akъjь	bcs	jȃk	jâːk		IN_WIKTIONARY
avě	bcs	javi	javi	jaʋi	DIFFERENT
aviti	bcs	jáviti	jǎːʋiti		IN_WIKTIONARY
avьnъ	bcs	jȃvan	jâːʋan
azъ	bcs	jȃ	jâː		IN_WIKTIONARY
aščerъ	bcs	jȁster	jâster
àgnę	bcs	jȁgne	jâɡne
àgnьcь	bcs	jȁgnjac	jâɡɲats
àma	bcs	jȁma	jâma		IN_WIKTIONARY
ȁgoda	bcs	jȁgoda	jâɡoda
ȃje	bcs	jáje	jǎːje		IN_WIKTIONARY
bàjati	bcs	bȁjati	bâjati		IN_WIKTIONARY
bàviti	bcs	bȁvit	bâʋit
bȁba	bcs	bȁba	bâba		IN_WIKTIONARY
bergtì	bcs	brijèći	brijětɕi
berstъ	bcs	brȉjest	brîjest
bez	bcs	bez	bɛz	bez	DIFFERENT
bezъ	bcs	bez	bɛz	bez	DIFFERENT
bèrdjь	bcs	brȅđ	brêd͡ʑ
bèrmę	bcs	brȅme	brême		IN_WIKTIONARY
bèrza	bcs	brȅza	brêza
běžàti	bcs	bjèžati	bjěʒati		IN_WIKTIONARY
bě̀gati	bcs	bjȅgati	bjêɡati		IN_WIKTIONARY
bě́lъ	bcs	bȉo	bîo		IN_WIKTIONARY
bě̄dà	bcs	bijèda	bijěda
bě̄dìti	bcs	bijèditi	bijěditi
bě̑sъ	bcs	bȉjes	bîjes
bȇrgъ	bcs	brȉjeg	brîjeɡ
bìdlo	bcs	bȉlo	bîlo		IN_WIKTIONARY
bìti	bcs	bȉti	bîti		IN_WIKTIONARY
bìtva	bcs	bȉtva	bîtʋa
bìčь	bcs	bȉč	bîtʃ		IN_WIKTIONARY
blekъ	bcs	blȇk	blêːk
blějati	bcs	bléjati	blěːjati		IN_WIKTIONARY
blě̑dъ	bcs	blȉjed	blîjed
blě̑skъ	bcs	blȉjesak	blîjesak
blęsti	bcs	blesti	blesti		IN_WIKTIONARY
blǭdìti	bcs	blúditi	blǔːditi
blǫ̑dъ	bcs	blȗd	blûːd		IN_WIKTIONARY
bl̨ustì	bcs	bljȕsti	bʎûsti
bl̨ьvàti	bcs	bljùvati	bʎǔʋati		IN_WIKTIONARY
blъxà	bcs	bùha	bǔxa		IN_WIKTIONARY
blьščati sę	bcs	blijèštati se	blijěʃtati se
bo	bcs	bo	[bo]		CORRECTED
bodъlь	bcs	bȏdalj	bôːdaʎ
bogàtъ	bcs	bògat	bǒɡat		IN_WIKTIONARY
bojati sę	bcs	bòjati se	bǒjati
bojaznь	bcs	bȍjāzan	bôjaːzan		IN_WIKTIONARY
bojь	bcs	bȏj	bôːj		IN_WIKTIONARY
bolěti	bcs	bòljeti	bǒʎeti		IN_WIKTIONARY
bolzìna	bcs	blàzina	blǎzina
bol̨e	bcs	bȍlje	bôʎe
bol̨eje	bcs	bȍlje	bôʎe
bol̨ьjь	bcs	bȍljī	bôʎiː
bordatъ	bcs	bràdat	brǎdat		IN_WIKTIONARY
bordà	bcs	bráda	brǎːda		IN_WIKTIONARY
borna	bcs	brána	brǎːna		IN_WIKTIONARY
borzdà	bcs	brázda	brǎːzda
bostì	bcs	bòsti	bǒsti
bòlto	bcs	blȁto	blâto		IN_WIKTIONARY
bȍršьno	bcs	brȁšno	brâʃno		IN_WIKTIONARY
bȏgъ	bcs	bȏg	bôːɡ		IN_WIKTIONARY
bȏlgo	bcs	blȃgo	blâːɡo		IN_WIKTIONARY
bȏlgъ	bcs	blȃg	blâːɡ		IN_WIKTIONARY
bȏlь	bcs	bȏl	bôːl		IN_WIKTIONARY
bȏrnь	bcs	brȃn	brâːn
bȏrvъ	bcs	brȃv	brâːʋ
bȏrъ	bcs	bȏr	bôːr		IN_WIKTIONARY
bȏsъ	bcs	bȏs	bôːs		IN_WIKTIONARY
bǫbьnъ	bcs	bȗbanj	bûːbaɲ		IN_WIKTIONARY
brę̀knǫti	bcs	bréknuti	brěːknuti
bridъkъ	bcs	brȉdak	brîdak		IN_WIKTIONARY
bričь	bcs	brȋč	brîːtʃ
brìti	bcs	brȉti	brîti		IN_WIKTIONARY
brìtva	bcs	brȉtva	brîtʋa
brodìti	bcs	bròditi	brǒditi
brȏdъ	bcs	brȏd	brôːd		IN_WIKTIONARY
brusьnica	bcs	brùsnica	brǔsnit͡sa
brutъ	bcs	brȕt	brût
bry	bcs	bȓv	br̂ːʋ
brysadlo	bcs	brȉsalo	brîsalo
brъstь	bcs	bȓst	br̂ːst
brьna	bcs	brna	brna	brna	SAME
brьnьje	bcs	brnje	brɲe	brɲe	SAME
brьvъnò	bcs	bŕvno	břːʋno
bujьnъ	bcs	bȗjan	bûːjan
bùr̨a	bcs	bȕra	bûra		IN_WIKTIONARY
bylьje	bcs	bȋlje	bîːʎe		IN_WIKTIONARY
bytьje	bcs	bíće	bǐːtɕe		IN_WIKTIONARY
byvati	bcs	bívati	bǐːʋati		IN_WIKTIONARY
bỳstrъ	bcs	bȉstar	bîstar		IN_WIKTIONARY
bỳti	bcs	bȉti	bîti		IN_WIKTIONARY
bādàti	bcs	bádati	bǎːdati
būdìti	bcs	búditi	bǔːditi		IN_WIKTIONARY
būčàti	bcs	búčat	bǔːtʃat
bъděti	bcs	bdjȅti	bdjêti		IN_WIKTIONARY
bъ̑rz	bcs	bȓz	br̂ːz		IN_WIKTIONARY
bьrati	bcs	brȁti	brâti		IN_WIKTIONARY
bьčelà	bcs	pčèla	pt͡ʃěla		IN_WIKTIONARY
cè̌sta	bcs	cȅsta	tsêsta
cělovàti	bcs	cjelòvati	tsjelǒʋati
cěvьnica	bcs	cjevànica	tsjeʋǎnitsa
cě̄dìti	bcs	cijèditi	tsijěditi
cě̄lìti	bcs	cijèliti	tsijěliti
cě̄nà	bcs	cijèna	tsijěna
cě̄nìti	bcs	cijeniti	t͡sijeniti	t͡sijeniti	SAME
cě̄và	bcs	cȋva	t͡sîːʋa
cě̑lъ	bcs	cȉo	tsîo		IN_WIKTIONARY
cě̑vь	bcs	cȉjev	tsîjeʋ
da	bcs	dȁ	dâ
dajati	bcs	dajȁt	dajât
dalèkъ	bcs	dàlek	dǎlek		IN_WIKTIONARY
datelь	bcs	dȁtelj	dâteʎ
davьnъ	bcs	dávan	dǎːʋan
dàti	bcs	dȁti	dâti		IN_WIKTIONARY
dȃnь	bcs	dan	dan	dan	SAME
dȃrъ	bcs	dȃr	dâːr		IN_WIKTIONARY
debelъ	bcs	dèbeo	děbeo		IN_WIKTIONARY
deltò	bcs	dlijèto	dlijěto
dertì	bcs	drijèti	drijěti
desętъ	bcs	dèsētī	dêseti		IN_WIKTIONARY
desiti	bcs	dèsiti	děsiti
devętъ	bcs	dèvētī	dêʋeti		IN_WIKTIONARY
dérnъ	bcs	drȉjen	drîjen
dē̌žà	bcs	díža	dǐːʒa
dělati	bcs	djȅlati	djêlati		IN_WIKTIONARY
děliti	bcs	dijèliti	dijěliti
dětę	bcs	dijète	dijěte
děti	bcs	djȅti	djêti
děvìca	bcs	djèvica	djěʋitsa
dě̀dъ	bcs	djȅd	djêd		IN_WIKTIONARY
dě̀lo	bcs	djȅlo	djêlo		IN_WIKTIONARY
dě̀va	bcs	djéva	djěːʋa		IN_WIKTIONARY
dě̀verь	bcs	djȅvēr	djêʋeːr
dě́lъ	bcs	dȉjel	dîjel
dȅsętь	bcs	dȅsēt	dêseːt
dȅsnъ	bcs	dèsnī	děsniː
dȅvętь	bcs	dȅvēt	dêʋeːt
dȇrvo	bcs	drȉjevo	drîjeʋo
dętelъ	bcs	djètao	djětao
divьnъ	bcs	dȋvan	dîːʋan		IN_WIKTIONARY
dȋvo	bcs	dȋvo	dîːʋo
do	bcs	dȍ	dô		IN_WIKTIONARY
doba	bcs	dȍba	dôba
dobrъ	bcs	dȍbar	dôbar		IN_WIKTIONARY
dojidlica	bcs	dòjilica	dǒjilitsa
dojìti	bcs	dòjiti	dǒjiti		IN_WIKTIONARY
dolъ	bcs	dȏ	dôː
domovъ	bcs	dómov	dǒːmoʋ
dòlnь	bcs	dlȁn	dlân
dòrga	bcs	drȁga	drâɡa		IN_WIKTIONARY
dȍma	bcs	dȍma	dôma		IN_WIKTIONARY
dȏmъ	bcs	dȏm	dôːm		IN_WIKTIONARY
dȏrgъ	bcs	drȃg	drâːɡ		IN_WIKTIONARY
dǫ̀ti	bcs	dȕti	dûti
dǭgà	bcs	dúga	dǔːɡa		IN_WIKTIONARY
dǫ̑bъ	bcs	dȗb	dûːb
drě̄màti	bcs	drijèmati	drijěmati
drobà	bcs	dróba	drǒːba
drobìna	bcs	dróba	drǒːba
drobìti	bcs	dròbiti	drǒbiti		IN_WIKTIONARY
drobъ	bcs	drȏb	drôːb
drobьnъ	bcs	drȍban	drôban
drozdъ	bcs	drȏzd	drôːzd
dročiti	bcs	drȍčiti	drôtʃiti
drǫ́gъ	bcs	drȗg	drûːɡ		IN_WIKTIONARY
drǫ́kъ	bcs	druk	druk	druk	SAME
družìna	bcs	drùžina	drǔʒina		IN_WIKTIONARY
drȗgъ	bcs	drȗg	drûːɡ		IN_WIKTIONARY
drāpàti	bcs	drápati	drǎːpati
drāžìti	bcs	drážiti	drǎːʒiti		IN_WIKTIONARY
drъ̏vo	bcs	dȑvo	dr̂ʋo		IN_WIKTIONARY
dunǫti	bcs	dúnuti	dǔːnuti		IN_WIKTIONARY
duplò	bcs	dúplo	dǔːplo
dupl̨a	bcs	dúplja	dǔːpʎa
durьnъ	bcs	dȗran	dûːran
dȗxъ	bcs	dȗh	dûːx
dva	bcs	dvȃ	dʋâː		IN_WIKTIONARY
dvojь	bcs	dvȍji	dʋôji
dvòrъ	bcs	dvȏr	dʋôːr		IN_WIKTIONARY
dvьrь	bcs	dvari	dʋari	dʋari	SAME
dỳmъ	bcs	dȉm	dîm		IN_WIKTIONARY
dāvàti	bcs	dávati	dǎːʋati		IN_WIKTIONARY
dāvìti	bcs	dáviti	dǎːʋiti		IN_WIKTIONARY
dīvìti sę	bcs	díviti se	dǐːʋiti
dūrìti sę	bcs	dúriti se	dǔːriti
dūxàti	bcs	dúhati	dǔːxati		IN_WIKTIONARY
dūšà	bcs	dúša	dǔːʃa		IN_WIKTIONARY
dъkti	bcs	kćȋ	ktɕîː		IN_WIKTIONARY
dъnò	bcs	dnȍ	dnô
dъva	bcs	dvȃ	dʋâː		IN_WIKTIONARY
dъvojь	bcs	dvȍji	dʋôji
dъxnǫti	bcs	dàhnuti	dǎxnuti		IN_WIKTIONARY
dъxъ	bcs	dȃh	dâːx
dъždžь	bcs	dȃžd	dâːʒd
dъ̑lgъ	bcs	dȗg	dûːɡ		IN_WIKTIONARY
dьbrь	bcs	debri	debri	debri	SAME
dьlbiti	bcs	dúbiti	dǔːbiti		IN_WIKTIONARY
dьlgotà	bcs	dugòta	duɡǒta
dьlti	bcs	dúpsti	dǔːpsti
dьnьsь	bcs	dànas	dǎnas		IN_WIKTIONARY
dьrati	bcs	dráti	drǎːti
dьrpati	bcs	dŕpati	dřːpati
dьrznǫti	bcs	dȑznuti	dr̂znuti		IN_WIKTIONARY
dьrzъkъ	bcs	dȑzak	dr̂zak		IN_WIKTIONARY
dьržati	bcs	dr̀žati	dřʒati		IN_WIKTIONARY
dь̀lgъ	bcs	dȕg	dûɡ
dь̑nь	bcs	dȃn	dâːn		IN_WIKTIONARY
elьcь	bcs	jálac	jǎːlat͡s
erębica	bcs	jerèbica	jerěbit͡sa
esmь	bcs	jèsam	jěsam
estь	bcs	jȅst	jêst
eto	bcs	ȅto	êto
ešče	bcs	jȍšt	jôʃt		IN_WIKTIONARY
ežina	bcs	jèžina	jěʒina
ežь	bcs	jȇž	jêːʒ		IN_WIKTIONARY
ědro	bcs	jȅdro	jêdro		IN_WIKTIONARY
ěrę	bcs	jȁre	jâre		IN_WIKTIONARY
ěrina	bcs	jȁrina	jârina
ěrostь	bcs	járōst	jǎːroːst
ěrъ	bcs	jȁra	jâra		IN_WIKTIONARY
ěrъka	bcs	jȁrka	jârka
ěrь	bcs	glȍta	ɡlôta
ěrьcь	bcs	jȁrac	jârats		IN_WIKTIONARY
ěsti	bcs	jȅsti	jêsti		IN_WIKTIONARY
ěxati	bcs	jȁhati	jâxati		IN_WIKTIONARY
ězda	bcs	jezda	jezda	jezda	SAME
ě̀snъ	bcs	jȁsan	jâsan
ě̀to	bcs	jȁto	jâto		IN_WIKTIONARY
ě̑dь	bcs	jȃd	jâːd
ě̑rъ	bcs	jȃr	jâːr		IN_WIKTIONARY
ȅsenь	bcs	jȅsēn	jêseːn		IN_WIKTIONARY
ȇ̌dъ	bcs	ȉjed	îjed
ędrъ	bcs	jédar	jěːdar
ęti	bcs	jéti	jěːti
ętry	bcs	jȇtrva	jêːtrʋa
ęzỳkъ	bcs	jèzik	jězik		IN_WIKTIONARY
ęčati	bcs	jéčati	jěːt͡ʃati		IN_WIKTIONARY
ęčьmy	bcs	jȅčmēn	jêtʃmeːn
gaditi	bcs	gȁditi	ɡâditi		IN_WIKTIONARY
gasnǫti	bcs	gȁsnuti	ɡâsnuti		IN_WIKTIONARY
gatati	bcs	gátati	ɡǎːtati
gàdъ	bcs	gȁd	ɡâd
gàziti	bcs	gȁziti	ɡâziti		IN_WIKTIONARY
glabati	bcs	glȁbati	ɡlâbati
glàdъkъ	bcs	glȁdak	ɡlâdak		IN_WIKTIONARY
glę̀dati	bcs	glȅdati	ɡlêdati		IN_WIKTIONARY
glìna	bcs	gnjȉla	ɡɲîla
glìva	bcs	gljȉva	ɡʎîʋa
globa	bcs	glȍba	ɡlôba
globati	bcs	glòbati	ɡlǒbati
globìti	bcs	glòbiti	ɡlǒbiti		IN_WIKTIONARY
glota	bcs	glȍta	ɡlôta
glògъ	bcs	glȍg	ɡlôɡ		IN_WIKTIONARY
glumiti	bcs	glúmiti	ɡlǔːmiti		IN_WIKTIONARY
glupъ	bcs	glȗp	ɡlûːp		IN_WIKTIONARY
glȗxъ	bcs	glȗh	ɡlûːx		IN_WIKTIONARY
glъtati	bcs	gùtati	ɡǔtati		IN_WIKTIONARY
glьjь	bcs	glȇj	ɡlêːj
gnestì	bcs	gnjèsti	ɡɲěsti
gně̀vъ	bcs	gnjȅv	ɡɲêʋ
gně̄zdò	bcs	gnijèzdo	ɡnijězdo
gnȏjь	bcs	gnȏj	ɡnôːj		IN_WIKTIONARY
gnusiti	bcs	gnúsiti	ɡnǔːsiti
gnusьnъ	bcs	gnȕsan	ɡnûsan		IN_WIKTIONARY
gnȗsъ	bcs	gnȗs	ɡnûːs
gńilъ	bcs	gnȉo	ɡnîo
gńìda	bcs	gnjȉda	ɡɲîda		IN_WIKTIONARY
gńìti	bcs	gnjȉti	ɡɲîti
gobino	bcs	gobino	ɡobino	ɡobino	SAME
godina	bcs	gȍdina	ɡôdina		IN_WIKTIONARY
goditi	bcs	gòditi	ɡǒditi		IN_WIKTIONARY
godъ	bcs	gȏd	ɡôːd		IN_WIKTIONARY
godьnъ	bcs	gȍdan	ɡôdan
gojiti	bcs	gòjiti	ɡǒjiti		IN_WIKTIONARY
golěmъ	bcs	gòlem	ɡǒlem		IN_WIKTIONARY
golěnь	bcs	gȍlijen	ɡôlijen
golgolati	bcs	glagòlati	ɡlaɡǒlati
golgolъ	bcs	glágolj	ɡlǎːɡoʎ		IN_WIKTIONARY
golota	bcs	golòta	ɡolǒta
golǫbъ	bcs	golùbijī	ɡolǔbijiː
golvà	bcs	gláva	ɡlǎːʋa		IN_WIKTIONARY
gonìti	bcs	gòniti	ɡǒniti		IN_WIKTIONARY
gorà	bcs	gòra	ɡǒra		IN_WIKTIONARY
gorěti	bcs	gòrjeti	ɡǒrjeti		IN_WIKTIONARY
gorьjь	bcs	gȍrī	ɡôriː
gorьkъ	bcs	górak	ɡǒːrak		IN_WIKTIONARY
gospodinъ	bcs	gospòdin	ɡospǒdin		IN_WIKTIONARY
gospodь	bcs	gȍspōd	ɡôspoːd
gověti	bcs	gòvjeti	ɡǒʋjeti
govę̀do	bcs	gòvedo	ɡǒʋedo		IN_WIKTIONARY
govorìti	bcs	govòriti	ɡoʋǒriti		IN_WIKTIONARY
govorъ	bcs	gȍvōr	ɡôvoːr		IN_WIKTIONARY
govьnò	bcs	góvno	ɡǒːʋno		IN_WIKTIONARY
gòlъ	bcs	gȏ	ɡôː		IN_WIKTIONARY
gòrxъ	bcs	grȁh	ɡrâx		IN_WIKTIONARY
gȍlǫbь	bcs	gȍlūb	ɡôluːb
gȏjь	bcs	gȏj	ɡôːj
gȏldъ	bcs	glȃd	ɡlâːd		IN_WIKTIONARY
gȏlsъ	bcs	glȃs	ˈɡlaːs		IN_WIKTIONARY
gȏrdъ	bcs	grȃd	ɡrâːd		IN_WIKTIONARY
gȏstь	bcs	gȏst	ɡôːst		IN_WIKTIONARY
gǫsti	bcs	gústi	ɡǔːsti
gǫ̀ba	bcs	gȕba	ɡûba
gǫ̑stъ	bcs	gȗst	ɡûːst		IN_WIKTIONARY
grajati	bcs	grȁjati	ɡrâjati
grakati	bcs	grákati	ɡrǎːkati
gramada	bcs	gramáda	ɡramǎːda
gràbiti	bcs	grȁbiti	ɡrâbiti		IN_WIKTIONARY
gràdъ	bcs	grȁd	ɡrâd
grebenь	bcs	grȅben	ɡrêben
greti	bcs	grèpsti	ɡrěpsti
grějati	bcs	grȅjati	ɡrêjati
grěti	bcs	grȅjati	ɡrêjati
grě́xъ	bcs	grȉjeh	ɡrîjex
gręsti	bcs	grèsti	ɡrěsti
grę̄dà	bcs	gréda	ɡrěːda
grę̑znǫti	bcs	grȅznuti	ɡrêznuti
grę̑zь	bcs	grȇz	ɡrêːz
gribati	bcs	gribati	ɡribati	ɡribati	SAME
grivьna	bcs	grȋvna	ɡrîːʋna
grìva	bcs	grȉva	ɡrîʋa		IN_WIKTIONARY
grobъ	bcs	grȍb	ɡrôb		IN_WIKTIONARY
gromada	bcs	gromáda	ɡromǎːda
grozà	bcs	gròza	ɡrǒza
grozdьje	bcs	grȏzđe	ɡrôːzd͡ʑe
groziti	bcs	gròziti	ɡrǒziti		IN_WIKTIONARY
grozьnъ	bcs	grȏzan	ɡrôːzan		IN_WIKTIONARY
gròzdъ	bcs	grȏzd	ɡrôːzd
grȏmъ	bcs	grȏm	ɡrôːm		IN_WIKTIONARY
grǫziti	bcs	grȕziti	ɡrûziti
grǫ̑dь	bcs	grȗd	ɡrûːd
grỳzti	bcs	grȉsti	ɡrîsti		IN_WIKTIONARY
grъměždžь	bcs	kr̀mēlj	křmeːʎ	křmeːʎ	SAME
grъmъ	bcs	gȓm	ɡr̂ːm
grьměti	bcs	gr̀mljeti	[ɡř̩mʎeti]		CORRECTED
gubìti	bcs	gùbiti	ɡǔbiti		IN_WIKTIONARY
gumьnò	bcs	gúmno	ɡǔːmno
gvě̄zdà	bcs	zvijèzda	zʋijězda
gybati	bcs	gíbati	ɡǐːbati		IN_WIKTIONARY
gyža	bcs	gȉža	ɡîʒa
gỳnǫti	bcs	gȉnuti	ɡînuti		IN_WIKTIONARY
gāsìti	bcs	gásiti	ɡǎːsiti		IN_WIKTIONARY
gъnàti	bcs	gnȁti	ɡnâti
gъnǫti	bcs	gànuti	ɡǎnuti		IN_WIKTIONARY
gъrkati	bcs	grkati	ˈɡrkati	ɡrkati	DIFFERENT
gъ̀rdlo	bcs	gȑlo	ɡr̂lo		IN_WIKTIONARY
gъ̑rdъ	bcs	gȓd	ɡr̂ːd		IN_WIKTIONARY
gъ̑rstь	bcs	gȓst	ɡr̩̂ːst		IN_WIKTIONARY
i	bcs	i	i	i	SAME
jùgъ	bcs	jȕg	jûɡ		IN_WIKTIONARY
jȗnъ	bcs	jun	jun	jun	SAME
jūxà	bcs	júha	jǔːxa		IN_WIKTIONARY
jьgrati	bcs	ìgrati	ǐɡrati
jьgъlà	bcs	ìgla	ǐɡla		IN_WIKTIONARY
jьlъ	bcs	il	il	il	SAME
jьmàti	bcs	ìmati	ǐmati		IN_WIKTIONARY
jьměti	bcs	imjeti	imjeti	imjeti	SAME
jьmę	bcs	ȉme	îme		IN_WIKTIONARY
jьnogъ	bcs	ineg	ˈineɡ	ineɡ	DIFFERENT
jь̑go	bcs	igo	ˈiɡo	iɡo	DIFFERENT
kadìdlo	bcs	kàdilo	kǎdilo		IN_WIKTIONARY
kakъ	bcs	kàkī	kǎkiː
kaliti	bcs	káliti	kǎːliti		IN_WIKTIONARY
kamy	bcs	kȁmēn	kâmeːn		IN_WIKTIONARY
kara	bcs	kára	kǎːra
karati	bcs	kárati	kǎːrati		IN_WIKTIONARY
kasati	bcs	kȁsati	kâsati		IN_WIKTIONARY
kazati	bcs	kázati	kǎːzati		IN_WIKTIONARY
kaziti	bcs	kazíti	kazǐːti
kaznь	bcs	kȃzn	kâːzn
kašl̨ati	bcs	kàšljati	kǎʃʎati		IN_WIKTIONARY
kašlь	bcs	kȁšalj	kâʃaʎ
kašьl̨ati	bcs	kàšljati	kǎʃʎati		IN_WIKTIONARY
kašьlь	bcs	kȁšalj	kâʃaʎ
kàjati	bcs	kȁjati	kâjati		IN_WIKTIONARY
kȃlъ	bcs	kȃl	kâːl		IN_WIKTIONARY
klasti	bcs	klȁsti	klâsti
klějь	bcs	klȉja	klîja
klětь	bcs	klȉjet	klîjet
klěšča	bcs	klijèšta	klijěʃta
klěščiti	bcs	klijèštiti	klijěʃtiti
klęčati	bcs	kléčati	klěːt͡ʃati
klikъ	bcs	klȋk	klîːk
klìknǫti	bcs	klȉknuti	klîknuti		IN_WIKTIONARY
klokotati	bcs	klokòtati	klokǒtati
kl̨učiti	bcs	kljùčiti	kʎǔtʃiti
kl̨ùka	bcs	kljȕka	kʎûka
kl̨účь	bcs	kljȗč	kʎûːtʃ		IN_WIKTIONARY
kobь	bcs	kȏb	kôːb		IN_WIKTIONARY
kobьcь	bcs	kòbac	kǒbat͡s
kojariti	bcs	kojáriti	kojǎːriti
kokotъ	bcs	kȍkōt	kôkoːt
kokošь	bcs	kȍkōš	kôkoːʃ
kolě̀no	bcs	kòljeno	kǒʎeno		IN_WIKTIONARY
koliko	bcs	kȍliko 	kôliko 
kolo	bcs	kȍlo	kôlo		IN_WIKTIONARY
kolti	bcs	klȁti	klâti		IN_WIKTIONARY
koltiti	bcs	klátiti	klǎːtiti
konъ	bcs	kȍn	kôn
konьcь	bcs	kònac	kǒnats		IN_WIKTIONARY
kopa	bcs	kȍpa	kôpa
kopati	bcs	kòpati	kǒpati		IN_WIKTIONARY
koprъ	bcs	kȍpar	kôpar		IN_WIKTIONARY
kopьje	bcs	kòplje	kǒpʎe
korà	bcs	kȍra	kôra		IN_WIKTIONARY
korenь	bcs	kȍrijen	kôrijen
korica	bcs	kȍrica	kôrit͡sa
korìti	bcs	kòriti	kǒriti		IN_WIKTIONARY
kortъkъ	bcs	krátak	krǎːtak
korỳto	bcs	kòrito	kǒrito
korъ	bcs	kȏr	kôːr
korьcь	bcs	kòrac	kǒrat͡s
kosà	bcs	kòsa	kǒsa		IN_WIKTIONARY
kosnǫti sę	bcs	kosnuti se	kosnuti
kotìti sę	bcs	kòtiti 	kǒtiti
kotъ	bcs	kȏt	kôːt
kotьcь	bcs	kòtac	kǒtat͡s		IN_WIKTIONARY
kovati	bcs	kòvati	kǒʋati		IN_WIKTIONARY
kozà	bcs	kòza	kǒza		IN_WIKTIONARY
kozьlъ	bcs	kò̀zao	kǒzao
kòlda	bcs	klȁda	klâda		IN_WIKTIONARY
kòn̨ь	bcs	kȍnj	kôɲ		IN_WIKTIONARY
kòrsta	bcs	krȁsta	krâsta
kòrva	bcs	krȁva	krâʋa		IN_WIKTIONARY
kòšь	bcs	kȍš	kôʃ
kòža	bcs	kȍža	kôʒa		IN_WIKTIONARY
kórtъ	bcs	krȃt	krâːt
kȏlsъ	bcs	klȃs	klâːs		IN_WIKTIONARY
kȏstь	bcs	kȏst	kôːst
kȏsъ	bcs	kȏs	kôːs		IN_WIKTIONARY
kǫda	bcs	kùdā	kǔdaː
kǫpina	bcs	kopína	kopǐːna
kǫsati	bcs	kúsati	kǔːsati
kǫtja	bcs	kȕća	kût͡ɕa		IN_WIKTIONARY
kǫ́tъ	bcs	kȗt	kûːt		IN_WIKTIONARY
kǫ̑sъ	bcs	kȗs	kûːs		IN_WIKTIONARY
krajь	bcs	krȃj	krâːj		IN_WIKTIONARY
krakati	bcs	krákati	krǎːkati
krasà	bcs	krása	krǎːsa
krasti	bcs	krȁsti	krâsti		IN_WIKTIONARY
krasьnъ	bcs	krȃsan	krâːsan
kremy	bcs	krȅmēn	krêmeːn		IN_WIKTIONARY
krěpъ	bcs	krȉjep	krîjep
krěpъkъ	bcs	krȅpak	krêpak		IN_WIKTIONARY
krinica	bcs	krȋnica	krîːnit͡sa
kričati	bcs	kríčati	krǐːt͡ʃati
krȋkъ	bcs	krȋk	krîːk
krojiti	bcs	kròjiti	krǒjiti		IN_WIKTIONARY
kropiti	bcs	kròpiti	krǒpiti
krotiti	bcs	kròtiti	krǒtiti		IN_WIKTIONARY
krotъkъ	bcs	krȍtak	krôtak
krovъ	bcs	krȏv	krôːʋ
krȍsno	bcs	krȍsno	krôsno
krǫglъ	bcs	krȗgao	krûːɡao
krǫtiti	bcs	krútiti	krǔːtiti		IN_WIKTIONARY
krǫtъ	bcs	krȗt	krûːt		IN_WIKTIONARY
krǫčina	bcs	kručina	krut͡ʃina	krutʃina	DIFFERENT
krǫ̑gъ	bcs	krȗg	krûːɡ
krupьnъ	bcs	krúpan	krǔːpan		IN_WIKTIONARY
kruxъ	bcs	krȕh	krûx		IN_WIKTIONARY
kry	bcs	kȓv	kr̂ːʋ		IN_WIKTIONARY
krỳti	bcs	krȉti	krîti		IN_WIKTIONARY
krīdlò	bcs	krílo	krǐːlo		IN_WIKTIONARY
krūpà	bcs	krúpa	krǔːpa		IN_WIKTIONARY
krъvьnъ	bcs	kȓvnī	kr̂ːʋniː		IN_WIKTIONARY
kujati	bcs	kȕjati	kûjati
kuka	bcs	kȕka	kûka		IN_WIKTIONARY
kukati	bcs	kȕkati	kûkati		IN_WIKTIONARY
kukonosъ	bcs	kukònos	kukǒnos
kurъ	bcs	kȕr	kûr
kutiti	bcs	kútiti	kǔːtiti
kuča	bcs	kúča	kǔːtʃa
kùditi	bcs	kȕditi	kûditi
kùpъ	bcs	kȕp	kûp
kvȃsъ	bcs	kvȃs	kʋâːs		IN_WIKTIONARY
kvě̑tъ	bcs	cvȉjet	tsʋîjet
kvisti	bcs	cvàsti	tsʋǎsti
kydati	bcs	kȉdati	kîdati		IN_WIKTIONARY
kydnǫti sę	bcs	kȉnuti se	kînuti se
kyjь	bcs	kij	kij	kij	SAME
kypě̀ti	bcs	kípjeti	kǐːpjeti		IN_WIKTIONARY
kysati	bcs	kisati	kisati	kisati	SAME
kyslъ	bcs	kȉsao	kîsao		IN_WIKTIONARY
kysьlъ	bcs	kȉsao	kîsao		IN_WIKTIONARY
kyxati	bcs	kíhati	kǐːxati		IN_WIKTIONARY
kỳla	bcs	kȉla	kîla
kādìti	bcs	káditi	kǎːditi
kūrìti	bcs	kúriti	kǔːriti
kъ	bcs	k	k		IN_WIKTIONARY
kъde	bcs	gdjȅ	ɡdjê
kъjь	bcs	kòjī	kǒjiː		IN_WIKTIONARY
kъlpь	bcs	kȗp	kûːp
kъlъ	bcs	kȃl	kâːl		IN_WIKTIONARY
kъn	bcs	k	k		IN_WIKTIONARY
kъrkati	bcs	kŕkati	křːkati
kъrknǫti	bcs	kȑknuti	kr̂knuti		IN_WIKTIONARY
kъrma	bcs	kŕma	křːma		IN_WIKTIONARY
kъrnъ	bcs	kȓn	kr̂ːn
kъrzno	bcs	kŕzno	křːzno		IN_WIKTIONARY
kъsьnъ	bcs	kȁsan	kâsan		IN_WIKTIONARY
kъto	bcs	tkȍ	tkô		IN_WIKTIONARY
kъxati	bcs	kȁhati	kâxati
kъxnǫti	bcs	kȁhnuti	kâxnuti
kъ̀rpa	bcs	kȑpa	kr̂pa
lamъ	bcs	lȃm	lâːm
lazъ	bcs	lȁz	lâz
làjati	bcs	lȁjati	lâjati		IN_WIKTIONARY
làpa	bcs	lȁpa	lâpa
làska	bcs	lȁska	lâska
làskati	bcs	lȁskati	lâskati		IN_WIKTIONARY
làziti	bcs	lȁziti	lâziti		IN_WIKTIONARY
legti	bcs	lèći	lětɕi
letěti	bcs	lètjeti	lětjeti		IN_WIKTIONARY
ležàti	bcs	lèžati	lěʒati		IN_WIKTIONARY
lěgati	bcs	lijègati	lijěɡati
lěnìvъ	bcs	ljèniv	ʎěniʋ
lěnъ	bcs	lȉjen	lîjen
lěnь	bcs	lȉjen	lîjen
lěpiti	bcs	lijèpiti	lijěpiti
lěviti	bcs	léviti	lěːʋiti
lě̀to	bcs	ljȅto	ʎêto		IN_WIKTIONARY
lě̀zti	bcs	ljȅsti	ʎêsti
lě̑pъ	bcs	lȉjep	lîjep
lě̑sъ	bcs	lȉjes	lîjes
lě̑vъ	bcs	lȉjevī	lîjeʋiː
lě̑xà	bcs	lijèha	lijěxa		IN_WIKTIONARY
lȇdъ	bcs	lȇd	lêːd		IN_WIKTIONARY
lisìca	bcs	lìsica	lǐsitsa		IN_WIKTIONARY
lisъ	bcs	lȋs	lîːs
lixo	bcs	lȋho	lîːxo
lixъ	bcs	lȉh	lîx
lišiti	bcs	líšit	lǐːʃit
lìti	bcs	lȉti	lîti		IN_WIKTIONARY
lobъzati	bcs	lobzbȁt	lobzbât
lokati	bcs	lòkati	lǒkati		IN_WIKTIONARY
loky	bcs	lȍkva	lôkʋa		IN_WIKTIONARY
lomìti	bcs	lòmiti	lǒmiti		IN_WIKTIONARY
lopàta	bcs	lòpata	lǒpata		IN_WIKTIONARY
lovìti	bcs	lòviti	lǒʋiti		IN_WIKTIONARY
lozà	bcs	lòza	lǒza
lošь	bcs	lȍš	lôʃ		IN_WIKTIONARY
lože	bcs	lȍže	lôʒe
ložìti	bcs	lòžiti	lǒʒiti		IN_WIKTIONARY
lȏgъ	bcs	lȏg	lôːɡ		IN_WIKTIONARY
lȏjь	bcs	lȏj	lôːj		IN_WIKTIONARY
lȏvъ	bcs	lȏv	lôːʋ		IN_WIKTIONARY
lǫkàvъ	bcs	lùkav	lǔkaʋ
lǭčìti	bcs	lúčiti	lǔːtʃiti		IN_WIKTIONARY
lǫ̑gъ	bcs	lȗg	lûːɡ
lǫ̑kъ	bcs	lȗk	lûːk
ludъ	bcs	lȗd	lûːd		IN_WIKTIONARY
lunà	bcs	lúna	lǔːna
luska	bcs	ljȕska	ʎûska
luskati	bcs	ljȕskati	ʎûskati
luspa	bcs	ljȕspa	ʎûspa
luzga	bcs	luzga	ˈluzɡa	luzɡa	DIFFERENT
lučiti	bcs	lúčiti	lǔːtʃiti		IN_WIKTIONARY
luščiti	bcs	ljúštiti	ʎǔːʃtiti		IN_WIKTIONARY
lùža	bcs	lȕža	lûʒa
lȗbъ	bcs	lȗb	lûːb
lysъ	bcs	lȋs	lîːs
līcè	bcs	líce	lǐːtse		IN_WIKTIONARY
līzàti	bcs	lízati	lǐːzati		IN_WIKTIONARY
lǭkà	bcs	lúka	lǔːka		IN_WIKTIONARY
lūčà	bcs	lȕča	lûtʃa
l̨ubo	bcs	ljubo	ʎubo	ʎubo	SAME
l̨uby	bcs	ljúbav	ʎǔːbaʋ		IN_WIKTIONARY
l̨ubъ	bcs	ljub	ʎub	ʎub	SAME
l̨utiti	bcs	ljútiti	ʎǔːtiti		IN_WIKTIONARY
l̨utъ	bcs	ljȗt	ʎûːt		IN_WIKTIONARY
l̨ȗdьje	bcs	ljȗdi	ʎûːdi		IN_WIKTIONARY
l̨ūbìti	bcs	ljúbiti	ʎǔːbiti		IN_WIKTIONARY
lъgati	bcs	làgati	lǎɡati		IN_WIKTIONARY
lъža	bcs	làža	lǎʒa
lъžь	bcs	lȃž	lâːʒ		IN_WIKTIONARY
lьgъkъ	bcs	lȁk	lâk		IN_WIKTIONARY
lьjati	bcs	lijati	lijati	lijati	SAME
lьněnъ	bcs	lȁnen	lânen
lь̑nъ	bcs	lȁn	lân
lь̑stь	bcs	last	last	last	SAME
malъkъ	bcs	mȁlak	mâlak
manǫti	bcs	manúti	manǔːti
materьstvo	bcs	materstvo	materstʋo	materstʋo	SAME
màkъ	bcs	mȁk	mâk		IN_WIKTIONARY
màlъ	bcs	mȁo	mâo
màslo	bcs	mȁslo	mâslo		IN_WIKTIONARY
màti	bcs	mȁti	mâti		IN_WIKTIONARY
màzati	bcs	mȁzati	mâzati		IN_WIKTIONARY
mȃmъ	bcs	mȃm	mâːm
mȃstь	bcs	mȃst	mâːst		IN_WIKTIONARY
medjà	bcs	mèđa	mědʑa		IN_WIKTIONARY
medju	bcs	mȅđu	mêdʑu		IN_WIKTIONARY
medojědъ	bcs	mȅdojēd	mêdojeːd
medvà	bcs	mèdva	mědʋa
medvě̀dь	bcs	mèdvjed	mědʋjed		IN_WIKTIONARY
melkò	bcs	mlijèko	mlijěko
melti	bcs	mljȅti	mʎêti		IN_WIKTIONARY
melzti	bcs	mȕsti	mûsti		IN_WIKTIONARY
mene	bcs	méne	měːne
merti	bcs	mrijèti	mrijěti
mestì	bcs	mèsti	městi
metàti	bcs	mètati	mětati		IN_WIKTIONARY
mèrža	bcs	mrȅža	mrêʒa
měna	bcs	mijèna	mijěna
měniti	bcs	mijeniti	mijeniti
mě̀dь	bcs	mjȅd	mjêd
mě̀ra	bcs	mjȅra	mjêra		IN_WIKTIONARY
mě̀riti	bcs	mjȅriti	mjêriti		IN_WIKTIONARY
mě̀sęcь	bcs	mjȅsēc	mjêseːts		IN_WIKTIONARY
mě̀sto	bcs	mjȅsto	mjêsto		IN_WIKTIONARY
mě̄zgà	bcs	mézga	měːzɡa
mě̑sìti	bcs	mijèsiti	mijěsiti
mȇdъ	bcs	mȇd	mêːd		IN_WIKTIONARY
mę	bcs	me	me	me	SAME
męknǫti	bcs	mȅknuti	mêknuti
mękъkъ	bcs	mȅk	mêk		IN_WIKTIONARY
męsti	bcs	mésti	měːsti
mę̑so	bcs	mȇso	mêːso		IN_WIKTIONARY
migati	bcs	mȉgati	mîɡati
mimo	bcs	mȉmo	mîmo		IN_WIKTIONARY
minovati	bcs	minòvati	minǒʋati
minǫti	bcs	mínuti	mǐːnuti		IN_WIKTIONARY
mirъ	bcs	mȋr	mîːr		IN_WIKTIONARY
mitě	bcs	míće	mǐːtɕe
mižati	bcs	míždati	mǐːʒdati
mìlъ	bcs	mȉo	mîo		IN_WIKTIONARY
mȋgъ	bcs	mȋg	mîːɡ
modliti	bcs	mòliti	mǒliti		IN_WIKTIONARY
modrъ	bcs	mȍdar	môdar		IN_WIKTIONARY
mogti	bcs	mòći	mǒtɕi
mogtь	bcs	mȏć	môːtɕ		IN_WIKTIONARY
mojь	bcs	mȏj	môːj		IN_WIKTIONARY
mokrъ	bcs	mȍkar	môkar		IN_WIKTIONARY
moldenьcь	bcs	mlȁdjenac	mlâdjenats
moldъ	bcs	mlȃd	mlâːd		IN_WIKTIONARY
moldьnъ	bcs	mlȁdan	mlâdan
moltiti	bcs	mlátiti	mlǎːtiti		IN_WIKTIONARY
molь	bcs	mȍlj	môʎ
monisto	bcs	monisto	[monisto]		CORRECTED
morà	bcs	mòra	mǒra
morvi	bcs	mrȃv	mrâːʋ
morъ	bcs	mȏr	môːr
motati	bcs	mòtati	mǒtati		IN_WIKTIONARY
motriti	bcs	mòtriti	mǒtriti		IN_WIKTIONARY
motyka	bcs	motiška	motiʃka	motiʃka	SAME
močìti	bcs	mòčiti	mǒtʃiti		IN_WIKTIONARY
mošьna	bcs	mȍšnja	môʃɲa
moždžanъ	bcs	mòždanī	mǒʒdaniː
mòrzъ	bcs	mrȁz	mrâz		IN_WIKTIONARY
mȍr̨e	bcs	mȍre	môre
mȏltъ	bcs	mlȃt	mlâːt		IN_WIKTIONARY
mȏrkъ	bcs	mrȃk	mrâːk		IN_WIKTIONARY
mȏstъ	bcs	mȏst	môːst		IN_WIKTIONARY
mȏzgъ	bcs	mȍzak	môzak
mǫ̀ka	bcs	mȕka	mûka		IN_WIKTIONARY
mǫ̀čiti	bcs	mȕčiti	mûtʃiti		IN_WIKTIONARY
mǫ́drъ	bcs	múdar	mǔːdar		IN_WIKTIONARY
mǭtìti	bcs	mútiti	mǔːtiti		IN_WIKTIONARY
mǫ̑žь	bcs	mȗž	mûːʒ		IN_WIKTIONARY
mùxa	bcs	mùha	mǔxa		IN_WIKTIONARY
my	bcs	mȋ	mîː		IN_WIKTIONARY
mykati	bcs	míkati	mǐːkati
myšьca	bcs	mȉšca	mîʃtsa
mỳdlo	bcs	mȉlo	mîlo		IN_WIKTIONARY
mỳti	bcs	mȉti	mîti		IN_WIKTIONARY
mỳšь	bcs	mȉš	mîʃ		IN_WIKTIONARY
my̑slь	bcs	mȋsao	mîːsao		IN_WIKTIONARY
māxàti	bcs	máhati	mǎːxati		IN_WIKTIONARY
mǭkà	bcs	múka	mǔːka
mъdьlь	bcs	madal	madal	madal	SAME
mъdьlьnъ	bcs	mlȇdan	mlêːdan
mъknǫti	bcs	màknuti	mǎknuti		IN_WIKTIONARY
mъldni	bcs	múnja	mǔːɲa		IN_WIKTIONARY
mъnogъ	bcs	mnȍgī	mnôɡiː		IN_WIKTIONARY
mъrky	bcs	mȑkva	mr̂kʋa		IN_WIKTIONARY
mъrmiti	bcs	mrmljiti	[mr̩mʎiti]		CORRECTED
mъrmrati	bcs	mr̀mrati	[mř̩mrati]		CORRECTED
mъrmъrati	bcs	mr̀mrati	[mř̩mrati]		CORRECTED
mъxa	bcs	máha	mǎːxa
mъxъ	bcs	mȃh	mâːx
mъždžiti	bcs	màžđiti	mǎʒd͡ʑiti
mьgnǫti	bcs	màgnuti	mǎɡnuti
mьlčàti	bcs	múčati	mǔːtʃati		IN_WIKTIONARY
mьněti	bcs	mnjeti	mɲeti	mɲeti	SAME
mьn̨e	bcs	mȁnjē	mâɲeː
mьn̨eje	bcs	mȁnjē	mâɲeː
mьn̨ьjь	bcs	mȁnjī	mâɲiː
mьrknǫti	bcs	mȑknuti	mr̂knuti
mьrkъ	bcs	mrk	mrk	mrk	SAME
mьrzěti	bcs	mŕzjeti	mřːzjeti
mьrziti	bcs	mŕziti	mřːziti		IN_WIKTIONARY
mьrznǫti	bcs	mȑznuti	mr̂znuti
mьstiti	bcs	mǝstíti	məstǐːti
mьzdà	bcs	màzda	mǎzda
mь̀rkъ	bcs	mr̀kī	mřkiː	mřkiː	SAME
mь̀rtvъ	bcs	mr̀tav	mřtaʋ		IN_WIKTIONARY
na	bcs	na	na		IN_WIKTIONARY
nadъ	bcs	nad	nad
nasъ	bcs	nȃs	nâːs		IN_WIKTIONARY
naustiti	bcs	naustiti	naustiti	naustiti	SAME
načęti	bcs	nàčēti	nǎtʃeːti
náglъ	bcs	nȃgao	nâːɡao
nȃgъ	bcs	nȃg	nâːɡ		IN_WIKTIONARY
ne	bcs	ne	ne		IN_WIKTIONARY
nebogъ	bcs	nèbōg	něboːɡ
negodovati	bcs	nègodovati	něɡodoʋati		IN_WIKTIONARY
nejęsytь	bcs	nesit	ˈnɛsit	nesit	DIFFERENT
nestera	bcs	nèstera	něstera
nestì	bcs	nèsti	něsti
netьjь	bcs	nȅćāk	nêtɕaːk		IN_WIKTIONARY
nevě̀sta	bcs	nèvjesta	něʋjesta		IN_WIKTIONARY
nevodъ	bcs	nevod	ˈnɛvod	neʋod	DIFFERENT
neže	bcs	neže	neʒe	neʒe	SAME
nȅbo	bcs	nȅbo	ˈnêbo		IN_WIKTIONARY
ni	bcs	ni	ni	ni	SAME
niknǫti	bcs	nȉknuti	nîknuti		IN_WIKTIONARY
ničati	bcs	ničati	nitʃati	nitʃati	SAME
nìtь	bcs	nȉt	nît
nìščь	bcs	nȉšt	nîʃt
nogà	bcs	nòga	nǒɡa
nogъtь	bcs	nȍkat	nôkat
nosìti	bcs	nòsiti	nǒsiti		IN_WIKTIONARY
novákъ	bcs	nòvāk	nǒʋaːk		IN_WIKTIONARY
nòvъ	bcs	nȍv	nôʋ		IN_WIKTIONARY
nòžь	bcs	nȏž	nôːʒ
nȏktь	bcs	nȏć	nôːtɕ		IN_WIKTIONARY
nȏsъ	bcs	nȏs	nôːs		IN_WIKTIONARY
nuriti	bcs	núriti	nǔːriti
nāròdъ	bcs	národ	nǎːrod		IN_WIKTIONARY
ob	bcs	o	o		IN_WIKTIONARY
oba	bcs	ȍba	ôba		IN_WIKTIONARY
obětjati	bcs	obèćati	obět͡ɕati		IN_WIKTIONARY
obolkъ	bcs	ȍblāk	ôblaːk		IN_WIKTIONARY
obrěsti	bcs	obresti	[obresti]		CORRECTED
obuti	bcs	òbuti	ǒbuti		IN_WIKTIONARY
obьlъ	bcs	ȍbao	ôbao		IN_WIKTIONARY
obьtjь	bcs	ȍpćī	ôptɕiː		IN_WIKTIONARY
odolě̀ti	bcs	odòljeti	odǒʎeti		IN_WIKTIONARY
oje	bcs	óje	ǒːje
okъnò	bcs	òkno	ǒkno		IN_WIKTIONARY
oldi	bcs	lȃđa	lâːdʑa		IN_WIKTIONARY
olni	bcs	lȃni	lâːni
onъ	bcs	ȍn	ôn
oràti	bcs	òrati	ǒrati		IN_WIKTIONARY
orbiti	bcs	rábiti	rǎːbiti		IN_WIKTIONARY
orbòta	bcs	ràbota	rǎbota		IN_WIKTIONARY
orbъ	bcs	rȍb	rôb		IN_WIKTIONARY
orě̀xъ	bcs	òrah	ǒrax		IN_WIKTIONARY
orkỳta	bcs	ràkita	rǎkita
orǫdьje	bcs	òrūžđe	ǒruːʒd͡ʑe
orsti	bcs	rásti	rǎːsti
ortь	bcs	rȁt	rât		IN_WIKTIONARY
orz	bcs	raz-	raz	raz	SAME
orь̀lъ	bcs	òrao	ǒrao		IN_WIKTIONARY
osà	bcs	òsa	ǒsa
osmъ	bcs	ȏsmī	ôsmiː		IN_WIKTIONARY
osnòvā	bcs	òsnova	ǒsnoʋa
ostrovъ	bcs	ȍstrov	ôstroʋ
ostrъ	bcs	ȍštar	ôʃtar		IN_WIKTIONARY
ostь̀nъ	bcs	òstan	ǒstan
osь̀lъ	bcs	òsao	ǒsao
ot	bcs	od	od
otjutiti	bcs	ćútjeti	tɕǔːtjeti		IN_WIKTIONARY
otrokъ	bcs	otrȍk	otrôk
otvorìti	bcs	otvòriti	otʋǒriti		IN_WIKTIONARY
otъ	bcs	od	od
otъvorìti	bcs	otvòriti	otʋǒriti		IN_WIKTIONARY
otьcь	bcs	òtac	ǒtat͡s		IN_WIKTIONARY
ovъ	bcs	òvāj	ǒʋaːj		IN_WIKTIONARY
ovьcà	bcs	óvca	ǒːʋtsa		IN_WIKTIONARY
ovьnъ	bcs	òvan	ǒʋan
ovь̀sъ	bcs	òvas	ǒʋas		IN_WIKTIONARY
òdrъ	bcs	òdar	ǒdar
ògn'ь	bcs	òganj	ǒɡaɲ		IN_WIKTIONARY
òlkomъ	bcs	lȁkom	lâkom		IN_WIKTIONARY
òlkomъjь	bcs	lȁkom	lâkom		IN_WIKTIONARY
òlni	bcs	làne	lǎne
òlčьnъ	bcs	lȁčan	lâtʃan		IN_WIKTIONARY
òrdlo	bcs	rȁlo	râlo		IN_WIKTIONARY
òrkъ	bcs	rȁk	râk
òrtajь	bcs	ràtaj	rǎtaj
òsmь	bcs	ȍsam	ôsam		IN_WIKTIONARY
ȍko	bcs	ȍko	ôko		IN_WIKTIONARY
ȍlovo	bcs	ȍlovo	ôloʋo		IN_WIKTIONARY
ȏstь	bcs	ȍsti	ôsti
ȏsь	bcs	ȏs	ôːs		IN_WIKTIONARY
ǫgorь	bcs	ȕgor	ûɡor
ǫtrь	bcs	unútar	unǔːtar
ǫty	bcs	ȕtva	ûtʋa
ǫziti	bcs	úziti	ǔːziti
ǫzъkъ	bcs	ȕzak	ûzak		IN_WIKTIONARY
ǫ̀glь	bcs	ȕgalj	ûɡaʎ		IN_WIKTIONARY
ǫ̀zlъ	bcs	ȕzao	ûzao
ǫ́žь	bcs	u̯õš	u
ǫ̑gъlъ	bcs	ȕgal	ûɡal
palica	bcs	pȁlica	pâlitsa		IN_WIKTIONARY
palьcь	bcs	pȁlac	pâlat͡s		IN_WIKTIONARY
pasti	bcs	pȁsti	pâsti		IN_WIKTIONARY
paxati	bcs	pȁhati	pâxati
pazduxa	bcs	pȁzuho	pâzuxo		IN_WIKTIONARY
paziti	bcs	pȁziti	pâziti		IN_WIKTIONARY
pàdati	bcs	pȁdati	pâdati		IN_WIKTIONARY
pàmętь	bcs	pȁmēt	pâmeːt		IN_WIKTIONARY
pàǭkъ	bcs	pȁūk	pâuːk		IN_WIKTIONARY
pàra	bcs	pȁra	pâra		IN_WIKTIONARY
pekti	bcs	pèći	pětɕi
perkъ	bcs	prȉjek	prîjek
però	bcs	pèro	pěro		IN_WIKTIONARY
pèlti	bcs	pljȅti	pʎêti
pèlva	bcs	pljȅva	pʎêʋa
pěsъ̀kъ	bcs	pijèsak	pijěsak
pěti	bcs	pòjati	pǒjati
pěšь	bcs	pjȅše	pjêʃe
pě̀na	bcs	pjȅna	pjêna
pȇktь	bcs	pȇć	pêːtɕ
pȇlnъ	bcs	plȉjen	plîjen
pę̑tь	bcs	pȇt	pêːt		IN_WIKTIONARY
pętà	bcs	péta	pěːta		IN_WIKTIONARY
pęti	bcs	péti	pěːti
pętъ	bcs	pȇtī	pêːtiː
pę̑dь	bcs	pȇd	pêːd
pę̑stь	bcs	pȅst	pêst
pitati	bcs	pȉtati	pîtati
pìti	bcs	pȉti	pîti		IN_WIKTIONARY
pìtja	bcs	pȉća	pîtɕa
pȋvo	bcs	pȋvo	pîːʋo		IN_WIKTIONARY
pjьvàti	bcs	pljùvati	pʎǔʋati
plàkati	bcs	plȁkati	plâkati		IN_WIKTIONARY
plàviti	bcs	plȁviti	plâʋiti
plástъ	bcs	plȃst	plâːst		IN_WIKTIONARY
plesti	bcs	plèsti	plěsti
pletjè	bcs	plèće	plět͡ɕe		IN_WIKTIONARY
plěsnь	bcs	plȉjesan	plîjesan
plotъ	bcs	plȏt	plôːt
plỳti	bcs	plȉti	plîti
plūtò	bcs	plūtȍ	pluːto
pl̨ūtjè	bcs	plúća	plǔːtɕa		IN_WIKTIONARY
podъ	bcs	pod	pod
poìti	bcs	pòjiti	pǒjiti
pokòjь	bcs	pòkōj	pǒkoːj
polìca	bcs	pòlica	pǒlitsa
polsà	bcs	plȁsa	plâsa
poltьnò	bcs	plátno	plǎːtno		IN_WIKTIONARY
polvъ	bcs	plȃv	plâːʋ
polšiti	bcs	plášiti	plǎːʃiti
polъ	bcs	pȏ	pôː		IN_WIKTIONARY
poriti	bcs	pòriti	pǒriti
pozdьnъ	bcs	pȍzan	pôzan
pòlmy	bcs	plȁmēn	plǎmen		IN_WIKTIONARY
pòlxъ	bcs	plȁh	plâx
pòrgъ	bcs	prȁg	prâɡ
pȍjāsъ	bcs	pȍjās	pôjaːs		IN_WIKTIONARY
pȍl̨e	bcs	pȍlje	pôʎe		IN_WIKTIONARY
pȍrsę	bcs	prȃse	prâːse
pȏlzъ	bcs	plȃz	plâːz
pȏrxъ	bcs	prȃh	prâːx		IN_WIKTIONARY
pȏtъ	bcs	pȏt	pôːt
pǫditi	bcs	púditi	pǔːditi
pǫ̀to	bcs	pȕto	pûto		IN_WIKTIONARY
pǫ́tь	bcs	pȗt	pûːt		IN_WIKTIONARY
pràvъ	bcs	prȁv	prâʋ		IN_WIKTIONARY
prę̀dati	bcs	prȅdati	prêdati
prę̀dnǫti sę	bcs	p. se	p
pręsti	bcs	prȅsti	prêsti		IN_WIKTIONARY
pri	bcs	pri	[pri]		CORRECTED
prijatelь	bcs	prȉjatelj	prîjateʎ		IN_WIKTIONARY
prijati	bcs	prìjati	prǐjati		IN_WIKTIONARY
prídъ	bcs	prȋd	prîːd
prodadja	bcs	prȍdaja	prôdaja		IN_WIKTIONARY
prosìti	bcs	pròsiti	prǒsiti		IN_WIKTIONARY
prosterti	bcs	pròstrijeti	prǒstrijeti
pròčь	bcs	prȍčī	prôtʃiː
prȏstъ	bcs	prȍst	prôst		IN_WIKTIONARY
prǫglo	bcs	prúglo	prǔːɡlo
prъskati	bcs	pŕskati	přːskati		IN_WIKTIONARY
pustìti	bcs	pùstiti	pǔstiti		IN_WIKTIONARY
puxati	bcs	púhati	pǔːxati		IN_WIKTIONARY
puxnǫti	bcs	púhnuti	pǔːxnuti		IN_WIKTIONARY
pȗstъ	bcs	pȗst	pûːst		IN_WIKTIONARY
pȳtàti	bcs	pítati	pǐːtati		IN_WIKTIONARY
pālìti	bcs	páliti	pǎːliti		IN_WIKTIONARY
pъlkъ	bcs	pȗk	pûːk		IN_WIKTIONARY
pъtìca	bcs	ptȉca	ptîtsa		IN_WIKTIONARY
pъtъka	bcs	pȁtka	pâtka		IN_WIKTIONARY
pьrati	bcs	prȁti	prâti		IN_WIKTIONARY
pьrga	bcs	pȑga	pr̩̂ɡa		IN_WIKTIONARY
pьrvъ	bcs	pȓvī	pr̂ːʋiː
pьsàti	bcs	písati	pǐːsati		IN_WIKTIONARY
pьzděti	bcs	bàzdjeti	bǎzdjeti		IN_WIKTIONARY
pьšenò	bcs	pšéna	pʃěːna
pь̀lnъ	bcs	pȕn	pûn		IN_WIKTIONARY
pь̀lzati	bcs	pȕzati	pûzati		IN_WIKTIONARY
pь̀rstъ	bcs	pȑst	pr̂st		IN_WIKTIONARY
pь̀rsь	bcs	pȑsi	pr̂si		IN_WIKTIONARY
pь̀sъ	bcs	pȁs	pâs		IN_WIKTIONARY
pь̑lstь	bcs	pȕst	pûst
pь̑nь	bcs	pȃnj	pâːɲ		IN_WIKTIONARY
pь̑rxъ	bcs	pȓh	pr̂ːx
radi	bcs	rȁdi	râdi		IN_WIKTIONARY
raditi	bcs	ráditi	rǎːditi
razoriti	bcs	razòriti	razǒriti		IN_WIKTIONARY
rebrò	bcs	rèbro	rěbro		IN_WIKTIONARY
rekti	bcs	rèći	rět͡ɕi
remy	bcs	rȅmēn	rêmeːn
rědъkъ	bcs	rȉjedkī	rîjedkiː
rě̄kà	bcs	rijèka	rijěka
rě̑čь	bcs	rȉječ	rîjet͡ʃ
rę̑dъ	bcs	rȇd	rêːd		IN_WIKTIONARY
rębica	bcs	rebica	[rebit͡sa]		CORRECTED
rìnǫti	bcs	rȉnuti	rînuti
rodìti	bcs	ròditi	rǒditi		IN_WIKTIONARY
rokъ	bcs	rȏk	rôːk
rosà	bcs	ròsa	rǒsa		IN_WIKTIONARY
rovъ	bcs	rȏv	rôːʋ
ròjь	bcs	rȏj	rôːj
rȏdъ	bcs	rȏd	rôːd		IN_WIKTIONARY
rȏgъ	bcs	rȏg	rôːɡ		IN_WIKTIONARY
rǫbìti	bcs	rúbiti	rǔːbiti
rǭkà	bcs	rúka	rǔːka		IN_WIKTIONARY
rǫ̑bъ	bcs	rūb	ruːb
rȗdъ	bcs	rȗd	rûːd		IN_WIKTIONARY
rỳdlo	bcs	rȉlo	rîlo		IN_WIKTIONARY
rỳti	bcs	rȉti	rîti
rāčìti sę	bcs	ráčiti se	rǎːtʃiti
rūnò	bcs	rúno	rǔːno
r̨uti	bcs	rèvati	rěʋati
rъvàti sę	bcs	r̀vati se	řʋati	řʋati	SAME
sadìti	bcs	sáditi	sǎːditi		IN_WIKTIONARY
sanь	bcs	sȁoni	sâoni
sȃdъ	bcs	sȃd	sâːd
sedъlò	bcs	sèdlo	sědlo		IN_WIKTIONARY
seló	bcs	sèlo	sělo		IN_WIKTIONARY
serdà	bcs	srijèda	srijěda
sestrà	bcs	sèstra	sěstra		IN_WIKTIONARY
sèdmъ	bcs	sȇdmī	sêdmiː		IN_WIKTIONARY
sèdmь	bcs	sȅdam	sêdam		IN_WIKTIONARY
sěděti	bcs	sjèdjeti	sjědjeti		IN_WIKTIONARY
sěkti	bcs	sjȅći	sjêtɕi		IN_WIKTIONARY
sěsti	bcs	sjȅsti	sjêsti		IN_WIKTIONARY
sě̀jati	bcs	sȉjati	sîjati
sě̀mę	bcs	sjȅme	sjême		IN_WIKTIONARY
sě̀nь	bcs	sjȅn	sjên
sě̀ti	bcs	sȉjati	sîjati
sě̀verъ	bcs	sjȅvēr	sjêʋeːr
sě̑no	bcs	sȉjeno	sîjeno
sęgnǫti	bcs	ségnuti	sěːɡnuti		IN_WIKTIONARY
sijàti	bcs	sjȁti	sjâti		IN_WIKTIONARY
sìla	bcs	sȉla	sîla		IN_WIKTIONARY
sìto	bcs	sȉto	sîto		IN_WIKTIONARY
sìvъ	bcs	sȉv	sîʋ
slàbъ	bcs	slȁb	slâb		IN_WIKTIONARY
slàva	bcs	slȁva	slâʋa		IN_WIKTIONARY
slìna	bcs	slȉna	slîna		IN_WIKTIONARY
slìva	bcs	šljȉva	ʃʎîʋa		IN_WIKTIONARY
slȍvo	bcs	slȍvo	slôʋo		IN_WIKTIONARY
slǫ̀ka	bcs	šumska š.	ʃǔmska ʃ
slùšati	bcs	slȕšati	slûʃati		IN_WIKTIONARY
slȗxъ	bcs	slȗh	slûːx		IN_WIKTIONARY
slỳšati	bcs	slȉšati	slîʃati
směxъ	bcs	smȉjeh	smîjex
smȏrdъ	bcs	smrȃd	smrâːd		IN_WIKTIONARY
smьjàti sę	bcs	smìjati se	smǐjati
smьrdě̀ti	bcs	smŕdjeti	smřːdjeti
sněgъ	bcs	snȉjeg	snîjeɡ
snuti	bcs	snòvati	snǒʋati
snъxà	bcs	snàha	snǎxa		IN_WIKTIONARY
sokъ	bcs	sȍk	sôk
solnà	bcs	slána	slǎːna		IN_WIKTIONARY
solnъ	bcs	slȃnī	slâːniː
soltina	bcs	slȁtina	slâtina
sovà	bcs	sóva	sǒːʋa
soxà	bcs	sòha	sǒxa		IN_WIKTIONARY
sočìti	bcs	sòčiti	sǒtʃiti
sòldъkъ	bcs	slàtkī	slǎtkiː
sòlma	bcs	slȁma	slâma		IN_WIKTIONARY
sòmъ	bcs	sȍm	sôm		IN_WIKTIONARY
sȏkъ	bcs	sȏk	sôːk
sȏlpъ	bcs	slȃp	slâːp		IN_WIKTIONARY
sȏlь	bcs	sȏ	sôː		IN_WIKTIONARY
sǫditi	bcs	súditi	sǔːditi		IN_WIKTIONARY
sǫdì	bcs	sùdija	sǔdija
sǫ́dъ	bcs	sȗd	sûːd		IN_WIKTIONARY
sǫ̑kъ	bcs	sȏuk	sôːuk
spě̀ti	bcs	dòspjeti	dǒspjeti		IN_WIKTIONARY
stàdo	bcs	stȁdo	stâdo
stàrъ	bcs	stȃrī	stâːriː
stàti	bcs	stȁti	stâti
stàviti	bcs	stȁviti	stâʋiti		IN_WIKTIONARY
stȃnъ	bcs	stȃn	stâːn		IN_WIKTIONARY
stenàti	bcs	stènjati	stěɲati
stigti	bcs	stȉći	stîtɕi		IN_WIKTIONARY
stìgnǫti	bcs	stȉgnuti	stîɡnuti		IN_WIKTIONARY
stogъ	bcs	stȏg	stôːɡ		IN_WIKTIONARY
stojati	bcs	stàjati	stǎjati
stornà	bcs	strána	strǎːna		IN_WIKTIONARY
stòlъ	bcs	stȏ	stôː		IN_WIKTIONARY
strigti	bcs	strȉći	strîtɕi		IN_WIKTIONARY
strǫkъ	bcs	strȗk	strûːk		IN_WIKTIONARY
strujà	bcs	strúja	strǔːja
strȗpъ	bcs	strȗp	strûːp
studènъ	bcs	stùden	stǔden
studìti	bcs	stúditi	stǔːditi
studъ	bcs	stȗd	stûːd
stydъ	bcs	stȋd	stîːd		IN_WIKTIONARY
stьblò	bcs	stáblo	stǎːblo		IN_WIKTIONARY
stьdzà	bcs	stàza	stǎza
sunǫti	bcs	súnuti	sǔːnuti		IN_WIKTIONARY
suti	bcs	sàsūti	sǎsuːti
sušìti	bcs	súšiti	sǔːʃiti		IN_WIKTIONARY
sȗxъ	bcs	sȗh	sûːx		IN_WIKTIONARY
svekry	bcs	svȅkrva	sʋêkrʋa		IN_WIKTIONARY
svekrъ	bcs	svȅkar	sʋêkar
svě̄tjà	bcs	svijèća	sʋijětɕa
svě̑tъ	bcs	svȉjet	sʋîjet
svętъ	bcs	svȇt	sʋêːt		IN_WIKTIONARY
svinьjà	bcs	svínja	sʋǐːɲa		IN_WIKTIONARY
svȏrbъ	bcs	svrȃb	sʋrâːb		IN_WIKTIONARY
svьrběti	bcs	svŕbeti	sʋřːbeti
sỳpati	bcs	sȉpati	sîpati		IN_WIKTIONARY
sỳrъ	bcs	sȉr	sîr		IN_WIKTIONARY
sỳtъ	bcs	sȉt	sît
sỳtъjь	bcs	sȉt	sît
sy̑nъ	bcs	sȋn	sîːn		IN_WIKTIONARY
sъ	bcs	s	s		IN_WIKTIONARY
sъdòrvъ	bcs	zdrȁv	zdrâʋ		IN_WIKTIONARY
sъlàti	bcs	slȁti	slâti		IN_WIKTIONARY
sъlojь	bcs	slȏj	slôːj		IN_WIKTIONARY
sъmè̌ti	bcs	smjȅti	smjêti		IN_WIKTIONARY
sъmьrtь	bcs	smȑt	smr̂t
sъn	bcs	s	s		IN_WIKTIONARY
sъpati	bcs	spȁti	spâti		IN_WIKTIONARY
sъporъ	bcs	spȍr	spôr		IN_WIKTIONARY
sъrěsti	bcs	srȅsti	srêsti		IN_WIKTIONARY
sъsàti	bcs	sȁti	sâti
sъtȏ	bcs	stȏ	stôː		IN_WIKTIONARY
sъxnǫti	bcs	sàhnuti	sǎxnuti		IN_WIKTIONARY
sъ̀nъ	bcs	sȁn	sân		IN_WIKTIONARY
sъ̏lnьce	bcs	sȗnce	sûːntse		IN_WIKTIONARY
sьrna	bcs	sŕna	sřːna
sьršenь	bcs	sȑšljēnj	sr̂ʃʎeːɲ
sь̑rdьce	bcs	sȑce	sr̩̂t͡se		IN_WIKTIONARY
tajìti	bcs	tájiti	tǎːjiti		IN_WIKTIONARY
tatь	bcs	tȃt	tâːt
tàjati	bcs	tȁjati	tâjati
tekti	bcs	tèći	tětɕi
telktì	bcs	túći	tǔːtɕi
teplъ	bcs	tȍpao	tôpao		IN_WIKTIONARY
tesàti	bcs	tèsati	těsati		IN_WIKTIONARY
teti sę	bcs	tèpsti se	těpsti se
tèrti	bcs	tȑti	tr̂ti		IN_WIKTIONARY
těnь	bcs	tẹ́nja	tèːnja
těsnъ	bcs	tijèsan	tijěsan
tě̀mę	bcs	tjȅme	tjême		IN_WIKTIONARY
tě̑sto	bcs	tȉjesto	tîjesto
tęžъkъ	bcs	téžak	těːʒak		IN_WIKTIONARY
tìskati	bcs	tȉskati	tîskati		IN_WIKTIONARY
toliti	bcs	utòliti	utǒliti		IN_WIKTIONARY
tolkà	bcs	tláka	tlǎːka
topìti	bcs	tòpiti	tǒpiti		IN_WIKTIONARY
tȏkъ	bcs	tȏk	tôːk		IN_WIKTIONARY
tretь	bcs	trȅćī	trêt͡ɕiː		IN_WIKTIONARY
tręsti	bcs	trésti	trěːsti
trovati	bcs	tròvati	trǒʋati		IN_WIKTIONARY
trǫdъ	bcs	trȗd	trûːd
trǫtъ	bcs	trȗt	trûːt		IN_WIKTIONARY
trudъ	bcs	trȗd	trûːd
trȗpъ	bcs	trȗp	trûːp
trāvà	bcs	tráva	trǎːʋa		IN_WIKTIONARY
trāvìti	bcs	tráviti	trǎːʋiti
trъ̑stь	bcs	tȓst	tr̂ːst
tȗkъ	bcs	tȗk	tûːk
tȗrъ	bcs	tȗr	tûːr		IN_WIKTIONARY
tvȃrь	bcs	tvȃr	tʋâːr		IN_WIKTIONARY
tvorìti	bcs	tvòriti	tʋǒriti		IN_WIKTIONARY
tvь̑rdъ	bcs	tvȓd	tʋr̂ːd		IN_WIKTIONARY
ty	bcs	tȋ	tîː		IN_WIKTIONARY
tỳti	bcs	tȉti	tîti
tǭgà	bcs	túga	tǔːɡa		IN_WIKTIONARY
tъ	bcs	tȃj	tâːj		IN_WIKTIONARY
tъrgati	bcs	tȑgati	tr̂ɡati		IN_WIKTIONARY
tъ̀ščь	bcs	tȁšt	tâʃt		IN_WIKTIONARY
tъ̀ščьjь	bcs	tȁšt	tâʃt		IN_WIKTIONARY
tьma	bcs	táma	tǎːma		IN_WIKTIONARY
tь̏nьkъ	bcs	tȁnak	tânak		IN_WIKTIONARY
varìti	bcs	váriti	ʋǎːriti		IN_WIKTIONARY
vasъ	bcs	vȃs	ʋâːs		IN_WIKTIONARY
vȃrъ	bcs	vȃr	ʋâːr		IN_WIKTIONARY
vedrъ	bcs	vȅdar	ʋêdar		IN_WIKTIONARY
velě̀ti	bcs	vèlīm	ʋěliːm		IN_WIKTIONARY
velìkъ	bcs	vȅlikī	ʋêlikiː
velkti	bcs	vúći	ʋǔːtɕi
velь	bcs	vȇljī	ʋêːʎiː
vergti	bcs	vȑći	ʋr̂t͡ɕi		IN_WIKTIONARY
vermę	bcs	vrijème	ʋrijěme
verslò	bcs	vrijèslo	ʋrijěslo
vertenò	bcs	vretèno	ʋretěno		IN_WIKTIONARY
veslò	bcs	vèslo	ʋěslo		IN_WIKTIONARY
vesnà	bcs	vèsna	ʋěsna
veztì	bcs	vèsti	ʋěsti
vědrò	bcs	vjèdro	ʋjědro
větjati	bcs	vijèćati	ʋijět͡ɕati
vě̀jati	bcs	vȉjēm	ʋîjeːm
vě̀ra	bcs	vjȅra	ʋjêra		IN_WIKTIONARY
vě̀trъ	bcs	vjȅtar	ʋjêtar		IN_WIKTIONARY
vě̑no	bcs	vijèno	ʋijěno
vȅčerъ	bcs	vȅčē	ʋêtʃeː		IN_WIKTIONARY
vę̀dnǫti	bcs	vȅnuti	ʋênuti
vę̄zàti	bcs	vézati	ʋěːzati		IN_WIKTIONARY
virъ	bcs	vȋr	ʋîːr
viti	bcs	vȉti	ʋîti		IN_WIKTIONARY
vitь	bcs	pȁvit	pâʋit
vixъrъ	bcs	vȉhār	ʋîxaːr
vìděti	bcs	vȉdjeti	ʋîdjeti		IN_WIKTIONARY
vȋdъ	bcs	vȋd	ʋîːd		IN_WIKTIONARY
vodà	bcs	vòda	ʋǒda		IN_WIKTIONARY
vodìti	bcs	vòditi	ʋǒditi		IN_WIKTIONARY
vojьna	bcs	vȏjna	ʋôːjna		IN_WIKTIONARY
volkà	bcs	vlākȁ	ʋlǎːk
volknò	bcs	vlákno	ʋlǎːkno		IN_WIKTIONARY
volstь	bcs	vlȃst	ʋlâːst		IN_WIKTIONARY
vorta	bcs	vráta	ʋrǎːta		IN_WIKTIONARY
vortìti	bcs	vrátiti	ʋrǎːtiti		IN_WIKTIONARY
voskъ	bcs	vȍsak	ʋôsak		IN_WIKTIONARY
vozìti	bcs	vòziti	ʋǒziti		IN_WIKTIONARY
vòlga	bcs	vlȁga	ʋlâɡa		IN_WIKTIONARY
vòl̨a	bcs	vȍlja	ʋôʎa		IN_WIKTIONARY
vòrna	bcs	vrȁna	ʋrâna		IN_WIKTIONARY
vȏlkъ	bcs	vlȃk	ʋlâːk		IN_WIKTIONARY
vȏlsъ	bcs	vlȃs	ʋlâːs		IN_WIKTIONARY
vȏrgъ	bcs	vrȃg	ʋrâːɡ		IN_WIKTIONARY
vȏrnъ	bcs	vrȃn	ʋrâːn		IN_WIKTIONARY
vȏzъ	bcs	vȏz	ʋôːz		IN_WIKTIONARY
vy	bcs	vȋ	ʋîː		IN_WIKTIONARY
vysòkъ	bcs	vìsok	ʋǐsok		IN_WIKTIONARY
vysь	bcs	vȋs	ʋîːs		IN_WIKTIONARY
vỳknǫti	bcs	vȉknuti	ʋîknuti
vỳmę	bcs	vȉme	ʋîme		IN_WIKTIONARY
v̀ydra	bcs	vȉdra	ʋîdra
vъ	bcs	u	u		IN_WIKTIONARY
vъn	bcs	u	u		IN_WIKTIONARY
vъnùkъ	bcs	ùnuk	ǔnuk		IN_WIKTIONARY
vъnъ	bcs	vȁn	ʋân		IN_WIKTIONARY
vъpìti	bcs	vàpiti	ʋǎpiti
vъ̑šь	bcs	vȃš	ʋâːʃ
vьdovà	bcs	udòvica	udǒʋitsa		IN_WIKTIONARY
vьrěti	bcs	vrȅti	ʋrêti		IN_WIKTIONARY
vьrtě̀ti	bcs	vŕtjeti	ʋřːtjeti
vьśь	bcs	sȁv	sâʋ		IN_WIKTIONARY
vьčera	bcs	jùčē	jǔtʃeː		IN_WIKTIONARY
vь̀lna	bcs	vȕna	ʋûna		IN_WIKTIONARY
vь̀rxъ	bcs	vȓh	ʋr̂ːx
vь̀rša	bcs	vȓša	ʋr̂ːʃa
vь̑lkъ	bcs	vȗk	vûːk		IN_WIKTIONARY
xabiti	bcs	habiti	xaˈbiti	xabiti	DIFFERENT
xlě̀bъ	bcs	hlȅb	xlêb
xlębь	bcs	hleb	xlep
xlǫdъ	bcs	hlúd	xlǔːd
xoditi	bcs	hòditi	xǒditi		IN_WIKTIONARY
xoldьnъ	bcs	hládan	xlǎːdan		IN_WIKTIONARY
xomǫtъ	bcs	hȍmūt	xômuːt
xorbrъ	bcs	hrábar	xrǎːbar		IN_WIKTIONARY
xorna	bcs	hrána	xrǎːna		IN_WIKTIONARY
xorniti	bcs	hrániti	xrǎːniti		IN_WIKTIONARY
xȏdъ	bcs	hȏd	xôːd		IN_WIKTIONARY
xȏldъ	bcs	hlȃd	xlâːd		IN_WIKTIONARY
xromъ	bcs	hrȍm	xrôm		IN_WIKTIONARY
xȗdъ	bcs	hȗd	xûːd		IN_WIKTIONARY
xvorstьje	bcs	hrȃšće	xrâːʃtɕe
xvórstъ	bcs	hrȃst	xrâːst		IN_WIKTIONARY
zabordlo	bcs	zàbralo	zǎbralo
zaverti	bcs	zàvrijeti	zǎʋrjeti
zelènъ	bcs	zèlen	zělen		IN_WIKTIONARY
zelьje	bcs	zȇlje	zêːʎe		IN_WIKTIONARY
zeml̨à	bcs	zèmlja	zěmʎa		IN_WIKTIONARY
zěnica	bcs	zjȅnica	zjênitsa
zěvati	bcs	zijèvati	zijěʋati
zęti	bcs	zépsti	zěːpsti
zę̀tь	bcs	zȅt	zêt
zìnǫti	bcs	zȉnuti	zînuti		IN_WIKTIONARY
zmьjà	bcs	zmìja	zmǐja		IN_WIKTIONARY
zmь̀jь	bcs	zmȃj	zmâːj
znamenьje	bcs	znȁmēnje	znâmeːɲe
znàmę	bcs	znȁmēn	znâmeːn		IN_WIKTIONARY
znàti	bcs	znȁti	znâti		IN_WIKTIONARY
znojь	bcs	znȏj	znôːj		IN_WIKTIONARY
zobàti	bcs	zòbati	zǒbati		IN_WIKTIONARY
zȍlto	bcs	zlȃto	zlâːto		IN_WIKTIONARY
zȏrkъ	bcs	zrȃk	zrâːk		IN_WIKTIONARY
zīmà	bcs	zíma	zǐːma		IN_WIKTIONARY
zъly	bcs	zȁova	zâoʋa
zъlъ	bcs	zȁo	zâo		IN_WIKTIONARY
zъvati	bcs	zvȁti	zʋâti		IN_WIKTIONARY
zьdati	bcs	zídati	zǐːdati		IN_WIKTIONARY
zьlčь	bcs	žȗč	ʒûːtʃ		IN_WIKTIONARY
zьrěti	bcs	zrȅti	zrêti		IN_WIKTIONARY
zь̀rno	bcs	zȑno	zr̂no		IN_WIKTIONARY
čadъ	bcs	čȁd	tʃâd
čakati	bcs	čȁkati	tʃâkati
čara	bcs	čara	tʃara	t͡ʃara	DIFFERENT
čarodějь	bcs	čaròdjej	tʃarǒdjej
čàjati	bcs	čȁjati	tʃâjati
čàsъ	bcs	čȁs	tʃâs
čekati	bcs	čȅkati	tʃêkati		IN_WIKTIONARY
čelověkъ	bcs	čòvjek	tʃǒʋjek
čelò	bcs	čèlo	tʃělo		IN_WIKTIONARY
čel̨adь	bcs	čȅljād	tʃêʎaːd
čemerъ	bcs	čȅmēr	tʃêmeːr
černъ	bcs	crȅn	t͡srên
čerpati	bcs	crèpati	tsrěpati
čerslò	bcs	črijèslo	tʃrijěslo
česàti	bcs	čèsati	t͡ʃěsati
četvьrtъ	bcs	čètvȓtī	tʃětʋr̩tiː
četỳre	bcs	čètiri	t͡ʃětri		IN_WIKTIONARY
čèznǫti	bcs	čȅznuti	tʃêznuti		IN_WIKTIONARY
čȇrpъ	bcs	crȉjep	t͡srîjep
čȇrvo	bcs	crijèvo	t͡srijěʋo
čędь	bcs	čed	tʃed	t͡ʃed	DIFFERENT
čęstъ	bcs	čȇst	tʃêːst		IN_WIKTIONARY
či	bcs	či	tʃi		IN_WIKTIONARY
činìti	bcs	čìniti	tʃǐniti		IN_WIKTIONARY
čisti	bcs	čísti	tʃǐːsti
čitati	bcs	čìtati	tʃǐtati		IN_WIKTIONARY
čìstiti	bcs	čȉstiti	tʃîstiti		IN_WIKTIONARY
čìstъ	bcs	čȉst	tʃîst		IN_WIKTIONARY
čȋnъ	bcs	čȋn	tʃîːn		IN_WIKTIONARY
čuditi sę	bcs	čȕditi se	tʃûditi se
čùdo	bcs	čȕdo	tʃûdo		IN_WIKTIONARY
čùti	bcs	čȕti	tʃûti		IN_WIKTIONARY
čьrmьnъ	bcs	crman	[t͡sr̩man]		CORRECTED
čьrpati	bcs	cr̀pati	tsřpati	tsřpati	SAME
čьrstvъ	bcs	čvȓst	tʃʋr̂ːst		IN_WIKTIONARY
čьrtà	bcs	cȑta	tsr̂ta		IN_WIKTIONARY
čьrvь	bcs	cȓv	tsr̂ːʋ		IN_WIKTIONARY
čьto	bcs	štȍ	ʃtô		IN_WIKTIONARY
čь̀rnъ	bcs	cȓn	tsr̂ːn		IN_WIKTIONARY
čь̑stь	bcs	čȃst	tʃâːst		IN_WIKTIONARY
ę̄drò	bcs	jédro	jěːdro
ę̄trò	bcs	jȅtra	jêtra		IN_WIKTIONARY
ǭtròba	bcs	ȕtroba	ûtroba		IN_WIKTIONARY
šȇstъ	bcs	šȅstī	ʃêstiː
šȇstь	bcs	šȇst	ʃêːst		IN_WIKTIONARY
šibati	bcs	šȉbati	ʃîbati
šìti	bcs	šȉti	ʃîti		IN_WIKTIONARY
šurь	bcs	šȗra	ʃûːra		IN_WIKTIONARY
ščenę	bcs	štène	ʃtěne		IN_WIKTIONARY
ščítъ	bcs	štȋt	ʃtîːt		IN_WIKTIONARY
ūstà	bcs	ústa	ǔːsta		IN_WIKTIONARY
ūzdà	bcs	ùzda	ǔzda
žalь	bcs	žȁo je	ʒâo je
žarъ	bcs	žȃr	ʒâːr		IN_WIKTIONARY
žàba	bcs	žȁba	ʒâba		IN_WIKTIONARY
žegti	bcs	žèći	ʒětɕi		IN_WIKTIONARY
želě̀zo	bcs	žèljezo	ʒěʎezo		IN_WIKTIONARY
želǫdъkъ	bcs	žèludac	ʒěludats		IN_WIKTIONARY
žely	bcs	žȅlva	ʒêlʋa
želza	bcs	žlijèzda	ʒlijězda
žel̨a	bcs	žèlja	ʒěʎa
ženà	bcs	žèna	ʒěna		IN_WIKTIONARY
žeravъ	bcs	žȅrāv	ʒêraːʋ
žeravь	bcs	žȅrāv	ʒêraːʋ
žerbьjь	bcs	ždrȉjeb	ʒdrîjeb
žerdlò	bcs	ždrijèlo	ʒdrijělo
žȅlǫdь	bcs	žȅlūd	ʒêluːd
žędьnъ	bcs	žédan	ʒěːdan		IN_WIKTIONARY
žęti	bcs	žȅti	ʒêti		IN_WIKTIONARY
žę̀tva	bcs	žȅtva	ʒêtʋa		IN_WIKTIONARY
žę́dja	bcs	žȇđa	ʒêːdʑa		IN_WIKTIONARY
židъkъ	bcs	žídak	ʒǐːdak
živòtъ	bcs	žìvot	ʒǐʋot
žìca	bcs	žȉca	ʒîtsa		IN_WIKTIONARY
žìla	bcs	žȉla	ʒîla		IN_WIKTIONARY
žìti	bcs	žívjeti	ʒǐːʋjeti		IN_WIKTIONARY
žìto	bcs	žȉto	ʒîto
žȋvъ	bcs	žȋv	ʒîːʋ		IN_WIKTIONARY
žuriti sę	bcs	zúriti se	zǔːriti
žьlna	bcs	zelena ž.	zelenaː ʒ
žьltъ	bcs	žȗt	ʒûːt		IN_WIKTIONARY
žьrny	bcs	žrvȃnj	ʒrʋâːɲ
arьmò	bcs	járam	jǎːram		IN_WIKTIONARY
àblъka	bcs	jȁbuka	jâbuka		IN_WIKTIONARY
àstrę̄bъ	bcs	jȁstrijeb	jâstrijeb
ȁsenъ	bcs	jȁsēn	jâseːn		IN_WIKTIONARY
basnь	bcs	bȁsan	bâsan
bebrъ	bcs	dȁbar	dâbar
bedrò	bcs	bèdro	bědro		IN_WIKTIONARY
bel(e)nъ	bcs	blȇn	blêːn
bolniti	bcs	blániti	blǎːniti
blekotъ	bcs	blȅkēt	blêkeːt
bliskati sę	bcs	blȉskati se	blîskati se
blizna	bcs	blȉzna	blîzna
blizъkъ	bcs	blȋz	blîːz
blizь	bcs	blízu	blǐːzu		IN_WIKTIONARY
bràtъ	bcs	brȁt	brât		IN_WIKTIONARY
bràtьja	bcs	brȁća	brâtɕa		IN_WIKTIONARY
bridъ	bcs	brȋd	brîːd
brъkati	bcs	bŕcati	břːt͡sati
brъknǫti	bcs	bŕknuti	břːknuti
bъ̀drъ	bcs	bȁdar	bâdar
bьlniti sę	bcs	búniti se	bǔːniti
dalь	bcs	dȃlj	dâːʎ
dьl̨a	bcs	dijel	[dijel]		CORRECTED
dę̄snь	bcs	dȇsni	dêːsni		IN_WIKTIONARY
dira	bcs	dìra	dǐra
divь	bcs	dìvljī	dǐʋʎiː		IN_WIKTIONARY
drebà	bcs	dróba	drǒːba
drevьnъ	bcs	drȇvan	drêːʋan		IN_WIKTIONARY
driskati	bcs	drískati	drǐːskati
droždža	bcs	dròžda	drǒʒda
drьkolьje	bcs	drkol	drkol	drkol	SAME
dupę	bcs	dȕpe	dûpe		IN_WIKTIONARY
dvogubъ	bcs	dvògub	dʋǒɡub
ebàti	bcs	jèbati	jěbati		IN_WIKTIONARY
edinakъ	bcs	 jedìnāk	jedǐnaːk
edьnъ	bcs	jèdan	jědan		IN_WIKTIONARY
edlà	bcs	jéla	jěːla		IN_WIKTIONARY
ledva	bcs	jèdva	jědʋa
olbodà	bcs	lobòda	lobǒda
elbedь	bcs	lȁbūd	lâbuːd		IN_WIKTIONARY
elenъ	bcs	jèlen	jělen		IN_WIKTIONARY
elьxa	bcs	jelha	jelxa	jelxa	SAME
emela	bcs	ìmela	ǐmela
emešь	bcs	jèmeš	jěmeʃ
esètra	bcs	jèsetra	jěsetra		IN_WIKTIONARY
ězъ	bcs	jȃz	jâːz
eževica	bcs	jéževica	jěːʒeʋitsa
ežika	bcs	jèžica	jěʒitsa
ěra	bcs	jȁra	jâra		IN_WIKTIONARY
ȅzerъ	bcs	jȅzero	jêzero		IN_WIKTIONARY
ękati	bcs	jékati	jěːkati
ęga	bcs	jéza	jěːza		IN_WIKTIONARY
gatъ	bcs	gȃt	ɡâːt
gleznъ	bcs	glȅžanj	ɡlêʒaɲ		IN_WIKTIONARY
glīstà	bcs	glísta	ɡlǐːsta		IN_WIKTIONARY
gluma	bcs	glúma	ɡlǔːma
gomol̨a	bcs	gòmolja	ɡǒmoʎa
górdja	bcs	grȃđa	ɡrâːdʑa		IN_WIKTIONARY
gǫžьvь	bcs	gȗžva	ɡûːʒʋa		IN_WIKTIONARY
grubъ	bcs	grȗb	ɡrûːb		IN_WIKTIONARY
gruda	bcs	grȕda	ɡrûda		IN_WIKTIONARY
gvozdъ	bcs	gvȍzd	ɡʋôzd
gъrbъ	bcs	gȓb	ɡr̂ːb
gъrno	bcs	grno	[ɡrno]		CORRECTED
jelьša	bcs	jȅlša	jêlʃa		IN_WIKTIONARY
jesìka	bcs	jèsika	jěsika
jьgra	bcs	ìgra	ǐɡra		IN_WIKTIONARY
jьkrà	bcs	ȉkra	îkra		IN_WIKTIONARY
klìcati	bcs	klȉcati	klît͡sati		IN_WIKTIONARY
kogъda	bcs	kàda	kǎda		IN_WIKTIONARY
kolto	bcs	kláto	klǎːto
koterъ	bcs	koteri	ˈkotɛri	koteri	DIFFERENT
košara	bcs	kòšara	kǒʃara		IN_WIKTIONARY
kyselъ	bcs	kȉseo	kîseo
kъlkъ	bcs	kȕk	kûk		IN_WIKTIONARY
lemešь	bcs	lèmeš	lěmeʃ		IN_WIKTIONARY
lęcati sę	bcs	lécati se	lěːt͡sati
lędvьje	bcs	ledvija	ledʋija	ledʋija	SAME
libavъ	bcs	lȉbav	lîbaʋ
l̨udìna	bcs	ljùdina	ʎǔdina		IN_WIKTIONARY
majati	bcs	mȁjati	mâjati
mamiti	bcs	mámiti	mǎːmiti		IN_WIKTIONARY
matorъ	bcs	mȁtor	mâtor
mȃzъ	bcs	mȃz	mâːz
mèčь	bcs	mȁč	mâtʃ
mělъ	bcs	mèlja	měʎa
mě̑xъ	bcs	mȉjeh	mîjex
mě̀lъ	bcs	mȅok	mêok
męzdra	bcs	mézdra	měːzdra
mьglà	bcs	màgla	mǎɡla		IN_WIKTIONARY
murъ	bcs	múra	mǔːra
muzga	bcs	mȕzga	mûzɡa
mьzěti	bcs	mìžati	mǐʒati
někъto	bcs	nȅko	nêko		IN_WIKTIONARY
nȇrstъ	bcs	mrȉjest	mrîjest
nikati	bcs	nȉkat	nîkat
norvь	bcs	nárav	nǎːraʋ
nozdra	bcs	nȍzdra	nôzdra
nuditi	bcs	nȕditi	nûditi		IN_WIKTIONARY
nukati	bcs	nȕkati	nûkati
nùdja	bcs	nȕžda	nûʒda		IN_WIKTIONARY
oborъ	bcs	òbor	ǒbor
òrmę	bcs	rȁme	râme
ȍlkъtъ	bcs	lȃkat	lâːkat
ȍpakъ	bcs	ȍpāk	ôpaːk		IN_WIKTIONARY
po	bcs	po	[po]		CORRECTED
povorzъ	bcs	pȍvrāz	pôʋraːz
pelenà	bcs	pelèna	pelěna
pěga	bcs	pjȅga	pjêɡa
pěgavъ	bcs	pjȅgav	pjêɡaʋ
pȅpelъ	bcs	pȅpeo	pêpeo		IN_WIKTIONARY
piskalъ	bcs	pȉskor	pîskor
pǫgъvica	bcs	pȕgva	pûɡʋa
pǫkti	bcs	pȕći	pûtɕi		IN_WIKTIONARY
pǫpъ	bcs	pȗp	pûːp
protivъ	bcs	prȍtīv	prôtiːʋ
pỳrъ	bcs	pȉr	pîr
pьkъlo	bcs	pàkao	pǎkao		IN_WIKTIONARY
rębika	bcs	rebika	rebika	rebika	SAME
sermuša	bcs	srȉjemuša	srîjemuʃa
sę̀dzati	bcs	sȅzati	sêzati
sol(o)vikъ	bcs	slàvūj	slǎʋuːj		IN_WIKTIONARY
svòrka	bcs	svrȁka	sʋrâka		IN_WIKTIONARY
strъjь	bcs	strȋc	strîːt͡s
strьžь	bcs	stȑž	str̂ʒ
surovъ	bcs	sȉrov	sîroʋ
tesla	bcs	tȅsla	têsla
tęgъ	bcs	tȇg	têːɡ		IN_WIKTIONARY
tri	bcs	trȋ	trîː		IN_WIKTIONARY
tỳsęti	bcs	tȉsuća	tîsutɕa
tьlò	bcs	tlȍ	tlô		IN_WIKTIONARY
vȇrsъ	bcs	vrȉjes	ʋrîjes
voinъ	bcs	vòjnīk	ʋǒjniːk		IN_WIKTIONARY
voldati	bcs	vládati	ʋlǎːdati		IN_WIKTIONARY
vòn̨ь	bcs	vȍnj	ʋôɲ
vỳgъn̨ь	bcs	vȉganj	ʋîɡaɲ		IN_WIKTIONARY
vьrsta	bcs	vŕsta	ʋřːsta		IN_WIKTIONARY
xvoja	bcs	hvòja	xʋǒja
zidъ	bcs	zȋd	zîːd		IN_WIKTIONARY
zijati	bcs	zìjati	zǐjati
zȏbь	bcs	zȏb	zôːb		IN_WIKTIONARY
čàdjь	bcs	čȃđ	t͡ʃâːd͡ʑ		IN_WIKTIONARY
čemerika	bcs	čemèrika	t͡ʃeměrika		IN_WIKTIONARY
čerdà	bcs	čréda	tʃrěːda		IN_WIKTIONARY
čermъša	bcs	crȉjemuša	t͡srîjemuʃa
čerzъ	bcs	črȅz	t͡ʃrêz		IN_WIKTIONARY
česnъ	bcs	čèsan	t͡ʃěsan		IN_WIKTIONARY
četverъ	bcs	čȅtver	tʃêtʋer
čędъ	bcs	čȅdo	tʃêdo
želàti	bcs	žèljeti	ʒěʎeti		IN_WIKTIONARY
žezlъ	bcs	žèzlo	ʒězlo		IN_WIKTIONARY
