a	czech	a	a		IN_WIKTIONARY
ajьce	czech	vejce	ˈvɛjt͡sɛ		IN_WIKTIONARY
ako	czech	jako	ˈjako		IN_WIKTIONARY
akъ	czech	jaký	ˈjakiː		IN_WIKTIONARY
akъjь	czech	jaký	ˈjakiː		IN_WIKTIONARY
aviti	czech	jeviti	ˈjɛvɪt	ˈjɛvɪtɪ	DIFFERENT
avьnъ	czech	jevný	ˈjɛvniː
azъ	czech	já	jaː		IN_WIKTIONARY
aščerъ	czech	ještěr	ˈjɛʃcɛr		IN_WIKTIONARY
àgnę	czech	jehně	ˈjɛɦɲɛ		IN_WIKTIONARY
àgnьcь	czech	jehnec	ˈjɛɦnɛt͡s		IN_WIKTIONARY
àma	czech	jáma	ˈjaːma		IN_WIKTIONARY
ȁgoda	czech	jahoda	ˈjaɦoda		IN_WIKTIONARY
bagno	czech	bahno	baɦnɔ		IN_WIKTIONARY
bàjati	czech	bajeti	ˈbajɛt	ˈbajɛtɪ	DIFFERENT
bàviti	czech	baviti	ˈbavɪt	ˈbavɪtɪ	DIFFERENT
bȁba	czech	bába	baːba		IN_WIKTIONARY
berstъ	czech	břest	ˈbr̝ɛst
bez	czech	bez	bɛs		IN_WIKTIONARY
bezъ	czech	bez	bɛs		IN_WIKTIONARY
bèrdjь	czech	březí	ˈbr̝ɛziː		IN_WIKTIONARY
bèrmę	czech	břímě	ˈbr̝iːmɲɛ
bèrza	czech	bříza	ˈbr̝iːza		IN_WIKTIONARY
běžàti	czech	běžeti	ˈbjɛʒɛcɪ
bě̀gati	czech	běhati	ˈbjɛɦat
bě́lъ	czech	bílý	ˈbiːliː		IN_WIKTIONARY
bě̄dà	czech	bída	ˈbiːda		IN_WIKTIONARY
bě̄dìti	czech	se	sɛ		IN_WIKTIONARY
bě̑sъ	czech	běs	ˈbjɛs		IN_WIKTIONARY
bȇrgъ	czech	břeh	ˈbr̝ɛx		IN_WIKTIONARY
bìdlo	czech	bidlo	ˈbɪdlo		IN_WIKTIONARY
bìti	czech	bít	biːt		IN_WIKTIONARY
bìtva	czech	bitva	ˈbɪtva		IN_WIKTIONARY
bìčь	czech	bič	ˈbɪt͡ʃ		IN_WIKTIONARY
blekъ	czech	blek	ˈblɛk	ˈblɛk	SAME
blějati	czech	bleti	ˈblɛcɪ	ˈblɛcɪ	SAME
blě̑dъ	czech	bledý	ˈblɛdiː		IN_WIKTIONARY
blě̑skъ	czech	blesk	blɛsk		IN_WIKTIONARY
bliskъ	czech	blisk	ˈblɪsk	ˈblɪsk	SAME
blǭdìti	czech	blouditi	ˈblou̯ɟɪt	ˈblou̯ɟɪtɪ	DIFFERENT
blǫ̑dъ	czech	blud	ˈblut		IN_WIKTIONARY
bl̨ьvàti	czech	blíti	ˈbliːcɪ
blъxà	czech	blecha	ˈblɛxa		IN_WIKTIONARY
blьščati	czech	blyštěti	ˈblɪʃcɛt
bo	czech	bo	ˈbo		IN_WIKTIONARY
bodàti	czech	bodati	ˈbodat	ˈbodatɪ	DIFFERENT
bogàtъ	czech	bohatý	ˈboɦatiː		IN_WIKTIONARY
bojati sę	czech	báti se	baːtɪ sɛ
bojaznь	czech	bázeň	ˈbaːzɛɲ		IN_WIKTIONARY
bojь	czech	boj	ˈboj		IN_WIKTIONARY
bolěti	czech	boleti	ˈbolɛcɪ		IN_WIKTIONARY
bolnьje	czech	bláně	ˈblaːɲɛ
bordatъ	czech	bradatý	ˈbradatiː		IN_WIKTIONARY
bordà	czech	brada	ˈbrada		IN_WIKTIONARY
borna	czech	brána	ˈbraːna		IN_WIKTIONARY
borzdà	czech	brázda	ˈbraːzda		IN_WIKTIONARY
bostì	czech	bůsti	ˈbuːscɪ
bòlna	czech	blána	ˈblaːna		IN_WIKTIONARY
bòlto	czech	bláto	ˈblaːto		IN_WIKTIONARY
bȏgъ	czech	bůh	ˈbuːx		IN_WIKTIONARY
bȏlgo	czech	blaho	ˈblaɦo		IN_WIKTIONARY
bȏlgъ	czech	blahý	ˈblaɦiː		IN_WIKTIONARY
bȏlь	czech	bol	ˈbol		IN_WIKTIONARY
bȏrvъ	czech	brav	ˈbraf	ˈbraf	SAME
bȏrъ	czech	bor	bor		IN_WIKTIONARY
bȏsъ	czech	bosý	ˈbosiː		IN_WIKTIONARY
bǫbьniti	czech	bubeniti	ˈbubɛnɪt	ˈbubɛɲɪtɪ	DIFFERENT
bǫbьnъ	czech	buben	[ˈbubɛn]		CORRECTED
brediti sę	czech	bředit se	br̝ɛɟɪt sɛ
brězgъ	czech	rozbřesk	ˈrozbr̝ɛsk		IN_WIKTIONARY
bridъkъ	czech	břitký	ˈbr̝ɪtkiː		IN_WIKTIONARY
brìti	czech	bříti	ˈbr̝iːcɪ
brìtva	czech	břitva	ˈbr̝ɪtva		IN_WIKTIONARY
brodìti	czech	broditi	ˈbroɟɪt	ˈbroɟɪtɪ	DIFFERENT
bronъ	czech	broný	ˈbroniː
brȏdъ	czech	brod	brot		IN_WIKTIONARY
brusьnica	czech	brusnice	ˈbrusɲɪt͡sɛ	ˈbrusɲɪt͡sɛ	SAME
bry	czech	brva	ˈbr̩va		IN_WIKTIONARY
brъzda	czech	brzda	ˈbr̩zda		IN_WIKTIONARY
brьdnǫti	czech	břednouti	ˈbr̝ɛdnou̯t
brьvъnò	czech	břevno	ˈbr̝ɛvno		IN_WIKTIONARY
bujьnъ	czech	bujný	ˈbujniː		IN_WIKTIONARY
bùr̨a	czech	bouře	ˈbou̯r̝ɛ		IN_WIKTIONARY
bydlo	czech	bydlo	ˈbɪdlo		IN_WIKTIONARY
bylьje	czech	býlí	ˈbiːliː		IN_WIKTIONARY
bytьje	czech	byt́	ˈbit	ˈbɪt	DIFFERENT
byvati	czech	bývati	ˈbiːvat
bỳstrъ	czech	bystrý	ˈbɪstriː		IN_WIKTIONARY
bỳti	czech	býti	ˈbiːcɪ
bādàti	czech	bádati	ˈbaːdat
būdìti	czech	buditi	[ˈbuɟɪt]		CORRECTED
būčàti	czech	bučeti	ˈbut͡ʃɛt	ˈbut͡ʃɛcɪ	DIFFERENT
bъděti	czech	bdíti	ˈbɟiːcɪ
bъ̑rz	czech	brzo	ˈbr̩zo		IN_WIKTIONARY
bьrati	czech	bráti	ˈbraːcɪ
bьrgъ	czech	brh	ˈbr̩x	ˈbr̩x	SAME
bьčelà	czech	včela	ˈft͡ʃɛla		IN_WIKTIONARY
cè̌sta	czech	cesta	ˈt͡sɛsta		IN_WIKTIONARY
cělovàti	czech	celovati	ˈt͡sɛlovat	ˈt͡sɛlovatɪ	DIFFERENT
cěvьnica	czech	cevnice	ˈt͡sɛvɲɪt͡sɛ	ˈt͡sɛvɲɪt͡sɛ	SAME
cě̄dìti	czech	cediti	ˈt͡sɛɟɪt	ˈt͡sɛɟɪtɪ	DIFFERENT
cě̄lìti	czech	celiti	ˈt͡sɛlɪt	ˈt͡sɛlɪtɪ	DIFFERENT
cě̄nà	czech	cena	ˈt͡sɛna		IN_WIKTIONARY
cě̄nìti	czech	ceniti	ˈt͡sɛnɪt	ˈt͡sɛɲɪtɪ	DIFFERENT
cě̄và	czech	céva	ˈt͡sɛːva		IN_WIKTIONARY
cě̑lъ	czech	celý	ˈt͡sɛliː		IN_WIKTIONARY
dajati	czech	dajati	ˈdajat	ˈdajatɪ	DIFFERENT
dalèkъ	czech	daleký	ˈdalɛkiː		IN_WIKTIONARY
datelь	czech	datel	ˈdatɛl		IN_WIKTIONARY
davьnъ	czech	dávný	ˈdaːvniː		IN_WIKTIONARY
dàti	czech	dáti	ˈdaːt
dȃnь	czech	daň	daɲ		IN_WIKTIONARY
dȃrъ	czech	dar	dar		IN_WIKTIONARY
degъtь	czech	dehet	dɛɦɛt		IN_WIKTIONARY
dertì	czech	dříti	ˈdr̝iːcɪ
desętъ	czech	desátý	ˈdɛsaːtiː		IN_WIKTIONARY
devętъ	czech	devátý	ˈdɛvaːtiː		IN_WIKTIONARY
dérnъ	czech	dřín	ˈdr̝iːn		IN_WIKTIONARY
dē̌žà	czech	díž	ˈɟiːʃ
dělati	czech	dělati	ˈɟɛlat
děliti	czech	děliti	ˈɟɛlɪt
dětę	czech	dítě	ˈɟiːcɛ		IN_WIKTIONARY
děti	czech	děti	ɟɛcɪ		IN_WIKTIONARY
dě̀dъ	czech	děd	ˈɟɛt		IN_WIKTIONARY
dě̀lo	czech	dílo	ˈɟiːlo		IN_WIKTIONARY
dě̀va	czech	děva	ˈɟɛva		IN_WIKTIONARY
dě́lъ	czech	díl	ˈɟiːl		IN_WIKTIONARY
dě̄rà	czech	díra	ˈɟiːra		IN_WIKTIONARY
dȅsętь	czech	deset	ˈdɛsɛt		IN_WIKTIONARY
dȅvętь	czech	devět	ˈdɛvjɛt		IN_WIKTIONARY
dȇrvo	czech	dřevo	ˈdr̝ɛvɔ		IN_WIKTIONARY
dęglь	czech	děhel	ˈɟɛɦɛl		IN_WIKTIONARY
dętelъ	czech	datel	ˈdatɛl		IN_WIKTIONARY
divъ	czech	div	ˈɟɪf		IN_WIKTIONARY
divьnъ	czech	divný	ˈɟɪvniː		IN_WIKTIONARY
do	czech	do	do		IN_WIKTIONARY
doba	czech	doba	ˈdoba	ˈdoba	SAME
dobrъ	czech	dobrý	ˈdobriː		IN_WIKTIONARY
dojidlo	czech	dojidlo	ˈdojɪdlo	ˈdojɪdlo	SAME
dojìti	czech	dojiti	ˈdojɪt	ˈdojɪtɪ	DIFFERENT
doltò	czech	dláto	ˈdlaːto		IN_WIKTIONARY
dolъ	czech	důl	ˈduːl		IN_WIKTIONARY
domovъ	czech	domový	ˈdomoviː
dòlnь	czech	dlaň	ˈdlaɲ		IN_WIKTIONARY
dòrga	czech	dráha	ˈdraːɦa		IN_WIKTIONARY
dȍma	czech	doma	ˈdoma		IN_WIKTIONARY
dȏmъ	czech	du̥m	ˈduː	ˈdu	DIFFERENT
dȏrgъ	czech	drahý	ˈdraɦiː		IN_WIKTIONARY
dǫ̀ti	czech	douti	[ˈdou̯t]		CORRECTED
dǭgà	czech	duha	ˈduɦa		IN_WIKTIONARY
dǫ̑bъ	czech	dub	ˈdup		IN_WIKTIONARY
drě̄màti	czech	dřímati	ˈdr̝iːmat
drobà	czech	droba	ˈdroba		IN_WIKTIONARY
drobìna	czech	droba	ˈdroba		IN_WIKTIONARY
drobìti	czech	drobiti	ˈdrobɪt	ˈdrobɪtɪ	DIFFERENT
drobъ	czech	drob	[ˈdrop]		CORRECTED
drobьnъ	czech	drobný	ˈdrobniː		IN_WIKTIONARY
drozdъ	czech	drozd	ˈdrost		IN_WIKTIONARY
drǫ́gъ	czech	drouh	ˈdrou̯x	ˈdrou̯x	SAME
drǫ́kъ	czech	drouk	ˈdrou̯k	ˈdrou̯k	SAME
družìna	czech	družina	[ˈdruʒɪna]		CORRECTED
drȗgъ	czech	druhý	ˈdruɦiː		IN_WIKTIONARY
drāpàti	czech	drápati	ˈdraːpat
drъgati	czech	drhati	ˈdr̩ɦat	ˈdr̩ɦatɪ	DIFFERENT
drъ̏vo	czech	drvo	ˈdr̩vo	ˈdr̩vo	SAME
dura	czech	dʹoura	ˈdrou̯ra
durьnъ	czech	durný	ˈdurniː
duti	czech	douti	[ˈdou̯t]		CORRECTED
dužь	czech	duží	ˈduʒiː
dȗxъ	czech	duch	dux		IN_WIKTIONARY
dva	czech	dva	[ˈdva]		CORRECTED
dvojь	czech	dvojí	ˈdvojiː
dvòrъ	czech	dvůr	dvuːr		IN_WIKTIONARY
dvьrь	czech	dveře	ˈdvɛr̝ɛ		IN_WIKTIONARY
dỳmъ	czech	dým	diːm		IN_WIKTIONARY
dāvàti	czech	dávati	ˈdaːvat
dāvìti	czech	dáviti	ˈdaːvɪt
dīvìti sę	czech	diviti se	ˈɟɪvɪt	ˈdɪvɪtɪ sɛ	DIFFERENT
dūrìti sę	czech	duřít sa	dur̝iːt sa
dūxàti	czech	douchati	ˈdou̯xat	ˈdou̯xatɪ	DIFFERENT
dūšà	czech	duše	ˈduʃɛ		IN_WIKTIONARY
dъnò	czech	dno	ˈdno		IN_WIKTIONARY
dъva	czech	dva	[ˈdva]		CORRECTED
dъvojь	czech	dvojí	ˈdvojiː
dъxnǫti	czech	dchnouti	ˈtxnou̯t
dъxъ	czech	dech	[ˈdɛx]		CORRECTED
dъždžь	czech	déštʹ	ˈdɛːʃt
dъ̑lgъ	czech	dluh	dlux		IN_WIKTIONARY
dьliti	czech	dlíti	ˈdliːcɪ
dьlti	czech	dlbsti	ˈdl̩pscɪ	ˈdl̩pscɪ	SAME
dьlь	czech	dél	ˈdɛːl
dьnьsь	czech	dnes	dnɛs		IN_WIKTIONARY
dьrati	czech	dráti	ˈdraːcɪ
dьrbati	czech	drbati	ˈdr̩bat	ˈdr̩batɪ	DIFFERENT
dьrgati	czech	drhati	ˈdr̩ɦat	ˈdr̩ɦatɪ	DIFFERENT
dьrnǫti	czech	drhnouti	ˈdr̩ɦnou̯t	ˈdr̩ɦnou̯cɪ	DIFFERENT
dьrpati	czech	drpati	ˈdr̩pat	ˈdr̩patɪ	DIFFERENT
dьrzъ	czech	drzý	ˈdr̩ziː		IN_WIKTIONARY
dьržati	czech	držeti	ˈdr̩ʒɛt	ˈdr̩ʒɛcɪ	DIFFERENT
dь̀lgъ	czech	dlouhý	ˈdlou̯ɦiː		IN_WIKTIONARY
dь̑nь	czech	den	dɛn		IN_WIKTIONARY
elьcь	czech	jelec	ˈjɛlɛt͡s	ˈjɛlɛt͡s	SAME
erębina	czech	jařabina	ˈjar̝abɪna
esmь	czech	jsem	ˈjsɛm		IN_WIKTIONARY
estь	czech	jest	jɛst	ˈjɛst	DIFFERENT
ešče	czech	ještě	ˈjɛʃcɛ		IN_WIKTIONARY
ežь	czech	jež	jɛʃ	ˈjɛʃ	DIFFERENT
ědro	czech	ňadro	ɲadro		IN_WIKTIONARY
ěrę	czech	jeřátko	ˈjɛr̝aːtko
ěrina	czech	jařina	ˈjar̝ɪna
ěrostь	czech	jarost	ˈjarost	ˈjarost	SAME
ěrъ	czech	jarý	ˈjariː		IN_WIKTIONARY
ěrъka	czech	jarka	ˈjarka	ˈjarka	SAME
ěsti	czech	jísti	ˈjiːst
ěti	czech	jeti	ˈjɛcɪ	ˈjɛcɪ	SAME
ěxati	czech	jechati	ˈjɛxat	ˈjɛxatɪ	DIFFERENT
ězda	czech	jízda	ˈjiːzda		IN_WIKTIONARY
ě̀snъ	czech	jasný	ˈjasniː		IN_WIKTIONARY
ě̀zva	czech	jizva	ˈɪ̯ɪzva		IN_WIKTIONARY
ě̑rъ	czech	jarý	ˈjariː		IN_WIKTIONARY
ȇ̌dъ	czech	jed	jɛt		IN_WIKTIONARY
ęzỳkъ	czech	jazyk	ˈjazɪk		IN_WIKTIONARY
ęčati	czech	ječeti	ˈjɛt͡ʃɛt	ˈjɛt͡ʃɛcɪ	DIFFERENT
ęčьmy	czech	ječmen	ˈjɛt͡ʃmɛn		IN_WIKTIONARY
gabati	czech	habati	ˈɦabat	ˈɦabatɪ	DIFFERENT
gadati	czech	hádati	ˈɦaːdat
gaditi	czech	haditi	ˈɦaɟɪt	ˈɦaɟɪtɪ	DIFFERENT
gasnǫti	czech	hasnouti	ˈɦasnou̯t	ˈɦasnou̯cɪ	DIFFERENT
gàdъ	czech	had	ɦat		IN_WIKTIONARY
glazъ	czech	hlaz	ˈɦlas	ˈɦlas	SAME
glàdъkъ	czech	hladký	ˈɦlatkiː		IN_WIKTIONARY
ględěti	czech	hleděti	ˈɦlɛɟɛt
glìna	czech	hlína	ˈɦliːna		IN_WIKTIONARY
glìva	czech	hlíva	ˈɦliːva		IN_WIKTIONARY
globìti	czech	hlobiti	ˈɦlobɪt	ˈɦlobɪtɪ	DIFFERENT
glògъ	czech	hloh	ˈɦlox	ˈɦlox	SAME
glǫbòkъ	czech	hluboký	ˈɦlubokiː		IN_WIKTIONARY
glupъ	czech	hloupý	ˈɦlou̯piː		IN_WIKTIONARY
glȗxъ	czech	hluchý	ˈɦluxiː		IN_WIKTIONARY
glъtati	czech	hltati	[ˈɦl̩tat]		CORRECTED
glьjь	czech	glʹej	ˈɡljɛj
gnestì	czech	hnísti	ˈɦɲiːst
gně̀vъ	czech	hněv	ɦɲɛf		IN_WIKTIONARY
gně̄zdò	czech	hnízdo	ˈɦɲiːzdo		IN_WIKTIONARY
gnȏjь	czech	hnu̥j	ˈɦnuj	ˈɦnu	DIFFERENT
gnusiti	czech	hnusiti	[ˈɦnusɪt]		CORRECTED
gnusьnъ	czech	hnusný	ˈɦnusniː		IN_WIKTIONARY
gnȗsъ	czech	hnus	ˈɦnus		IN_WIKTIONARY
gńilъ	czech	hnilý	ˈɦɲɪliː
gńìda	czech	hnida	ˈɦɲɪda		IN_WIKTIONARY
gńìti	czech	hníti	ˈɦɲiːcɪ
godina	czech	hodina	ˈɦoɟɪna		IN_WIKTIONARY
goditi	czech	hoditi	[ˈɦoɟɪt]		CORRECTED
godъ	czech	hod	ɦot		IN_WIKTIONARY
godьnъ	czech	hodný	ˈɦɔdniː		IN_WIKTIONARY
gojiti	czech	hojiti	ˈɦojɪt	ˈɦojɪtɪ	DIFFERENT
golěnь	czech	holeň	ˈhɔlɛɲ		IN_WIKTIONARY
golgolati	czech	hlaholati	ˈɦlaɦolat	ˈɦlaɦolatɪ	DIFFERENT
golgolъ	czech	hlahol	ˈɦlaɦol		IN_WIKTIONARY
golota	czech	holota	ˈɦolota		IN_WIKTIONARY
golotь	czech	holotʹ, holot	ˈɦolot ɦo ɦolot
golvà	czech	hlava	ˈɦlava		IN_WIKTIONARY
gonìti	czech	honiti	ˈɦonɪt	ˈɦoɲɪtɪ	DIFFERENT
gorà	czech	hora	ˈɦora		IN_WIKTIONARY
gorěti	czech	horěti	ˈɦorjɛcɪ
gorьjь	czech	horší	ˈɦorʃiː		IN_WIKTIONARY
gorьkъ	czech	hořký	ˈɦor̝̊kiː		IN_WIKTIONARY
gověti	czech	hověti	ˈɦovjɛcɪ
govę̀do	czech	hovado	ˈɦɔvaˌdɔ		IN_WIKTIONARY
govorìti	czech	hovořiti	ˈɦovor̝ɪt
govorъ	czech	hovor	ˈɦovor		IN_WIKTIONARY
govьnò	czech	hovno	ˈɦovno		IN_WIKTIONARY
gòlъ	czech	holý	ˈɦoliː		IN_WIKTIONARY
gòrxъ	czech	hrách	ˈɦraːx		IN_WIKTIONARY
gȍlǫbь	czech	holub	[ˈɦolup]		CORRECTED
gȍr̨e	czech	hoře	ˈɦor̝ɛ		IN_WIKTIONARY
gȏjь	czech	hoj	ˈɦoj		IN_WIKTIONARY
gȏldъ	czech	hlad	[ˈɦlat]		CORRECTED
gȏlsъ	czech	hlas	ɦlas		IN_WIKTIONARY
gȏrdъ	czech	hrad	ˈɦrat		IN_WIKTIONARY
gȏstь	czech	host	ˈɦost		IN_WIKTIONARY
gǫsti	czech	housti	ˈɦou̯st	ˈɦou̯scɪ	DIFFERENT
gǫžь	czech	houž	ˈɦou̯ʃ	ˈɦou̯ʃ	SAME
gǫ̀ba	czech	houba	ˈɦoʊ̯ba		IN_WIKTIONARY
gǫ̑stъ	czech	hustý	ˈɦustiː		IN_WIKTIONARY
gǫ̑sь	czech	hus	ˈɦus		IN_WIKTIONARY
gràdъ	czech	hrady	ˈɦradɪ	ˈɦradɪ	SAME
grebenь	czech	hřeben	ˈɦr̝ɛbɛn		IN_WIKTIONARY
greti	czech	hřesti	ˈɦr̝ɛscɪ
grějati	czech	hřáti	ˈɦr̝aːcɪ
grěti	czech	hřáti	ˈɦr̝aːcɪ
grě́xъ	czech	hřích	ɦr̝iːx		IN_WIKTIONARY
grę̄dà	czech	hřada	ˈɦr̝ada
grę̑znǫti	czech	hřeznouti	ˈɦr̝ɛznou̯t
grę̑zь	czech	hřez	ˈɦr̝ɛs
grivьna	czech	hřivna	ˈɦr̝ɪvna
grìva	czech	hříva	ˈɦr̝iːva		IN_WIKTIONARY
grobъ	czech	hrob	ˈɦrop		IN_WIKTIONARY
gromada	czech	hromada	[ˈɦromada]		CORRECTED
grozà	czech	hru̥za	ˈɦruː	ˈɦru	DIFFERENT
groziti	czech	hroziti	ˈɦrozɪt	ˈɦrozɪtɪ	DIFFERENT
grozьnъ	czech	hrozný	ˈɦrozniː		IN_WIKTIONARY
grȏmъ	czech	hrom	ˈɦrom		IN_WIKTIONARY
grǫziti	czech	hroužiti	ˈɦrouʒɪt	ˈɦrou̯ʒɪtɪ	DIFFERENT
grǫ̑dь	czech	hrudʹ	ˈɦrut
gryzati	czech	hryzati	ˈɦrɪzat	ˈɦrɪzatɪ	DIFFERENT
grỳzti	czech	hrýzti	ˈɦriːst
grьměti	czech	hřm̌eti	ˈɦr̝mɛt
gubìti	czech	hubiti	ˈɦubɪt	ˈɦubɪtɪ	DIFFERENT
gumьnò	czech	humno	ˈɦumno		IN_WIKTIONARY
gvě̄zdà	czech	hvězda	ˈɦvjɛzda		IN_WIKTIONARY
gybati	czech	hýbati	ˈɦiːbat
gyža	czech	hyže	ˈɦɪʒɛ	ˈɦɪʒɛ	SAME
gỳnǫti	czech	hynout	ˈɦɪnou̯t		IN_WIKTIONARY
gāsìti	czech	hasiti	ˈɦasɪt	ˈɦasɪtɪ	DIFFERENT
gъnàti	czech	hnáti	ˈɦnaːt
gъnǫti	czech	hnouti	ˈɦnou̯t	ˈɦnou̯cɪ	DIFFERENT
gъrkati	czech	hrkati	ˈɦr̩kat	ˈɦr̩katɪ	DIFFERENT
gъ̀rdlo	czech	hrdlo	ˈɦr̩dlo		IN_WIKTIONARY
gъ̑rdъ	czech	hrdý	ˈɦr̩diː		IN_WIKTIONARY
gъ̑rstь	czech	hrst	[ˈɦr̩st]		CORRECTED
i	czech	i	ɪ		IN_WIKTIONARY
ju	czech	již	ˈjɪʃ		IN_WIKTIONARY
juže	czech	již	ˈjɪʃ		IN_WIKTIONARY
jùgъ	czech	jih	jɪx		IN_WIKTIONARY
jȗnъ	czech	juný	ˈjuniː
jūxà	czech	jícha	ˈjiːxa
jьde	czech	jdeže	ˈjdɛʒɛ	ˈjɛdʒɛ	DIFFERENT
jьgrati	czech	hráti	ˈɦraːt
jьgъlà	czech	jehla	ˈjɛɦla		IN_WIKTIONARY
jьlъ	czech	jíl	jiːl		IN_WIKTIONARY
jьlьmъ	czech	jilm	ˈjɪlm		IN_WIKTIONARY
jьmàti	czech	jímati	ˈjiːmat
jьměti	czech	míti	ˈmiːcɪ
jьmę	czech	jméno	ˈjmɛːno		IN_WIKTIONARY
jьnogъ	czech	noh	ˈnox		IN_WIKTIONARY
jь̑go	czech	jho	jɦo		IN_WIKTIONARY
kadìdlo	czech	kadidlo	ˈkaɟɪdlo		IN_WIKTIONARY
kaliti	czech	kaliti	ˈkalɪt	ˈkalɪtɪ	DIFFERENT
kamy	czech	kámen	ˈkaːmɛn		IN_WIKTIONARY
kara	czech	kára	ˈkaːra		IN_WIKTIONARY
karati	czech	kárati	ˈkaːrat
kasati	czech	kasati	[ˈkasat]		CORRECTED
kazati	czech	kázati	ˈkaːzat
kaziti	czech	kaziti	ˈkazɪt	ˈkazɪtɪ	DIFFERENT
kaznь	czech	kázeň	ˈkaːzɛɲ		IN_WIKTIONARY
kašl̨ati	czech	kašlati	ˈkaʃlat	ˈkaʃlatɪ	DIFFERENT
kašlь	czech	kašel	[ˈkaʃɛl]		CORRECTED
kašьl̨ati	czech	kašlati	ˈkaʃlat	ˈkaʃlatɪ	DIFFERENT
kašьlь	czech	kašel	[ˈkaʃɛl]		CORRECTED
kàjati sę	czech	káti se	kaːtɪ sɛ
kȃlъ	czech	kal	ˈkal		IN_WIKTIONARY
klasti	czech	klásti	ˈklaːst
klekotati	czech	klekotati	ˈklɛkotat	ˈklɛkotatɪ	DIFFERENT
klekotъ	czech	klekot	ˈklɛkot	ˈklɛkot	SAME
klekъtati	czech	klektati	ˈklɛktat	ˈklɛktatɪ	DIFFERENT
klějь	czech	klej	ˈklɛj	ˈklɛj	SAME
klěšča	czech	kleště	ˈklɛʃcɛ		IN_WIKTIONARY
klěščiti	czech	kleštiti	ˈklɛʃcɪt	ˈklɛʃcɪtɪ	DIFFERENT
klęčati	czech	klečeti	ˈklɛt͡ʃɛt	ˈklɛt͡ʃɛcɪ	DIFFERENT
klokotati	czech	klokotati	ˈklokotat	ˈklokotatɪ	DIFFERENT
kl̨učiti	czech	klíčiti	ˈkliːt͡ʃɪt
kl̨ùka	czech	klika	ˈklɪka		IN_WIKTIONARY
kl̨účь	czech	klíč	ˈkliːt͡ʃ		IN_WIKTIONARY
kokošь	czech	kokoš	[ˈkokoʃ]		CORRECTED
kolě̀no	czech	koleno	ˈkolɛno		IN_WIKTIONARY
koliko	czech	koliko	ˈkolɪko
kolo	czech	kolo	ˈkolo		IN_WIKTIONARY
kolti	czech	kláti	ˈklaːcɪ
koltiti	czech	klátiti	ˈklaːcɪt
konьcь	czech	konec	ˈkonɛt͡s		IN_WIKTIONARY
kopa	czech	kopa	ˈkopa		IN_WIKTIONARY
kopati	czech	kopati	ˈkopat	ˈkopatɪ	DIFFERENT
koprъ	czech	kopr	kopr̩		IN_WIKTIONARY
kopьje	czech	kopí	ˈkopiː		IN_WIKTIONARY
korà	czech	kůra	ˈkuːra		IN_WIKTIONARY
korenь	czech	kořen	ˈkor̝ɛn		IN_WIKTIONARY
korica	czech	skořice	ˈskor̝ɪt͡sɛ		IN_WIKTIONARY
korìti sę	czech	kořiti se	kor̝ɪt
kortъkъ	czech	krátký	ˈkraːtkiː		IN_WIKTIONARY
korỳto	czech	koryto	ˈkorɪto		IN_WIKTIONARY
korьcь	czech	korec	ˈkorɛt͡s	ˈkorɛt͡s	SAME
kosà	czech	kosa	ˈkosa		IN_WIKTIONARY
kosmъ	czech	kosm	[ˈkosm]		CORRECTED
kotìti sę	czech	kotiti se	kocɪt sɛ	ˈkocɪtɪ sɛ	DIFFERENT
kotъ	czech	kót	koːt
kotьcь	czech	kotec	ˈkotɛt͡s		IN_WIKTIONARY
kovati	czech	kouti	ˈkou̯t	ˈkou̯cɪ	DIFFERENT
kozà	czech	koza	ˈkoza		IN_WIKTIONARY
kozьlъ	czech	kozel	ˈkozɛl		IN_WIKTIONARY
kòlda	czech	kláda	ˈklaːda		IN_WIKTIONARY
kòlъ	czech	ku̥l	ˈkuː	ˈku	DIFFERENT
kòn̨ь	czech	kůň	kuːɲ		IN_WIKTIONARY
kòrsta	czech	chrásta	ˈxraːsta
kòrva	czech	kráva	ˈkraːva		IN_WIKTIONARY
kòšь	czech	koš	ˈkoʃ		IN_WIKTIONARY
kòža	czech	ku̥že	ˈkudʒɛ	ˈku	DIFFERENT
kórtъ	czech	krát	kraːt		IN_WIKTIONARY
kȏlsъ	czech	klas	ˈklas	ˈklas	SAME
kȏstь	czech	kost	kost		IN_WIKTIONARY
kȏsъ	czech	kos	[ˈkos]		CORRECTED
kǫpina	czech	kupina	ˈkupɪna	ˈkupɪna	SAME
kǫsati	czech	kousati	ˈkou̯sat	ˈkou̯satɪ	DIFFERENT
kǫtja	czech	kuča	ˈkut͡ʃa	ˈkut͡ʃa	SAME
kǫ́tъ	czech	kout	ˈkou̯t		IN_WIKTIONARY
kǫ̑sъ	czech	kus	ˈkus		IN_WIKTIONARY
krajь	czech	kraj	ˈkraj		IN_WIKTIONARY
krakati	czech	krákati	ˈkraːkat
krasà	czech	krása	ˈkraːsa		IN_WIKTIONARY
krasti	czech	krásti	ˈkraːscɪ		IN_WIKTIONARY
krasьnъ	czech	krásný	ˈkraːsniː		IN_WIKTIONARY
kremy	czech	křemen	ˈkr̝̊ɛmɛn		IN_WIKTIONARY
krěpъ	czech	křepý	ˈkr̝̊ɛpiː
krěpъkъ	czech	křepký	ˈkr̝̊ɛpkiː
krě̀slo	czech	křeslo	ˈkr̝̊ɛslo		IN_WIKTIONARY
kričati	czech	křičeti	ˈkr̝̊ɪt͡ʃɛt
krȋkъ	czech	křik	ˈkr̝̊ɪk		IN_WIKTIONARY
krojiti	czech	krojiti	ˈkrojɪt	ˈkrojɪtɪ	DIFFERENT
kromě	czech	kromě	ˈkromjɛ		IN_WIKTIONARY
kropiti	czech	kropiti	ˈkropɪt	ˈkropɪtɪ	DIFFERENT
krotiti	czech	krotiti	ˈkrocɪt	ˈkrocɪtɪ	DIFFERENT
krotъkъ	czech	krotký	ˈkrotkiː		IN_WIKTIONARY
krovъ	czech	krov	ˈkrof	ˈkrof	SAME
krȍsno	czech	krosna	ˈkrosna		IN_WIKTIONARY
krǫtiti	czech	kroutiti	ˈkrou̯cɪt	ˈkrou̯cɪtɪ	DIFFERENT
krǫtъ	czech	krutý	ˈkrutiː		IN_WIKTIONARY
krǫ̑gъ	czech	kruh	ˈkrux		IN_WIKTIONARY
kruxъ	czech	kruch	ˈkrux	ˈkrux	SAME
kry	czech	krev	krɛv		IN_WIKTIONARY
krỳti	czech	krýti	ˈkriːt
krīdlò	czech	křídlo	kr̝̊iːdlo		IN_WIKTIONARY
krūpà	czech	kroupa	ˈkroʊ̯pa		IN_WIKTIONARY
krъvьnъ	czech	krevní	ˈkrɛvɲiː		IN_WIKTIONARY
kukati	czech	kukati	ˈkukat	ˈkukatɪ	DIFFERENT
kurenьje	czech	kouření	ˈkou̯r̝ɛɲiː		IN_WIKTIONARY
kurica	czech	kurica	ˈkurɪt͡sa	ˈkurɪt͡sa	SAME
kutiti	czech	kutiti	[ˈkucɪt]		CORRECTED
kuzn̨a	czech	kuzňa	ˈkuzɲa
kuča	czech	kuče	ˈkut͡ʃɛ	ˈkut͡ʃɛ	SAME
kvȃsъ	czech	kvas	ˈkvas	ˈkvas	SAME
kvě̑tъ	czech	květ	ˈkvjɛt		IN_WIKTIONARY
kvisti	czech	kvésti	ˈkvɛːscɪ		IN_WIKTIONARY
kydati	czech	kydati	ˈkɪdat	ˈkɪdatɪ	DIFFERENT
kydnǫti	czech	kydnouti	[ˈkɪdnou̯t]		CORRECTED
kyjь	czech	kyj	ˈkɪj		IN_WIKTIONARY
kypě̀ti	czech	kypěti	ˈkɪpjɛcɪ
kyprъ	czech	kyprý	ˈkɪpriː
kysati	czech	kysati	ˈkɪsat	ˈkɪsatɪ	DIFFERENT
kyvati	czech	kývati	ˈkiːvat
kyxati	czech	kýchati	ˈkiːxat
kỳla	czech	kýla	ˈkiːla
kādìti	czech	kaditi	ˈkaɟɪt	ˈkaɟɪtɪ	DIFFERENT
kūrìti	czech	kouřiti	ˈkou̯r̝ɪt
kъ	czech	k	k		IN_WIKTIONARY
kъde	czech	kde	ɡdɛ		IN_WIKTIONARY
kъlъ	czech	kel	[ˈkɛl]		CORRECTED
kъn	czech	k	k		IN_WIKTIONARY
kъrkati	czech	krkati	ˈkr̩kat	ˈkr̩katɪ	DIFFERENT
kъrknǫti	czech	krknouti	ˈkr̩knou̯t	ˈkr̩knou̯tɪ	DIFFERENT
kъrzno	czech	krzno	ˈkr̩zno	ˈkr̩zno	SAME
kъr̨ь	czech	keř	kɛr̝̊		IN_WIKTIONARY
kъto	czech	kdo	ɡdo		IN_WIKTIONARY
lazъ	czech	laz	ˈlas	ˈlas	SAME
làjati	czech	láti	ˈlaːcɪ
làpa	czech	tlapa	ˈtlapa		IN_WIKTIONARY
làska	czech	láska	ˈlaːska		IN_WIKTIONARY
làskati	czech	laskati	ˈlaskat	ˈlaskatɪ	DIFFERENT
làziti	czech	laziti	ˈlazɪt	ˈlazɪtɪ	DIFFERENT
legti	czech	léci	ˈlɛːt͡sɪ
lemexъ	czech	lemech	ˈlɛmɛx		IN_WIKTIONARY
letěti	czech	letěti	ˈlɛcɛt
ležàti	czech	ležeti	ˈlɛʒɛt	ˈlɛʒɛcɪ	DIFFERENT
lěgati	czech	lehati	ˈlɛɦat	ˈlɛɦatɪ	DIFFERENT
lěnìvъ	czech	lenivý	ˈlɛɲɪviː		IN_WIKTIONARY
lěnъ	czech	líný	ˈliːniː		IN_WIKTIONARY
lěnь	czech	léň	ˈlɛːɲ
lěpiti	czech	lepiti	ˈlɛpɪt	ˈlɛpɪtɪ	DIFFERENT
lěviti	czech	leviti	ˈlɛvɪt	ˈlɛvɪtɪ	DIFFERENT
lě̀to	czech	léto	ˈlɛːto		IN_WIKTIONARY
lě̀zti	czech	lézti	ˈlɛːst
lě̑pъ	czech	lep	ˈlɛp	ˈlɛp	SAME
lě̑sъ	czech	les	lɛs		IN_WIKTIONARY
lě̑vъ	czech	levý	ˈlɛviː		IN_WIKTIONARY
lě̑xà	czech	lícha	ˈliːxa
lȇdъ	czech	led	lɛt		IN_WIKTIONARY
lękti	czech	léci	ˈlɛːt͡sɪ
lixъ	czech	lichý	ˈlɪxiː		IN_WIKTIONARY
lišiti	czech	se	sɛ		IN_WIKTIONARY
lìti	czech	líti	ˈliːcɪ
lokati	czech	lokati	ˈlokat	ˈlokatɪ	DIFFERENT
lomìti	czech	lomiti	[ˈlomɪt]		CORRECTED
lonò	czech	lůno	ˈluːno
lopàta	czech	lopata	ˈlopata		IN_WIKTIONARY
lososь	czech	losos	ˈlosos		IN_WIKTIONARY
lovìti	czech	loviti	ˈlovɪt	ˈlovɪtɪ	DIFFERENT
lozà	czech	loza	ˈloza	ˈloza	SAME
lože	czech	lože	ˈloʒɛ		IN_WIKTIONARY
ložìti	czech	ložiti	[ˈloʒɪt]		CORRECTED
lȏjь	czech	lu̥j	ˈluːj	ˈlu	DIFFERENT
lȏvъ	czech	lov	lɔf		IN_WIKTIONARY
lǫkàvъ	czech	lukavý	ˈlukaviː
lǭčìti	czech	loučiti	ˈlou̯t͡ʃɪt	ˈlou̯t͡ʃɪcɪ	DIFFERENT
lǫ̑gъ	czech	luh	ˈlux		IN_WIKTIONARY
lǫ̑kъ	czech	luk	[ˈluk]		CORRECTED
lunà	czech	luna	ˈluna	ˈluna	SAME
luska	czech	luska	[ˈluska]		CORRECTED
luskъ	czech	lusk	ˈlusk		IN_WIKTIONARY
lučiti	czech	lučiti	ˈlut͡ʃɪt	ˈlut͡ʃɪcɪ	DIFFERENT
luščiti	czech	luštiti	ˈluʃcɪt	ˈluʃcɪtɪ	DIFFERENT
lùža	czech	louže	ˈlou̯ʒɛ		IN_WIKTIONARY
lȗbъ	czech	lub	[ˈlup]		CORRECTED
lysъ	czech	lysý	ˈlɪsiː		IN_WIKTIONARY
lytъka	czech	lýtko	ˈliːtko		IN_WIKTIONARY
līcè	czech	líce	ˈliːt͡sɛ
līzàti	czech	lízati	ˈliːzat
lǭkà	czech	louka	ˈlou̯ka		IN_WIKTIONARY
lūčà	czech	louče	ˈlou̯t͡ʃɛ	ˈlou̯t͡ʃɛ	SAME
l̨ubъ	czech	libý	ˈlɪbiː		IN_WIKTIONARY
l̨utiti sę	czech	lítiti se	liːcɪt sɛ
l̨utъ	czech	lítý	ˈliːtiː
l̨ȗdъ	czech	lid	ˈlɪt		IN_WIKTIONARY
l̨ȗdьje	czech	lidé	ˈlɪdɛː		IN_WIKTIONARY
l̨ūbìti sę	czech	líbiti se	liːbɪt
lъbъ	czech	lebka	ˈlɛpka		IN_WIKTIONARY
lъgati	czech	lháti	ˈlɦaːt
lъkno	czech	lekno	ˈlɛkno	ˈlɛkno	SAME
lъskъ	czech	lesk	ˈlɛsk	ˈlɛsk	SAME
lъžь	czech	lež	lɛʃ		IN_WIKTIONARY
lьdza	czech	lze	ˈlzɛ		IN_WIKTIONARY
lьgъkъ	czech	lehký	ˈlɛxkiː		IN_WIKTIONARY
lьjati	czech	líti	ˈliːcɪ
lьněnъ	czech	lněný	ˈlɲɛniː
lьnǫti	czech	lnouti	[ˈlnou̯cɪ]		CORRECTED
lь̑nъ	czech	len	lɛn		IN_WIKTIONARY
lь̑stь	czech	lest	ˈlɛst		IN_WIKTIONARY
matati	czech	mátati	ˈmaːtat
materьstvo	czech	materstvo	ˈmatɛrstvo	ˈmatɛrstvo	SAME
màkъ	czech	mák	maːk		IN_WIKTIONARY
màlъ	czech	malý	ˈmaliː		IN_WIKTIONARY
màslo	czech	máslo	ˈmaːslo		IN_WIKTIONARY
màzati	czech	mazati	[ˈmazat]		CORRECTED
mȃmъ	czech	mam	ˈmam	ˈmam	SAME
mȃstь	czech	mast	ˈmast		IN_WIKTIONARY
medjà	czech	meze	ˈmɛzɛ	ˈmɛzɛ	SAME
medju	czech	mezi	ˈmɛzɪ		IN_WIKTIONARY
medojědъ	czech	medojed	ˈmɛdojɛt	ˈmɛdojɛt	SAME
medvě̀dь	czech	medvěd	ˈmɛdvjɛt		IN_WIKTIONARY
melkò	czech	mléko	ˈmlɛːko		IN_WIKTIONARY
melti	czech	mlíti	ˈmliːcɪ
merti	czech	mříti	ˈmr̝iːcɪ
mestì	czech	mésti	ˈmɛːst
metàti	czech	metati	[ˈmɛtat]		CORRECTED
mèrža	czech	mříže	ˈmr̝iːʒɛ
měna	czech	měna	ˈmɲɛna		IN_WIKTIONARY
měniti	czech	měniti	ˈmɲɛɲɪt
mě̀dь	czech	mědʹ	ˈmɲɛt
mě̀ra	czech	míra	ˈmiːra		IN_WIKTIONARY
mě̀riti	czech	měřiti	ˈmɲɛr̝ɪt
mě̀sęcь	czech	měsíc	ˈmɲɛsiːt͡s		IN_WIKTIONARY
mě̀sto	czech	město	ˈmɲɛsto		IN_WIKTIONARY
mě̄zgà	czech	míza	ˈmiːza		IN_WIKTIONARY
mě̑sìti	czech	mísiti	ˈmiːsɪt
mȇdъ	czech	med	mɛt		IN_WIKTIONARY
mę	czech	mě	ˈmɲɛ
męknǫti	czech	měknouti	ˈmɲɛknou̯t
mękъkъ	czech	měkký	ˈmɲɛkiː		IN_WIKTIONARY
męsti	czech	másti	ˈmaːst
mę̑so	czech	maso	ˈmaso		IN_WIKTIONARY
migati	czech	míhati	ˈmiːɦat
mijati	czech	míjeti	ˈmiːjɛt
mikati	czech	mikati	ˈmɪkat	ˈmɪkatɪ	DIFFERENT
mimo	czech	mimo	ˈmɪmo		IN_WIKTIONARY
minovati	czech	minovati	ˈmɪnovat	ˈmɪnovatɪ	DIFFERENT
minǫti	czech	minouti	ˈmɪnou̯t	ˈmɪnou̯tɪ	DIFFERENT
mirъ	czech	mír	miːr		IN_WIKTIONARY
mitva	czech	mitvy	ˈmɪtvɪ	ˈmɪtvɪ	SAME
mižati	czech	mžeti	ˈmʒɛcɪ	ˈmʒɛcɪ	SAME
mìlъ	czech	milý	ˈmɪliː		IN_WIKTIONARY
mȋgъ	czech	mih	ˈmɪx	ˈmɪx	SAME
modla	czech	modla	ˈmodla		IN_WIKTIONARY
modliti sę	czech	modliti se	modlɪt sɛ sɛ	ˈmodlɪtɪ sɛ	DIFFERENT
modrъ	czech	modrý	ˈmodriː
mogti	czech	moci	ˈmot͡sɪ		IN_WIKTIONARY
mogtь	czech	moc	ˈmot͡s		IN_WIKTIONARY
mojь	czech	mu̥j	ˈmuːj	ˈmu	DIFFERENT
mokrъ	czech	mokrý	ˈmokriː		IN_WIKTIONARY
moldenьcь	czech	mládenec	ˈmlaːdɛnɛt͡s		IN_WIKTIONARY
moldъ	czech	mladý	ˈmladiː		IN_WIKTIONARY
moltiti	czech	mlátiti	ˈmlaːcɪt
molь	czech	mol	ˈmol		IN_WIKTIONARY
morà	czech		
morъ	czech	mor	ˈmor		IN_WIKTIONARY
motati	czech	motati	ˈmotat	ˈmotatɪ	DIFFERENT
motyka	czech	motyka	ˈmotɪka		IN_WIKTIONARY
močìti	czech	močiti	ˈmot͡ʃɪt	ˈmot͡ʃɪcɪ	DIFFERENT
mošьna	czech	mošna	ˈmoʃna	ˈmoʃna	SAME
mòrzъ	czech	mráz	mraːs		IN_WIKTIONARY
mȍr̨e	czech	moře	mor̝ɛ		IN_WIKTIONARY
mȏltъ	czech	mlat	ˈmlat	ˈmlat	SAME
mȏrkъ	czech	mrak	mrak		IN_WIKTIONARY
mȏstъ	czech	most	most		IN_WIKTIONARY
mȏzgъ	czech	mozek	ˈmozɛk		IN_WIKTIONARY
mǫ̀ka	czech	muka	ˈmuka		IN_WIKTIONARY
mǫ̀čiti	czech	mučiti	ˈmut͡ʃɪt	ˈmut͡ʃɪtɪ	DIFFERENT
mǫ́drъ	czech	moudrý	ˈmou̯driː		IN_WIKTIONARY
mǭtìti	czech	moutiti	ˈmou̯cɪt	ˈmou̯cɪtɪ	DIFFERENT
mǫ̑žь	czech	muž	ˈmuʃ		IN_WIKTIONARY
mùxa	czech	moucha	ˈmou̯xa		IN_WIKTIONARY
my	czech	my	[ˈmɪ]		CORRECTED
mykati	czech	mykati	ˈmɪkat	ˈmɪkatɪ	DIFFERENT
myto	czech	mýto	ˈmiːto		IN_WIKTIONARY
mỳdlo	czech	mýdlo	ˈmiːdlo		IN_WIKTIONARY
mỳti	czech	mýti	ˈmiːt
mỳšь	czech	myš	ˈmɪʃ		IN_WIKTIONARY
my̑slь	czech	mysl	ˈmɪsl̩		IN_WIKTIONARY
māxàti	czech	máchati	ˈmaːxat
mǭkà	czech	mouka	ˈmou̯ka		IN_WIKTIONARY
mъdьlь	czech	mdlý	mdliː		IN_WIKTIONARY
mъknǫti	czech	mknouti	[ˈmknou̯t]		CORRECTED
mъldni	czech	mlna	[ˈml̩na]		CORRECTED
mъlva	czech	mluva	ˈmluva		IN_WIKTIONARY
mъlviti	czech	mluviti	ˈmluvɪcɪ		IN_WIKTIONARY
mъnogъ	czech	mnohý	ˈmnoɦiː		IN_WIKTIONARY
mъrgati	czech	mrgatʹ	ˈmr̩ɡat
mъrky	czech	mrkev	mr̩kɛv		IN_WIKTIONARY
mъrmrati	czech	mrmrati	ˈmr̩mrat	ˈmr̩mratɪ	DIFFERENT
mъrmъrati	czech	mrmrati	ˈmr̩mrat	ˈmr̩mratɪ	DIFFERENT
mъxъ	czech	mech	mɛx		IN_WIKTIONARY
mъčati	czech	mčeti	ˈmt͡ʃɛcɪ	ˈmt͡ʃɛcɪ	SAME
mъšica	czech	mšice	ˈmʃɪt͡sɛ		IN_WIKTIONARY
mьgnǫti	czech	mehnouti	[ˈmɛɦnou̯t]		CORRECTED
mьlčàti	czech	mlčeti	ˈml̩t͡ʃɛcɪ		IN_WIKTIONARY
mьně	czech	mně	ˈmɲɛ
mьněti	czech	mněti	ˈmɲɛcɪ
mьn̨e	czech	méně	ˈmɛːɲɛ		IN_WIKTIONARY
mьn̨eje	czech	méně	ˈmɛːɲɛ		IN_WIKTIONARY
mьn̨ьjь	czech	menší	ˈmɛnʃiː		IN_WIKTIONARY
mьrknǫti	czech	mrknouti	ˈmr̩knou̯t	ˈmr̩knou̯tɪ	DIFFERENT
mьrkъ	czech	mrk	mr̩k	ˈmr̩k	DIFFERENT
mьrzěti	czech	mrzeti	ˈmr̩zɛt	ˈmr̩zɛcɪ	DIFFERENT
mьrznǫti	czech	mrznouti	ˈmr̩znou̯t	ˈmr̩znou̯tɪ	DIFFERENT
mьstiti	czech	mstíti	ˈmsciːcɪ
mьzdà	czech	mzda	ˈmzda		IN_WIKTIONARY
mьžiti	czech	mžíti	ˈmʒiːcɪ
mь̀rtvъ	czech	mrtvý	ˈmr̩tviː		IN_WIKTIONARY
na	czech	na	[ˈna]		CORRECTED
nadъ	czech	nad	ˈnat		IN_WIKTIONARY
nasъ	czech	nás	ˈnaːs		IN_WIKTIONARY
natь	czech	natʹ	ˈnat
načęti	czech	načíti	ˈnat͡ʃiːt
náglъ	czech	náhlý	ˈnaːɦliː		IN_WIKTIONARY
nȃgъ	czech	nahý	ˈnaɦiː		IN_WIKTIONARY
ne	czech	ne	ˈnɛ		IN_WIKTIONARY
nebogъ	czech	nebohý	ˈnɛboɦiː		IN_WIKTIONARY
nedǫ̀gъ	czech	neduh	ˈnɛdux	ˈnɛdux	SAME
nestì	czech	nésti	ˈnɛːst
netopyr'ь	czech	netopýr	ˈnɛtoˌpiːr		IN_WIKTIONARY
nevě̀sta	czech	nevěsta	ˈnɛvjɛsta		IN_WIKTIONARY
nevodъ	czech	nevod	ˈnɛvot	ˈnɛvot	SAME
neže	czech	než	nɛʃ		IN_WIKTIONARY
nȅbo	czech	nebe	ˈnɛbɛ		IN_WIKTIONARY
ni	czech	ni	ˈɲɪ	ˈɲɪ	SAME
nicь	czech	nicí	ˈɲɪt͡siː
niknǫti	czech	niknouti	ˈɲɪknou̯t	ˈɲɪknou̯tɪ	DIFFERENT
ničati	czech	ničeti	ˈnɪt͡ʃɛt	ˈɲɪt͡ʃɛcɪ	DIFFERENT
nìtь	czech	nitʹ	ˈnɪt
nogà	czech	noha	ˈnoɦa		IN_WIKTIONARY
nogъtь	czech	nehet	ˈnɛɦɛt	ˈnɛɦɛt	SAME
norà	czech	nora	ˈnora		IN_WIKTIONARY
nosìti	czech	nositi	ˈnosɪt	ˈnosɪtɪ	DIFFERENT
nòvъ	czech	nový	ˈnoviː		IN_WIKTIONARY
nòžь	czech	nu̥ž	ˈnu	ˈnu	SAME
nȏktь	czech	noc	[ˈnot͡s]		CORRECTED
nȏsъ	czech	nos	nos		IN_WIKTIONARY
nuriti sę	czech	nuřiti se	nur̝ɪt
nāròdъ	czech	národ	ˈnaːrot		IN_WIKTIONARY
ob	czech	o	o		IN_WIKTIONARY
oba	czech	oba	oba		IN_WIKTIONARY
obětjati sę	czech	oběcat, oběcet	ˈobjɛt͡sat ˈobjɛt͡sɛt
obolkъ	czech	oblak	oblak		IN_WIKTIONARY
obuti	czech	obouti	ˈobou̯t	ˈobou̯cɪ	DIFFERENT
obьlъ	czech	oblý	ˈobliː
odolě̀ti	czech	odoleti	ˈodolɛt	ˈodolɛcɪ	DIFFERENT
oje	czech	oje	[ˈojɛ]		CORRECTED
okъnò	czech	okno	ˈokno		IN_WIKTIONARY
oldi	czech	lodʹ	ˈlot
olni	czech	loni	ˈloɲɪ		IN_WIKTIONARY
onutja	czech	onuce	ˈonut͡sɛ		IN_WIKTIONARY
onъ	czech	on	[ˈon]		CORRECTED
oràti	czech	orati	ˈorat	ˈoratɪ	DIFFERENT
orbiti	czech	robiti	ˈrobɪt	ˈrobɪtɪ	DIFFERENT
orbòta	czech	robota	ˈrɔbɔta		IN_WIKTIONARY
orbъ	czech	rob	rop		IN_WIKTIONARY
orě̀xъ	czech	ořech	ˈor̝ɛx		IN_WIKTIONARY
oriti	czech	obořiti	ˈobor̝ɪt
orkỳta	czech	rokyta	ˈrokɪta		IN_WIKTIONARY
orlьja	czech	role	ˈrolɛ		IN_WIKTIONARY
orǫdьje	czech	orudí	ˈoruɟiː
orsti	czech	růsti	ˈruːscɪ
orz	czech	roz-	ˈros	ˈros	SAME
orь̀lъ	czech	orel	ˈorɛl		IN_WIKTIONARY
osà	czech	vosa	ˈvosa		IN_WIKTIONARY
oskъrdъ	czech	oškrt	ˈoʃkr̩t		IN_WIKTIONARY
osmъ	czech	osmý	ˈosmiː		IN_WIKTIONARY
osnòvā	czech	osnova	ˈosnova		IN_WIKTIONARY
ostrъ	czech	ostrý	ˈostriː		IN_WIKTIONARY
ostь̀nъ	czech	osten	ˈostɛn	ˈostɛn	SAME
osъ̀tъ	czech	oset	[ˈosɛt]		CORRECTED
osь̀lъ	czech	osel	ˈosɛl	ˈosɛl	SAME
ot	czech	od	ot		IN_WIKTIONARY
otjutiti	czech	cítiti	ˈt͡siːcɪt
otjьtnǫti sę	czech	octnouti se	ot͡stnou̯t sɛ sɛ	ˈot͡stnou̯cɪ sɛ	DIFFERENT
otrokъ	czech	otrok	ˈotrok		IN_WIKTIONARY
otverti	czech	otevříti	ˈotɛvr̝iːcɪ
otvorìti	czech	otevříti	ˈotɛvr̝iːcɪ
otъ	czech	od	ot		IN_WIKTIONARY
otъverti	czech	otevříti	ˈotɛvr̝iːcɪ
otъvorìti	czech	otevříti	ˈotɛvr̝iːcɪ
otьcь	czech	otec	ˈotɛt͡s		IN_WIKTIONARY
ovьcà	czech	ovce	ˈoft͡sɛ		IN_WIKTIONARY
ovь̀sъ	czech	oves	ˈovɛs		IN_WIKTIONARY
òdrъ	czech	odr	ˈodr̩	ˈodr̩	SAME
ògn'ь	czech	oheň	ˈoɦɛɲ
òlkomъ	czech	lakomý	ˈlakomiː		IN_WIKTIONARY
òlkomъjь	czech	lakomý	ˈlakomiː		IN_WIKTIONARY
òlni	czech	laň	laɲ		IN_WIKTIONARY
òlčьnъ	czech	lačný	ˈlat͡ʃniː
òrdlo	czech	rádlo	ˈraːdlo		IN_WIKTIONARY
òrkъ	czech	rak	rak		IN_WIKTIONARY
òrtajь	czech	rataj	ˈrataj	ˈrataj	SAME
òsmь	czech	osm	osm̩		IN_WIKTIONARY
ȍko	czech	oko	ˈoko		IN_WIKTIONARY
ȍlovo	czech	olovo	ˈolovo		IN_WIKTIONARY
ȏlsь	czech	los	ˈlos		IN_WIKTIONARY
ǫdìti	czech	uditi	ˈuɟɪt	ˈuɟɪtɪ	DIFFERENT
ǫgorь	czech	úhoř	ˈuːɦor̝̊		IN_WIKTIONARY
ǫtrь	czech	vnitř	ˈvɲɪtr̝̊
ǫzъkъ	czech	úzký	ˈuːskiː		IN_WIKTIONARY
ǫ̀glь	czech	uhel	ˈuɦɛl		IN_WIKTIONARY
ǫ̀zlъ	czech	uzel	ˈuzɛl		IN_WIKTIONARY
ǫ́sъ	czech	vous	ˈvou̯s		IN_WIKTIONARY
ǫ́žь	czech	užovka	ˈuʒofka		IN_WIKTIONARY
ǫ̑gъlъ	czech	úhel	ˈuːɦɛl		IN_WIKTIONARY
palica	czech	palice	ˈpalɪt͡sɛ		IN_WIKTIONARY
palъka	czech	pálka	paːlka		IN_WIKTIONARY
palьcь	czech	palec	ˈpalɛt͡s		IN_WIKTIONARY
pasti	czech	pásti	ˈpaːscɪ
paxnǫti	czech	páchnouti	ˈpaːxnou̯t
pazduxa	czech	pazucha	ˈpazuxa	ˈpazuxa	SAME
pažitь	czech	pažit	ˈpaʒɪt	ˈpaʒɪt	SAME
pàdati	czech	padati	ˈpadat	ˈpadatɪ	DIFFERENT
pàmętь	czech	pamětʹ	ˈpamɲɛt
pàǭkъ	czech	pavouk	ˈpavou̯k		IN_WIKTIONARY
pàra	czech	pára	ˈpaːra		IN_WIKTIONARY
pekti	czech	péci	ˈpɛːt͡sɪ		IN_WIKTIONARY
per	czech	prě-	ˈpr̩
perdъ	czech	před	pr̝̊ɛt		IN_WIKTIONARY
però	czech	pero	ˈpɛro		IN_WIKTIONARY
perti sę	czech	příti se	pr̝̊iːcɪ sɛ
pèlti	czech	plíti	ˈpliːcɪ
pèlva	czech	pleva	ˈplɛva		IN_WIKTIONARY
pěsъ̀kъ	czech	písek	ˈpiːsɛk		IN_WIKTIONARY
pěti	czech	pěti	ˈpjɛcɪ
pěšь	czech	pěší	ˈpjɛʃiː		IN_WIKTIONARY
pě̀na	czech	pěna	pjɛna		IN_WIKTIONARY
pě́stъ	czech	píst	ˈpiːst		IN_WIKTIONARY
pȇktь	czech	pec	pɛts		IN_WIKTIONARY
pȇlnъ	czech	plen	ˈplɛn		IN_WIKTIONARY
pę̑tь	czech	pět	ˈpjɛt		IN_WIKTIONARY
pętà	czech	pata	ˈpata		IN_WIKTIONARY
pęti	czech	pnouti	ˈpnou̯t	ˈpnou̯cɪ	DIFFERENT
pętъ	czech	pátý	ˈpaːtiː		IN_WIKTIONARY
pę̑dь	czech	pídʹ	ˈpiːt
pę̑stь	czech	pěstʹ	ˈpjɛst
pìti	czech	píti	ˈpiːcɪ
pìtja	czech	píce	ˈpiːt͡sɛ		IN_WIKTIONARY
pȋvo	czech	pivo	pɪvo		IN_WIKTIONARY
pjьvàti	czech	plíti	ˈpliːcɪ
plàkati	czech	plakati	ˈplakat	ˈplakatɪ	DIFFERENT
plàvati	czech	plavati	ˈplavat	ˈplavatɪ	DIFFERENT
plàviti	czech	plaviti	[ˈplavɪt]		CORRECTED
plástъ	czech	plást	ˈplaːst		IN_WIKTIONARY
plesti	czech	plésti	ˈplɛːst
pletjè	czech	plec	ˈplɛt͡s	ˈplɛt͡s	SAME
plěna	czech	plena	ˈplɛna		IN_WIKTIONARY
plěsnь	czech	plíseň	ˈpliːsɛɲ		IN_WIKTIONARY
plě̑šь	czech	pleš	[ˈplɛʃ]		CORRECTED
ploskъ	czech	ploský	ˈploskiː
plotъ	czech	plot	ˈplot		IN_WIKTIONARY
pluti	czech	plouti	ˈplou̯cɪ	ˈplou̯cɪ	SAME
pl̨ūtjè	czech	plíce	ˈpliːt͡sɛ		IN_WIKTIONARY
podòba	czech	podoba	ˈpodoba		IN_WIKTIONARY
podъ	czech	pod	pot		IN_WIKTIONARY
poìti	czech	pojiti	ˈpojɪt	ˈpojɪtɪ	DIFFERENT
polè̌no	czech	poleno	ˈpolɛno		IN_WIKTIONARY
polìca	czech	police	ˈpolɪt͡sɛ		IN_WIKTIONARY
poltьnò	czech	plátno	ˈplaːtno		IN_WIKTIONARY
polvъ	czech	plavý	ˈplaviː
polxъ	czech	poplach	ˈpoplax		IN_WIKTIONARY
polšiti	czech	plašiti	ˈplaʃɪt	ˈplaʃɪcɪ	DIFFERENT
polъ	czech	pu̥l	ˈpuː	ˈpu	DIFFERENT
pozdъ	czech	pozdě	ˈpozɟɛ		IN_WIKTIONARY
pozdьnъ	czech	pozdní	ˈpozdɲiː		IN_WIKTIONARY
pòlmy	czech	plamen	ˈplamɛn		IN_WIKTIONARY
pòlxъ	czech	plachý	ˈplaxiː		IN_WIKTIONARY
pòrgъ	czech	práh	ˈpraːx		IN_WIKTIONARY
pȍjāsъ	czech	pás	paːs		IN_WIKTIONARY
pȍl̨e	czech	pole	ˈpolɛ		IN_WIKTIONARY
pȍrsę	czech	prase	ˈprasɛ		IN_WIKTIONARY
pȏlzъ	czech	plaz	ˈplas		IN_WIKTIONARY
pȏrxъ	czech	prach	[ˈprax]		CORRECTED
pȏtъ	czech	pot	pot		IN_WIKTIONARY
pǫditi	czech	puditi	[ˈpuɟɪt]		CORRECTED
pǫkъ	czech	puk	ˈpuk	ˈpuk	SAME
pǫčati	czech	pučeti	ˈput͡ʃɛt	ˈput͡ʃɛcɪ	DIFFERENT
pǫ̀to	czech	pouto	ˈpou̯to		IN_WIKTIONARY
pǫ́tь	czech	poutʹ	ˈpou̯t
pràvъ	czech	pravý	ˈpraviː		IN_WIKTIONARY
pręsti	czech	přísti	ˈpr̝̊iːst
pri	czech	při	pr̝̊ɪ		IN_WIKTIONARY
prijatelь	czech	přítel	ˈpr̝̊iːtɛl		IN_WIKTIONARY
prijati	czech	přáti	ˈpr̝̊aːt
prosìti	czech	prositi	ˈprosɪt	ˈprosɪtɪ	DIFFERENT
prosterti	czech	prostříti	ˈprostr̝̊iːcɪ
prȏstъ	czech	prostý	ˈprostiː		IN_WIKTIONARY
prǫglo	czech	pruhlo	ˈpruɦlo	ˈpruɦlo	SAME
pryskati	czech	prýskati	ˈpriːskat
prъskati	czech	prskati	ˈpr̩skat	ˈpr̩skatɪ	DIFFERENT
pustìti	czech	pustiti	ˈpuscɪt	ˈpuscɪtɪ	DIFFERENT
puxlъ	czech	pouchlý	ˈpou̯xliː
puxnǫti	czech	puchnouti	ˈpuxnou̯t	ˈpuxnou̯tɪ	DIFFERENT
pȗstъ	czech	pustý	ˈpustiː		IN_WIKTIONARY
pālìti	czech	páliti	ˈpaːlɪt
pāxàti	czech	páchati	ˈpaːxat
pъlkъ	czech	pluk	ˈpluk		IN_WIKTIONARY
pъtákъ	czech	pták	ptaːk		IN_WIKTIONARY
pьrati	czech	práti	ˈpraːcɪ
pьrěti sę	czech	příti se	pr̝̊iːcɪ sɛ
pьrga	czech	prha	ˈpr̩ɦa		IN_WIKTIONARY
pьrvъ	czech	prvý	ˈpr̩viː		IN_WIKTIONARY
pьsàti	czech	psáti	ˈpsaːt
pьxati	czech	pcháti	ˈpxaːt
pьzděti	czech	bzdíti	ˈbzɟiːcɪ
pьšenò	czech	pšeno	ˈpʃɛno	ˈpʃɛno	SAME
pь̀lnъ	czech	plný	pl̩niː		IN_WIKTIONARY
pь̀rstъ	czech	prst	pr̩st		IN_WIKTIONARY
pь̀rsь	czech	prs	pr̩s		IN_WIKTIONARY
pь̀strъ	czech	pestrý	ˈpɛstriː		IN_WIKTIONARY
pь̀sъ	czech	pes	pɛs		IN_WIKTIONARY
pь̑lstь	czech	plstʹ	pl̩st
pь̑nь	czech	peň	ˈpɛɲ		IN_WIKTIONARY
pь̑rstь	czech	prstʹ	ˈpr̩st
rebrò	czech	žebro	ˈʒɛbro		IN_WIKTIONARY
rekti	czech	říci	ˈr̝iːt͡sɪ		IN_WIKTIONARY
remy	czech	řemen	ˈr̝ɛmɛn		IN_WIKTIONARY
rědъkъ	czech	řídký	ˈr̝iːtkiː		IN_WIKTIONARY
rě̄kà	czech	řeka	ˈr̝ɛka		IN_WIKTIONARY
rě̑čь	czech	řeč	ˈr̝ɛt͡ʃ		IN_WIKTIONARY
rę̑dъ	czech	řad	ˈr̝at		IN_WIKTIONARY
ritь	czech	řitʹ	ˈr̝ɪt
rìnǫti sę	czech	řinouti se	r̝ɪnou̯t ɪ sɛ
rodìti	czech	roditi	ˈroɟɪt	ˈroɟɪtɪ	DIFFERENT
rokъ	czech	rok	rok		IN_WIKTIONARY
rosà	czech	rosa	ˈrosa		IN_WIKTIONARY
rovъ	czech	rov	ˈrof	ˈrof	SAME
ròjь	czech	roj	[ˈroj]		CORRECTED
rȏdъ	czech	rod	ˈrot		IN_WIKTIONARY
rȏgъ	czech	roh	ˈrox		IN_WIKTIONARY
rǫbìti	czech	roubiti	[ˈrou̯bɪt]		CORRECTED
rǭkà	czech	ruka	ˈruka		IN_WIKTIONARY
rǫ̑bъ	czech	rub	rup		IN_WIKTIONARY
rȗdъ	czech	rudý	ˈrudiː		IN_WIKTIONARY
rȗx	czech	ruch	ˈrux	ˈrux	SAME
rỳdlo	czech	rydlo	ˈrɪdlo	ˈrɪdlo	SAME
rỳti	czech	rýti	ˈriːt
rāčìti	czech	ráčiti	ˈraːt͡ʃɪt
rūnò	czech	rouno	ˈrou̯no		IN_WIKTIONARY
rъvàti	czech	rváti	ˈrvaːcɪ
sadìti	czech	saditi	ˈsaɟɪt	ˈsaɟɪtɪ	DIFFERENT
sanь	czech	sáně	saːɲɛ		IN_WIKTIONARY
sȃdъ	czech	sad	ˈsat		IN_WIKTIONARY
sedъlò	czech	sedlo	[ˈsɛdlo]		CORRECTED
serdà	czech	středa	ˈstr̝̊ɛda		IN_WIKTIONARY
sestrà	czech	sestra	ˈsɛstra		IN_WIKTIONARY
sèdmъ	czech	sedmý	ˈsɛdmiː		IN_WIKTIONARY
sèdmь	czech	sedm	sɛdm̩		IN_WIKTIONARY
sěděti	czech	seděti	ˈsɛɟɛt
sěkti	czech	síci	ˈsiːt͡sɪ		IN_WIKTIONARY
sěsti	czech	siesti	ˈsɪjɛst	ˈsɪɛscɪ	DIFFERENT
sětь	czech	sítʹ	ˈsiːt
sě̀jati	czech	síti	ˈsiːcɪ		IN_WIKTIONARY
sě̀mę	czech	símě	ˈsiːmɲɛ
sě̀nь	czech	síň	ˈsiːɲ		IN_WIKTIONARY
sě̀ti	czech	síti	ˈsiːcɪ		IN_WIKTIONARY
sě̀verъ	czech	sever	ˈsɛvɛr		IN_WIKTIONARY
sě̄dló	czech	sídlo	ˈsiːdlo		IN_WIKTIONARY
sě̑no	czech	seno	ˈsɛno		IN_WIKTIONARY
sęgnǫti	czech	sáhnouti	ˈsaːɦnou̯t
sęgti	czech	dosíci	ˈdosiːt͡sɪ		IN_WIKTIONARY
sęknǫti	czech	sáknouti	ˈsaːknou̯t
sìla	czech	síla	ˈsiːla		IN_WIKTIONARY
sìto	czech	síto	ˈsiːto		IN_WIKTIONARY
sìvъ	czech	sivý	ˈsɪviː		IN_WIKTIONARY
skorà	czech	skůra	ˈskuːra
skòra	czech	skůra	ˈskuːra
slàbъ	czech	slabý	ˈslabiː		IN_WIKTIONARY
slàva	czech	sláva	ˈslaːva		IN_WIKTIONARY
slimakъ	czech	slimák	ˈslɪmaːk		IN_WIKTIONARY
slìna	czech	slina	[ˈslɪna]		CORRECTED
slìva	czech	slíva	ˈsliːva		IN_WIKTIONARY
slȍvo	czech	slovo	ˈslovo		IN_WIKTIONARY
slǫ̀ka	czech	s. lesní	sa lɛsɲiː
sluti	czech	slouti	ˈslou̯t	ˈslou̯cɪ	DIFFERENT
slùšati	czech	slušeti	ˈsluʃɛt	ˈsluʃɛcɪ	DIFFERENT
slȗxъ	czech	sluch	ˈslux		IN_WIKTIONARY
slỳšati	czech	slyšeti	[ˈslɪʃɛt]		CORRECTED
směxъ	czech	smích	smiːx		IN_WIKTIONARY
smȏrdъ	czech	smrad	ˈsm̩rat		IN_WIKTIONARY
smьjàti sę	czech	smáti se	smaːtɪ sɛ
smьrdě̀ti	czech	smrděti	ˈsmr̩ɟɛcɪ
sněgъ	czech	sníh	sɲiːx		IN_WIKTIONARY
snuti	czech	snouti	ˈsnou̯t	ˈsnou̯cɪ	DIFFERENT
snъxà	czech	snacha	ˈsnaxa		IN_WIKTIONARY
sokъ	czech	sok	ˈsok		IN_WIKTIONARY
solnъ	czech	slaný	ˈslaniː		IN_WIKTIONARY
soltina	czech	slatina	ˈslacɪna		IN_WIKTIONARY
sovati	czech	souvati	ˈsou̯vat	ˈsou̯vatɪ	DIFFERENT
sovà	czech	sova	ˈsova		IN_WIKTIONARY
soxà	czech	socha	ˈsoxa		IN_WIKTIONARY
sòldъkъ	czech	sladký	ˈslatkiː		IN_WIKTIONARY
sòlma	czech	sláma	ˈslaːma		IN_WIKTIONARY
sȏkъ	czech	sok	ˈsok		IN_WIKTIONARY
sȏlpъ	czech	slap	ˈslap	ˈslap	SAME
sȏlь	czech	su̥l	suː	ˈsu	DIFFERENT
sǫ-	czech	sou-	ˈsou̯		IN_WIKTIONARY
sǫditi	czech	souditi	ˈsou̯ɟɪt	ˈsou̯ɟɪtɪ	DIFFERENT
sǫ́dъ	czech	soud	sɔʊ̯t		IN_WIKTIONARY
sǫ̑kъ	czech	suk	ˈsuk		IN_WIKTIONARY
spěšiti	czech	spíšiti	ˈspiːʃɪt
spě̀ti	czech	spěti	ˈspjɛcɪ
spě̑xъ	czech	spěch	ˈspjɛx		IN_WIKTIONARY
stàdo	czech	stádo	ˈstaːdo		IN_WIKTIONARY
stàrъ	czech	starý	ˈstariː		IN_WIKTIONARY
stàti sę	czech	státi se	staːtɪ sɛ
stàviti	czech	staviti	ˈstavɪt	ˈstavɪtɪ	DIFFERENT
stȃnъ	czech	stan	ˈstan	ˈstan	SAME
stenàti	czech	sténati	ˈstɛːnat
stergti	czech	stříci	ˈstr̝̊iːt͡sɪ
stě̀nь	czech	stín	sciːn		IN_WIKTIONARY
stìgnǫti	czech	stihnouti	ˈstɪɦnou̯t	ˈscɪɦnou̯tɪ	DIFFERENT
stogъ	czech	stoh	ˈstox		IN_WIKTIONARY
stojati	czech	státi	ˈstaːt
stonъ	czech	ston	ˈston	ˈston	SAME
stornà	czech	strana	ˈstrana		IN_WIKTIONARY
stòlъ	czech	stu̥l	ˈstuː	ˈstu	DIFFERENT
strǫkъ	czech	struk	ˈstruk		IN_WIKTIONARY
strȗpъ	czech	strup	ˈstrup		IN_WIKTIONARY
studènъ	czech	studený	ˈstudɛniː		IN_WIKTIONARY
studìti	czech	studiti	ˈstuɟɪt	ˈstuɟɪtɪ	DIFFERENT
studъ	czech	stud	[ˈstut]		CORRECTED
stỳdnǫti	czech	stydnouti	ˈstɪdnou̯t	ˈstɪdnou̯tɪ	DIFFERENT
stьblò	czech	stéblo	ˈstɛːblo		IN_WIKTIONARY
stьdzà	czech	stezka	ˈstɛska		IN_WIKTIONARY
stьlati	czech	stláti	ˈstlaːcɪ
sunǫti	czech	sunouti	[ˈsunou̯t]		CORRECTED
suti	czech	souti	ˈsou̯t	ˈsou̯cɪ	DIFFERENT
sušìti	czech	sušiti	ˈsuʃɪt	ˈsuʃɪcɪ	DIFFERENT
sȗxъ	czech	suchý	ˈsuxiː		IN_WIKTIONARY
svekrъ	czech	svekr	ˈsvɛkr̩	ˈsvɛkr̩	SAME
svě̄tjà	czech	svíce	ˈsviːt͡sɛ		IN_WIKTIONARY
svě̑tъ	czech	svět	svjɛt		IN_WIKTIONARY
svętъ	czech	svatý	ˈsvatiː		IN_WIKTIONARY
svinьjà	czech	svině	ˈsvɪɲɛ		IN_WIKTIONARY
svȏrbъ	czech	svrab	ˈsvrap		IN_WIKTIONARY
svьrběti	czech	svrběti	ˈsvr̩bjɛcɪ
sỳpati	czech	sypati	ˈsɪpat	ˈsɪpatɪ	DIFFERENT
sỳrъ	czech	sýr	siːr		IN_WIKTIONARY
sỳtъ	czech	sytý	ˈsɪtiː		IN_WIKTIONARY
sỳtъjь	czech	sytý	ˈsɪtiː		IN_WIKTIONARY
sy̑nъ	czech	syn	sɪn		IN_WIKTIONARY
śěrъ	czech	šerý	ˈʃɛriː
sъ	czech	s	s		IN_WIKTIONARY
sъdòrvъ	czech	zdravý	ˈzdraviː		IN_WIKTIONARY
sъlàti	czech	sláti	ˈslaːcɪ
sъlojь	czech	sloj	ˈslɔj		IN_WIKTIONARY
sъmè̌ti	czech	směti	ˈsm̩ɲɛcɪ
sъmьrtь	czech	smrt	smr̩t		IN_WIKTIONARY
sъn	czech	s	s		IN_WIKTIONARY
sъpati	czech	spáti	ˈspaːt
sъporъ	czech	spor	[ˈspor]		CORRECTED
sъsàti	czech	sáti	ˈsaːt
sъtȏ	czech	sto	sto		IN_WIKTIONARY
sъxnǫti	czech	schnouti	ˈsxnou̯t	ˈsxnou̯tɪ	DIFFERENT
sъ̀nъ	czech	sen	sɛn		IN_WIKTIONARY
sъ̏lnьce	czech	slunce	ˈslunt͡sɛ		IN_WIKTIONARY
sьcati	czech	scáti	ˈst͡saːcɪ
sьrna	czech	srna	ˈsr̩na		IN_WIKTIONARY
sьršenь	czech	sršeň	ˈsr̩ʃɛɲ
sь̑rdьce	czech	srdce	ˈsr̩t͡sɛ		IN_WIKTIONARY
tajìti	czech	tajíti	ˈtajiːt
tàjati	czech	táti	ˈtaːt
tekti	czech	téci	ˈtɛːt͡sɪ		IN_WIKTIONARY
telktì	czech	tlouci	ˈtlou̯t͡sɪ	ˈtlou̯t͡sɪ	SAME
tenetò	czech	teneto	ˈtɛnɛto	ˈtɛnɛto	SAME
teplъ	czech	teplý	ˈtɛpliː		IN_WIKTIONARY
tesàti	czech	tesati	ˈtɛsat	ˈtɛsatɪ	DIFFERENT
tesъ	czech	tes	ˈtɛs	ˈtɛs	SAME
teti	czech	tepati	ˈtɛpacɪ		IN_WIKTIONARY
tèrti	czech	tříti	ˈtr̝̊iːcɪ
těnь	czech	tín	ˈciːn
těsnъ	czech	těsný	ˈcɛsniː		IN_WIKTIONARY
tě̀mę	czech	témě	ˈtɛːmɲɛ
tě̑sto	czech	těsto	cɛsto		IN_WIKTIONARY
tęgnǫti	czech	táhnouti	ˈtaːɦnou̯t
tęti	czech	títi	ˈciːcɪ
tęžъkъ	czech	těžký	ˈcɛʃkiː		IN_WIKTIONARY
topìti	czech	topiti	ˈtopɪt	ˈtopɪtɪ	DIFFERENT
tȏkъ	czech	tok	ˈtok	ˈtok	SAME
tǫ̑gъ	czech	tuhý	ˈtuɦiː		IN_WIKTIONARY
tretь	czech	třetí	ˈtr̝̊ɛciː		IN_WIKTIONARY
tręsti	czech	třásti	ˈtr̝̊aːscɪ
trǫdъ	czech	troud	ˈtrou̯t		IN_WIKTIONARY
trudъ	czech	trud	ˈtrut	ˈtrut	SAME
trȗpъ	czech	trup	ˈtrup		IN_WIKTIONARY
trāvà	czech	tráva	ˈtraːva		IN_WIKTIONARY
trāvìti	czech	tráviti	ˈtraːvɪt
trъ̑stь	czech	trestʹ	ˈtrɛst
tučьnъ	czech	tučný	ˈtut͡ʃniː		IN_WIKTIONARY
tȗkъ	czech	tuk	ˈtuk		IN_WIKTIONARY
tȗrъ	czech	tur	ˈtur		IN_WIKTIONARY
tvȃrь	czech	tvář	tvaːr̝̊		IN_WIKTIONARY
tvorìti	czech	tvořiti	ˈtvor̝ɪt
tvorъ	czech	tvor	[ˈtvor]		CORRECTED
tvь̑rdъ	czech	tvrdý	ˈtvr̩diː		IN_WIKTIONARY
ty	czech	ty	ˈtɪ	ˈtɪ	SAME
tỳlъ	czech	týl	ˈtiːl		IN_WIKTIONARY
tỳti	czech	týti	ˈtiːt
tǭgà	czech	touha	ˈtou̯ɦa		IN_WIKTIONARY
tъ	czech	ten	ˈtɛn		IN_WIKTIONARY
tъrgati	czech	trhati	[ˈtr̩ɦat]		CORRECTED
tьlěti	czech	tlíti	ˈtliːcɪ
tьma	czech	tma	ˈtma		IN_WIKTIONARY
tь̏nьkъ	czech	tenký	ˈtɛŋkiː		IN_WIKTIONARY
užasъ	czech	úžas	ˈuːʒas		IN_WIKTIONARY
vaditi sę	czech	v. se	f
varìti	czech	vařiti	ˈvar̝ɪt
vasъ	czech	vás	ˈvaːs		IN_WIKTIONARY
vȃrъ	czech	var	[ˈvar]		CORRECTED
vedro	czech	vedro	ˈvɛdro		IN_WIKTIONARY
velě̀ti	czech	veleti	ˈvɛlɛt	ˈvɛlɛcɪ	DIFFERENT
velìkъ	czech	veliký	ˈvɛlɪkiː		IN_WIKTIONARY
velkti	czech	vléci	ˈvlɛːt͡sɪ		IN_WIKTIONARY
velьkъ	czech	velký	ˈvɛlkiː		IN_WIKTIONARY
velьmi	czech	velmi	ˈvɛlmɪ		IN_WIKTIONARY
verslò	czech	povříslo	ˈpovr̝iːslo
vertenò	czech	vřeteno	ˈvr̝ɛtɛnɔ		IN_WIKTIONARY
veslò	czech	veslo	ˈvɛslo		IN_WIKTIONARY
vesnà	czech	vesna	ˈvɛsna	ˈvɛsna	SAME
vesti	czech	vésti	ˈvɛːst
vetъxъ	czech	vetchý	ˈvɛtxiː
veztì	czech	vézti	ˈvɛːst
věděti	czech	věděti	ˈvjɛɟɛcɪ
vědrò	czech	vědro	ˈvjɛdro		IN_WIKTIONARY
vě̀jati	czech	váti	ˈvaːcɪ
vě̀ko	czech	víko	ˈviːko		IN_WIKTIONARY
vě̀ra	czech	víra	ˈviːra		IN_WIKTIONARY
vě̀trъ	czech	vítr	ˈviːtr̩		IN_WIKTIONARY
vě̑no	czech	věno	ˈvjɛno		IN_WIKTIONARY
vȅčerъ	czech	večer	ˈvɛt͡ʃɛr		IN_WIKTIONARY
vę̀dnǫti	czech	vadnouti	[ˈvadnou̯t]		CORRECTED
vę̄zàti	czech	vázati	ˈvaːzat
virъ	czech	vír	ˈviːr		IN_WIKTIONARY
viti	czech	víti	ˈviːcɪ
vixъrъ	czech	vichr	ˈvɪxr̩		IN_WIKTIONARY
vìděti	czech	viděti	ˈvɪɟɛt
vȋdъ	czech	vid	ˈvɪt		IN_WIKTIONARY
vodà	czech	voda	ˈvoda		IN_WIKTIONARY
vodìti	czech	voditi	ˈvoɟɪt	ˈvoɟɪtɪ	DIFFERENT
vojьna	czech	vojna	ˈvojna		IN_WIKTIONARY
voliti	czech	voliti	ˈvolɪt	ˈvolɪtɪ	DIFFERENT
volknò	czech	vlákno	ˈvlaːkno		IN_WIKTIONARY
volsti	czech	vlásti	ˈvlaːscɪ
volstь	czech	vlastʹ	ˈvlast
volžiti	czech	vlažiti	ˈvlaʒɪt	ˈvlaʒɪtɪ	DIFFERENT
vorta	czech	vrata	ˈvrata	ˈvrata	SAME
vortìti	czech	vrátiti	ˈvraːcɪt
voskъ	czech	vosk	ˈvosk		IN_WIKTIONARY
vozìti	czech	voziti	[ˈvozɪt]		CORRECTED
vòlga	czech	vláha	ˈvlaːɦa
vòl̨a	czech	vu̥le	ˈvuːzlɛ	ˈvuːlɛ	DIFFERENT
vòrna	czech	vrána	vraːna		IN_WIKTIONARY
vȏlkъ	czech	vlak	vlak		IN_WIKTIONARY
vȏlsъ	czech	vlas	vlas		IN_WIKTIONARY
vȏrgъ	czech	vrah	ˈvrax		IN_WIKTIONARY
vȏzъ	czech	vu̥z	ˈvu	ˈvu	SAME
vy	czech	vy	ˈvɪ	ˈvɪ	SAME
vy-	czech	vy-	ˈvɪ	ˈvɪ	SAME
vysòkъ	czech	vysoký	ˈvɪsokiː		IN_WIKTIONARY
vỳknǫti	czech	vyknouti	ˈvɪknou̯t	ˈvɪknou̯tɪ	DIFFERENT
vỳmę	czech	výmě	ˈviːmɲɛ
v̀ydra	czech	vydra	ˈvɪdra		IN_WIKTIONARY
vъ	czech	v	v		IN_WIKTIONARY
vъn	czech	v	v		IN_WIKTIONARY
vъnùkъ	czech	vnuk	ˈvnuk		IN_WIKTIONARY
vъnъ	czech	ven	ˈvɛn		IN_WIKTIONARY
vъpìti	czech	úpěti	ˈuːpjɛcɪ
vъ̑šь	czech	veš	ˈvɛʃ		IN_WIKTIONARY
vьdovà	czech	vdova	ˈvdova		IN_WIKTIONARY
vьlgъkъ	czech	vlhký	ˈvl̩xkiː		IN_WIKTIONARY
vьlnà	czech	vlna	ˈvl̩na		IN_WIKTIONARY
vьrěti	czech	vříti	ˈvr̝iːcɪ
vьrgnǫti	czech	vrhnouti	ˈvr̩ɦnou̯t	ˈvr̩ɦnou̯cɪ	DIFFERENT
vьrtě̀ti	czech	vrtěti	ˈvr̩cɛcɪ
vьsь	czech	ves	vɛs		IN_WIKTIONARY
vьčera	czech	včera	ˈvt͡ʃɛra		IN_WIKTIONARY
vь̀lna	czech	vlna	ˈvl̩na		IN_WIKTIONARY
vь̀rxъ	czech	vrch	[ˈvr̩x]		CORRECTED
vь̀rša	czech	vrše	[ˈvr̩ʃɛ]		CORRECTED
vь̑lkъ	czech	vlk	vl̩k		IN_WIKTIONARY
xabiti	czech	chabiti	ˈxabɪt	ˈxabɪtɪ	DIFFERENT
xabъ	czech	chabý	ˈxabiː
xabьnъ	czech	chabný	ˈxabniː
xlě̀bъ	czech	chléb	ˈxlɛːp
xlǫdъ	czech	chloud	ˈxlou̯t	ˈxlou̯t	SAME
xoditi	czech	choditi	ˈxoɟɪt	ˈxoɟɪtɪ	DIFFERENT
xoldьnъ	czech	chladný	ˈxladniː		IN_WIKTIONARY
xomǫtъ	czech	chomout	ˈxomou̯t		IN_WIKTIONARY
xorniti	czech	chrániti	ˈxraːnɪt
xȏdъ	czech	chod	xot		IN_WIKTIONARY
xȏldъ	czech	hlad	[ˈɦlat]		CORRECTED
xromъ	czech	chromý	ˈxromiː		IN_WIKTIONARY
xȗdъ	czech	chudý	ˈxudiː		IN_WIKTIONARY
xvorstьje	czech	chrastí	ˈxrasciː
xvorъ	czech	chorý	ˈxoriː		IN_WIKTIONARY
xvórstъ	czech	chrast	ˈxrast	ˈxrast	SAME
za	czech	za	za		IN_WIKTIONARY
zar̨à	czech	záře	ˈzaːr̝ɛ		IN_WIKTIONARY
zaverti	czech	zavříti	ˈzavr̝iːcɪ
zelènъ	czech	zelený	ˈzɛlɛniː		IN_WIKTIONARY
zelьje	czech	zelí	ˈzɛliː		IN_WIKTIONARY
zeml̨à	czech	země	ˈzɛmɲɛ		IN_WIKTIONARY
zěvati	czech	zívati	ˈziːvat
zębnǫti	czech	zábnouti	ˈzaːbnou̯t
zęti	czech	zábsti	ˈzaːpscɪ
zę̀tь	czech	zetʹ	ˈzɛtʲ
zmьjà	czech	zmije	ˈzmɪjɛ		IN_WIKTIONARY
znamenьje	czech	znamení	ˈznamɛɲiː		IN_WIKTIONARY
znàti	czech	znáti	ˈznaːt
znojь	czech	znoj	ˈznoj	ˈznoj	SAME
znьjati	czech	zňat	ˈzɲat
zobàti	czech	zobati	ˈzobat	ˈzobatɪ	DIFFERENT
zȍlto	czech	zlato	[ˈzlato]		CORRECTED
zȏrkъ	czech	zrak	[ˈzrak]		CORRECTED
zīmà	czech	zima	ˈzɪma		IN_WIKTIONARY
zъlъ	czech	zlý	ˈzliː		IN_WIKTIONARY
zъvati	czech	zváti	ˈzvaːt
zьlčь	czech	žluč	ˈʒlut͡ʃ		IN_WIKTIONARY
zьrěti	czech	zráti	ˈzraːcɪ
zь̀rno	czech	zrno	ˈzr̩no		IN_WIKTIONARY
čadъ	czech	čad	ˈt͡ʃat	ˈt͡ʃat	SAME
čarodějь	czech	čaroděj	ˈt͡ʃaroɟɛj		IN_WIKTIONARY
čarъ	czech	čáry	ˈt͡ʃaːrɪ		IN_WIKTIONARY
čàsъ	czech	čas	t͡ʃas		IN_WIKTIONARY
čekati	czech	čekati	[ˈt͡ʃɛkat]		CORRECTED
čelověkъ	czech	člověk	ˈt͡ʃlovjɛk		IN_WIKTIONARY
čelò	czech	čelo	ˈt͡ʃɛlo		IN_WIKTIONARY
čel̨adь	czech	čeledʹ	ˈt͡ʃɛlɛt
čemerъ	czech	čemer	[ˈt͡ʃɛmɛr]		CORRECTED
čerdìti	czech	tříditi	ˈtr̝̊iːɟɪt
černovъ	czech	třenový 	tr̝̊ɛnoviː o bjɛt͡sɛ
černь	czech	třeň	ˈtr̝̊ɛɲ
čerpti	czech	čříti	ˈt͡ʃr̝iːcɪ
čerslò	czech	tříslo	ˈtr̝̊iːslo		IN_WIKTIONARY
červьje	czech	třevo	ˈtr̝̊ɛvo
česàti	czech	česati	ˈt͡ʃɛsat	ˈt͡ʃɛsatɪ	DIFFERENT
četvьrtъ	czech	čtvrtý	t͡ʃtvr̩tiː		IN_WIKTIONARY
četỳre	czech	čtyři	ˈt͡ʃtɪr̝ɪ		IN_WIKTIONARY
čȇrpъ	czech	třep	ˈtr̝̊ɛp
čȇrvo	czech	střevo	str̝̊ɛvo		IN_WIKTIONARY
čęstъ	czech	častý	ˈt͡ʃastiː		IN_WIKTIONARY
čę̑stь	czech	část	ˈt͡ʃaːst		IN_WIKTIONARY
či	czech	či	ˈt͡ʃɪ		IN_WIKTIONARY
činìti	czech	činiti	ˈt͡ʃɪnɪt	ˈt͡ʃɪɲɪtɪ	DIFFERENT
čisti	czech	čísti	ˈt͡ʃiːst
čitati	czech	čítati	ˈt͡ʃiːtat
čìstiti	czech	čistiti	ˈt͡ʃɪscɪt	ˈt͡ʃɪscɪtɪ	DIFFERENT
čìstъ	czech	čistý	ˈt͡ʃɪstiː		IN_WIKTIONARY
čȋnъ	czech	čin	tʃɪn		IN_WIKTIONARY
čuditi sę	czech	čuditi se	t͡ʃuɟɪt	ˈt͡ʃuɟɪtɪ sɛ	DIFFERENT
čùti	czech	číti	ˈt͡ʃiːcɪ
čьrmьnъ	czech	čermný	ˈt͡ʃɛrmniː
čьrpati	czech	čerpati	ˈt͡ʃɛrpat	ˈt͡ʃɛrpatɪ	DIFFERENT
čьrstvъ	czech	črstvý	ˈt͡ʃr̩stviː
čьrtà	czech	črta	ˈt͡ʃr̩ta		IN_WIKTIONARY
čьrvь	czech	červ	ˈt͡ʃɛrf		IN_WIKTIONARY
čь̀rnъ	czech	černý	ˈt͡ʃɛrniː		IN_WIKTIONARY
čь̑stь	czech	čest	ˈt͡ʃɛst		IN_WIKTIONARY
ę̄drò	czech	jádro	ˈjaːdro		IN_WIKTIONARY
ę̄trò	czech	játra	ˈjaːtra		IN_WIKTIONARY
ǭtròba	czech	útroba	ˈuːtroba
šȇstъ	czech	šestý	ˈʃɛstiː		IN_WIKTIONARY
šȇstь	czech	šest	ʃɛst		IN_WIKTIONARY
šìti	czech	šíti	ˈʃiːcɪ
ščenę	czech	štěně	ˈʃcɛɲɛ		IN_WIKTIONARY
ščítъ	czech	štít	ˈʃciːt		IN_WIKTIONARY
ūstà	czech	ústa	ˈuːsta		IN_WIKTIONARY
ūzdà	czech	uzda	ˈuzda		IN_WIKTIONARY
žalь	czech	žal	ʒal		IN_WIKTIONARY
žarъ	czech	žár	ʒaːr		IN_WIKTIONARY
žàba	czech	žába	ʒaːba		IN_WIKTIONARY
že	czech	že	ʒɛ		IN_WIKTIONARY
žegti	czech	žéci	ˈʒɛːt͡sɪ
želěti	czech	želeti	ˈʒɛlɛt	ˈʒɛlɛcɪ	DIFFERENT
želě̀zo	czech	železo	[ˈʒɛlɛzo]		CORRECTED
želǫdъkъ	czech	žaludek	ˈʒaludɛk		IN_WIKTIONARY
žely	czech	želva	ʒɛlva		IN_WIKTIONARY
želza	czech	žláza	ˈʒlaːza		IN_WIKTIONARY
ženà	czech	žena	ˈʒɛna		IN_WIKTIONARY
žeravъ	czech	žeravý	ˈʒɛraviː
žerbьjь	czech	hřeb	ˈɦr̝ɛp
žerdlò	czech	žřídlo	ˈʒr̝iːdlo
žę̄dàti	czech	žádati	ˈʒaːdat
žȅlǫdь	czech	žalud	ˈʒalut		IN_WIKTIONARY
žędьnъ	czech	žádný	ˈʒaːdniː
žęti	czech	žíti	ˈʒiːcɪ
žę̀tva	czech	žatva	ˈʒatva	ˈʒatva	SAME
židъkъ	czech	židký	ˈʒɪtkiː
živìca	czech	živice	ˈʒɪvɪt͡sɛ	ˈʒɪvɪt͡sɛ	SAME
živòtъ	czech	život	ˈʒɪvot	ˈʒɪvot	SAME
žìla	czech	žíla	ˈʒiːla		IN_WIKTIONARY
žìti	czech	žíti	ˈʒiːcɪ
žȋvъ	czech	živý	ˈʒɪviː		IN_WIKTIONARY
žuriti	czech	zuřiti	ˈzur̝ɪt
žьlna	czech	ž. zelená	ʃt zɛlɛnaː
žьltъ	czech	žlutý	ˈʒlutiː		IN_WIKTIONARY
žьvàti	czech	žváti	ˈʒvaːcɪ
arьmò	czech	jařmo	ˈjar̝mo		IN_WIKTIONARY
àblo	czech	jablo	ˈjablo	ˈjablo	SAME
àblonь	czech	jabloň	ˈjabloɲ		IN_WIKTIONARY
àblъkъ	czech	jablko	jabl̩ko		IN_WIKTIONARY
àstrę̄bъ	czech	jestřáb	ˈjɛstr̝̊aːp		IN_WIKTIONARY
ȁsenъ	czech	jasan	ˈjasan		IN_WIKTIONARY
basnь	czech	báseň	ˈbaːsɛɲ		IN_WIKTIONARY
bobrъ	czech	bobr	ˈbobr̩		IN_WIKTIONARY
bedrò	czech	bedra	[ˈbɛdra]		CORRECTED
bolnъ	czech	blín	ˈbliːn		IN_WIKTIONARY
belnovati	czech	blenovati	ˈblɛnovat	ˈblɛnovatɪ	DIFFERENT
blekotъ	czech	blekot	[ˈblɛkot]		CORRECTED
bliskati sę	czech	blýskati se	bliːskatɪ sɛ
blizna	czech	blizna	[ˈblɪzna]		CORRECTED
blizъkъ	czech	blizý	ˈblɪziː
boln̨a	czech	blaňa	ˈblaɲa
bràtrъ	czech	bratr	[ˈbratr̩]		CORRECTED
bràtьja	czech	bratří	ˈbratr̝̊iː
br̨ȗxъ	czech	břicho	ˈbr̝ɪxo		IN_WIKTIONARY
bъrtь	czech	brtʹ	ˈbr̩t
dalь	czech	dál	daːl		IN_WIKTIONARY
dę̄snь	czech	dáseň	ˈdaːsɛɲ		IN_WIKTIONARY
drevě	czech	dřív	ˈdr̝iːf		IN_WIKTIONARY
drevьnъ	czech	dřevný	ˈdr̝ɛvniː
dristati	czech	dřístati	ˈdr̝iːstat
drobězgъ	czech	drobesk	ˈdrobɛsk	ˈdrobɛsk	SAME
droždžьje	czech	droždí	ˈdroʒɟiː		IN_WIKTIONARY
drьkolьje	czech	drkolí	ˈdr̩koliː
dupa	czech	doupa	ˈdou̯pa	ˈdou̯pa	SAME
ebàti	czech	jebati	ˈjɛbat	ˈjɛbatɪ	DIFFERENT
edinakъ	czech	jedinaký	ˈjɛɟɪnakiː
edьnъ	czech	jeden	ˈjɛdɛn		IN_WIKTIONARY
edlà	czech	jedle	ˈjɛdlɛ		IN_WIKTIONARY
ledva	czech	jedva	[ˈjɛdva]		CORRECTED
elbedà	czech	lebeda	[ˈlɛbɛda]		CORRECTED
elbedь	czech	labutʹ	ˈlabut
elenъ	czech	jelen	ˈjɛlɛn		IN_WIKTIONARY
emelo	czech	jmelí	ˈjmɛliː		IN_WIKTIONARY
esètrъ	czech	jeseter	ˈjɛsɛtɛr		IN_WIKTIONARY
ezъ	czech	jez	jɛs		IN_WIKTIONARY
ežica	czech	ježice	ˈjɛʒɪt͡sɛ		IN_WIKTIONARY
ěrь	czech	jaro	ˈjaro		IN_WIKTIONARY
ěždžikъ	czech	ježdík	ˈjɛʒɟiːk
ȅzerъ	czech	jezero	ˈjɛzɛro		IN_WIKTIONARY
ękati	czech	jekati	ˈjɛkat	ˈjɛkatɪ	DIFFERENT
ędza	czech	jaza	ˈjaza	ˈjaza	SAME
gleznъ	czech	hlezen	ˈɦlɛzɛn	ˈɦlɛzɛn	SAME
glěnъ	czech	hlen	ˈɦlɛn		IN_WIKTIONARY
glístъ	czech	hlíst	ˈɦliːst
gomola	czech	homole	ˈɦomolɛ		IN_WIKTIONARY
górdja	czech	hráz	ˈɦraːs		IN_WIKTIONARY
gornъ	czech	hrany	ˈɦranɪ		IN_WIKTIONARY
gǫgnati	czech	huhňati	ˈɦuɦɲat
gognavъjь	czech	huhňávy	ˈɦuɦɲaːvɪ
gǫžьvь	czech	houžev	ˈɦou̯ʒɛf		IN_WIKTIONARY
grozdьno	czech	hrozen	ˈɦrozɛn		IN_WIKTIONARY
grubъ	czech	hrubý	ˈɦrubiː		IN_WIKTIONARY
gruda	czech	hrouda	[ˈɦrou̯da]		CORRECTED
gvozdъ	czech	hvozd	ˈɦvost		IN_WIKTIONARY
gъrbъ	czech	hrb	ˈɦr̩p		IN_WIKTIONARY
olьša	czech	olše	ˈolʃɛ		IN_WIKTIONARY
osa	czech	osa	ˈosa		IN_WIKTIONARY
jьgra	czech	hra	[ˈɦra]		CORRECTED
jьkrà	czech	jikra	ˈjɪkra		IN_WIKTIONARY
klegotъ	czech	klehot	ˈklɛɦot	ˈklɛɦot	SAME
kolto	czech	klát	ˈklaːt
kopъtъ	czech	kopt	[ˈkopt]		CORRECTED
korba	czech	krabuše	ˈkrabuʃɛ	ˈkrabuʃɛ	SAME
košarъ	czech	košár	koʃaːr		IN_WIKTIONARY
kyselъ	czech	kyselý	ˈkɪsɛliː		IN_WIKTIONARY
kъlka	czech	kelka	ˈkɛlka	ˈkɛlka	SAME
kъrmъ	czech	krm	kr̩m	ˈkr̩m	DIFFERENT
lemešь	czech	lemeš	ˈlɛmɛʃ	ˈlɛmɛʃ	SAME
lękati	czech	lekati	ˈlɛkat	ˈlɛkatɪ	DIFFERENT
lędvьje	czech	ledví	ˈlɛdviː
libovъ	czech	libový	ˈlɪboviː		IN_WIKTIONARY
mavati	czech	mávati	ˈmaːvat
mamiti	czech	mámiti	ˈmaːmɪt
mȃzъ	czech	maz	ˈmas		IN_WIKTIONARY
mèčь	czech	meč	ˈmɛt͡ʃ		IN_WIKTIONARY
mělь	czech	měl	ˈmɲɛl		IN_WIKTIONARY
mě̑xъ	czech	měch	mɲɛx		IN_WIKTIONARY
mě̀lъ	czech	mělý	ˈmɲɛliː
męzdra	czech	mázdra	ˈmaːzdra
mьgà	czech	mlha	mɫ̩ɦa		IN_WIKTIONARY
murъ	czech	mour	[ˈmou̯r]		CORRECTED
mьsta	czech	mьstь	m̩nɛst
někъto	czech	někdo	ˈɲɛɡdo
nicati	czech	níceti	ˈɲiːt͡sɛt
norvъ	czech	mrav	ˈmraf		IN_WIKTIONARY
nozdra	czech	nozdra	[ˈnozdra]		CORRECTED
nuditi	czech	nuditi	ˈnuɟɪt	ˈnuɟɪtɪ	DIFFERENT
nukati	czech	nukatʹ	ˈnukat
nùdja	czech	nouze	ˈnou̯zɛ		IN_WIKTIONARY
nyně	czech	nyní	ˈnɪɲiː		IN_WIKTIONARY
obora	czech	obora	ˈobora	ˈobora	SAME
òrmę	czech	rámě	ˈraːmɲɛ
ȍlkъtь	czech	loket	ˈlɔkɛt		IN_WIKTIONARY
ȍpaky	czech	opak	ˈopak		IN_WIKTIONARY
po	czech	po	ˈpo		IN_WIKTIONARY
povorzъ	czech	provaz	ˈprovas		IN_WIKTIONARY
paznegъtь	czech	pazneht	ˈpaznɛxt		IN_WIKTIONARY
pelna	czech	plena	ˈplɛna		IN_WIKTIONARY
pěga	czech	piha	ˈpɪɦa		IN_WIKTIONARY
pȍpelъ	czech	popel	ˈpopɛl		IN_WIKTIONARY
piskorь	czech	piskoř	ˈpɪskor̝̊		IN_WIKTIONARY
pǫpъ	czech	pupek	ˈpupɛk		IN_WIKTIONARY
pro	czech	pro-	[ˈpro]		CORRECTED
proti	czech	proti	[ˈprocɪ]		CORRECTED
pỳrъ	czech	pýr	ˈpiːr		IN_WIKTIONARY
pīskàti	czech	pískati	ˈpiːskat
pьkъlo	czech	peklo	ˈpɛklo		IN_WIKTIONARY
sérnъ	czech	střín	ˈstr̝̊iːn
sę̀gati	czech	sahati	ˈsaɦat	ˈsaɦatɪ	DIFFERENT
sol(o)vikъ	czech	slavík	ˈslaviːk		IN_WIKTIONARY
sòrka	czech	straka	ˈstraka		IN_WIKTIONARY
stryjь	czech	strýc	striːt͡s		IN_WIKTIONARY
strьženь	czech	stržeň	ˈstr̩ʒɛɲ
surovъ	czech	surový	ˈsuroviː		IN_WIKTIONARY
tesla	czech	tesla	[ˈtɛsla]		CORRECTED
tęgati sę	czech	tázati se	taːzatɪ sɛ
tęga	czech	tíha	ˈciːɦa		IN_WIKTIONARY
tri	czech	tři	ˈtr̝̊ɪ		IN_WIKTIONARY
tỳsęti	czech	tisíc	ˈcɪsiːt͡s		IN_WIKTIONARY
tьla	czech	tlo	ˈtlo	ˈtlo	SAME
vȇrsъ	czech	vřes	vr̝ɛs		IN_WIKTIONARY
vojь	czech	vojín	ˈvojiːn		IN_WIKTIONARY
vòn̨a	czech	vůňe	ˈvuːɲɛ
vỳgъn̨a	czech	výheň	ˈviːɦɛɲ
vъtorъkъ	czech	úterý	ˈuːtɛriː		IN_WIKTIONARY
vьrstva	czech	vrstva	ˈvr̩stva		IN_WIKTIONARY
xvojь	czech	chvoj	ˈxvoj	ˈxvoj	SAME
zьdь	czech	zedʹ	ˈzɛtʲ
zijati	czech	zeti	ˈzɛcɪ	ˈzɛcɪ	SAME
zȏbъ	czech	zob	ˈzop		IN_WIKTIONARY
čemerica	czech	čemeřice	ˈt͡ʃɛmɛr̝ɪt͡sɛ		IN_WIKTIONARY
čerdà	czech	třída	ˈtr̝̊iːda		IN_WIKTIONARY
černъ	czech	čeřen	ˈt͡ʃɛr̝ɛn
čermъxa	czech	střemcha	ˈstr̝̊ɛmxa
česnъ	czech	česnek	ˈt͡ʃɛsnɛk		IN_WIKTIONARY
četverъ	czech	čtverý	ˈt͡ʃtvɛriː
žezlъ	czech	žezlo	ˈʒɛzlo		IN_WIKTIONARY
