a	polish	a	a		IN_WIKTIONARY
ajьce	polish	jajko	ˈjaj.kɔ		IN_WIKTIONARY
ako	polish	jako	[ˈjakɔ]		CORRECTED
akъ	polish	jaki	ˈja.kʲi		IN_WIKTIONARY
akъjь	polish	jaki	ˈja.kʲi		IN_WIKTIONARY
aviti	polish	jawić	ˈja.vʲit͡ɕ		IN_WIKTIONARY
avьnъjь	polish	jawny	ˈjav.nɨ		IN_WIKTIONARY
azъ	polish	ja	ja		IN_WIKTIONARY
aščerъ	polish	jaszczur	ˈjaʂ.t͡ʂur		IN_WIKTIONARY
àgnę	polish	jagnię	ˈjaɡ.ɲɛ		IN_WIKTIONARY
àma	polish	jama	ˈja.ma		IN_WIKTIONARY
ȁgoda	polish	jagoda	jaˈɡɔ.da		IN_WIKTIONARY
ȃje	polish	jajo	[ˈjajɔ]		CORRECTED
bagno	polish	bagno	ˈbaɡ.nɔ		IN_WIKTIONARY
bàjati	polish	bajać	ˈba.jat͡ɕ		IN_WIKTIONARY
bàviti	polish	bawić	ˈba.vʲit͡ɕ		IN_WIKTIONARY
bȁba	polish	baba	ˈba.ba		IN_WIKTIONARY
berstъ	polish	brzost	bʐɔst		IN_WIKTIONARY
bez	polish	bez	bɛs		IN_WIKTIONARY
bezъ	polish	bez	bɛs		IN_WIKTIONARY
bèrmę	polish	brzemię	ˈbʐɛ.mʲɛ		IN_WIKTIONARY
bèrza	polish	brzoza	ˈbʐɔ.za		IN_WIKTIONARY
běžàti	polish	bieżeć	ˈbʲɛʐɛt͡ɕ
bě̀gati	polish	biegać	ˈbʲɛ.ɡat͡ɕ		IN_WIKTIONARY
belъjь	polish	biaɫy	ˈbʲawɨ	ˈbʲawɨ	SAME
bě̄dà	polish	bieda	ˈbʲɛ.da		IN_WIKTIONARY
bě̑sъ	polish	bies	bʲɛs		IN_WIKTIONARY
bȇrgъ	polish	brzeg	bʐɛk		IN_WIKTIONARY
bìti	polish	bić	bʲit͡ɕ		IN_WIKTIONARY
bìtva	polish	bitwa	ˈbʲi.tfa		IN_WIKTIONARY
bìčь	polish	bicz	bʲit͡ʂ		IN_WIKTIONARY
bledъjь	polish	blady	ˈbla.dɨ		IN_WIKTIONARY
blě̑skъ	polish	blask	blask		IN_WIKTIONARY
blǭdìti	polish	bɫądzić	ˈbwɔɲd͡ʑ
blǫ̑dъ	polish	bɫąd	bwɔnt
bl̨ьvàti	polish	blwać	blvat͡ɕ
blъxà	polish	pchɫa	pxwa	pxwa	SAME
blьknǫti	polish	blaknąć	ˈblak.nɔɲt͡ɕ		IN_WIKTIONARY
blьščati	polish	bɫyszczeć	ˈbɨʂt͡ʂɛt͡ɕ
bo	polish	bo	[bɔ]		CORRECTED
bogatъjь	polish	bogaty	bɔˈɡa.tɨ		IN_WIKTIONARY
bojati sę	polish	bać się	bat͡ɕ ɕɛ
bojaznь	polish	bojaźń	ˈbɔ.jaʑɲ		IN_WIKTIONARY
bojь	polish	bój	buj		IN_WIKTIONARY
bolěti	polish	boleć	ˈbɔ.lɛt͡ɕ		IN_WIKTIONARY
bolnьje	polish	bɫonie	ˈbwɔɲɛ	ˈbwɔɲɛ	SAME
bordatъjь	polish	brodaty	brɔˈda.tɨ		IN_WIKTIONARY
bordà	polish	broda	ˈbrɔ.da		IN_WIKTIONARY
bordlo	polish	brodɫo	ˈbrɔdwɔ	ˈbrɔdwɔ	SAME
borna	polish	brona	ˈbrɔ.na		IN_WIKTIONARY
borzdà	polish	bruzda	ˈbruz.da		IN_WIKTIONARY
bostì	polish	bóść	buɕt͡ɕ		IN_WIKTIONARY
bòlna	polish	bɫona	ˈbwɔna	ˈbwɔna	SAME
bòlto	polish	bɫoto	ˈbwɔtɔ	ˈbwɔtɔ	SAME
bòrti sę	polish	bróć się	brut͡ɕ ɕɛ
bȏgъ	polish	bóg	buk		IN_WIKTIONARY
bȏlgo	polish	bɫogo	ˈbwɔɡɔ	ˈbwɔɡɔ	SAME
bolgъjь	polish	bɫogi	ˈbwɔɡʲi	ˈbwɔɡʲi	SAME
bȏlь	polish	ból	bul		IN_WIKTIONARY
bȏrgъ	polish	bróg	bruk		IN_WIKTIONARY
bȏrnь	polish	broń	brɔɲ		IN_WIKTIONARY
bȏrvъ	polish	browek	[ˈbrɔvɛk]		CORRECTED
bȏrъ	polish	bór	bur		IN_WIKTIONARY
bosъjь	polish	bosy	ˈbɔ.sɨ		IN_WIKTIONARY
bǫbьniti	polish	bębnić	ˈbɛm.bɲit͡ɕ		IN_WIKTIONARY
bǫbьnъ	polish	bęben	ˈbɛm.bɛn		IN_WIKTIONARY
brediti	polish	bredzić	ˈbrɛ.d͡ʑit͡ɕ		IN_WIKTIONARY
brězgъ	polish	brzask	bʐask		IN_WIKTIONARY
bridъkъjь	polish	brzydki	ˈbʐɨt.kʲi		IN_WIKTIONARY
brìtva	polish	brzytwa	ˈbʐɨ.tfa		IN_WIKTIONARY
brodìti	polish	brodzić	ˈbrɔ.d͡ʑit͡ɕ		IN_WIKTIONARY
brȏdъ	polish	bród	brut		IN_WIKTIONARY
brusьnica	polish	brusznica	bruʂˈɲit͡sa	bruʂˈɲit͡sa	SAME
bry	polish	brew	brɛf		IN_WIKTIONARY
brьdnǫti	polish	brnąć	brnɔɲt͡ɕ		IN_WIKTIONARY
brьvъnò	polish	bierwiono	bʲɛrˈvʲɔ.nɔ		IN_WIKTIONARY
bujьnъjь	polish	bujny	ˈbuj.nɨ		IN_WIKTIONARY
bùr̨a	polish	burza	[ˈbuʐa]		CORRECTED
bydlo	polish	bydɫo	[ˈbɨdwɔ]		CORRECTED
bytьje	polish	bycie	ˈbɨ.t͡ɕɛ		IN_WIKTIONARY
byvati	polish	bywać	ˈbɨ.vat͡ɕ		IN_WIKTIONARY
bystrъjь	polish	bystry	ˈbɨ.strɨ		IN_WIKTIONARY
bỳti	polish	być	bɨt͡ɕ
bādàti	polish	badać	ˈba.dat͡ɕ		IN_WIKTIONARY
būdìti	polish	budzić	ˈbu.d͡ʑit͡ɕ		IN_WIKTIONARY
būčàti	polish	buczeć	ˈbut͡ʂɛt͡ɕ
bъ̑rz	polish	bardzo	ˈbar.d͡zɔ		IN_WIKTIONARY
bьrati	polish	brać	brat͡ɕ		IN_WIKTIONARY
bьčelà	polish	pszczoɫa	ˈpʂt͡ʂɔwa	ˈpʂt͡ʂɔwa	SAME
cělovàti	polish	caɫować	t͡saˈwɔvat͡ɕ
cě̄dìti	polish	cedzić	ˈt͡sɛ.d͡ʑit͡ɕ		IN_WIKTIONARY
cě̄nà	polish	cena	ˈt͡sɛ.na		IN_WIKTIONARY
cě̄nìti	polish	cenić	ˈt͡sɛ.ɲit͡ɕ		IN_WIKTIONARY
celъjь	polish	caɫy	ˈt͡sawɨ	ˈt͡sawɨ	SAME
dalekъjь	polish	daleki	daˈlɛ.kʲi		IN_WIKTIONARY
davьnъjь	polish	dawny	ˈdav.nɨ		IN_WIKTIONARY
dàti	polish	dać	dat͡ɕ		IN_WIKTIONARY
dȃnь	polish	dań	daɲ		IN_WIKTIONARY
dȃrъ	polish	dar	dar		IN_WIKTIONARY
degъtь	polish	dziegieć	ˈd͡ʑɛ.ɡʲɛt͡ɕ		IN_WIKTIONARY
dertì	polish	drzeć	dʐɛt͡ɕ		IN_WIKTIONARY
desetъjь	polish	dziesiąty	d͡ʑɛˈɕɔn.tɨ		IN_WIKTIONARY
devetъjь	polish	dziewiąty	d͡ʑɛˈvʲɔn.tɨ		IN_WIKTIONARY
dérnъ	polish	drzón	dʐun
dē̌žà	polish	dzieża	ˈd͡ʑɛ.ʐa		IN_WIKTIONARY
dělati	polish	dziaɫać	ˈd͡ʑawat͡ɕ
děliti	polish	dzielić	ˈd͡ʑɛ.lʲit͡ɕ		IN_WIKTIONARY
dětę	polish	dziecię	ˈd͡ʑɛ.t͡ɕɛ		IN_WIKTIONARY
děti	polish	dzieci	ˈd͡ʑɛ.t͡ɕi		IN_WIKTIONARY
děvìca	polish	dziewica	d͡ʑɛˈvʲi.t͡sa		IN_WIKTIONARY
dě̀dъ	polish	dziad	d͡ʑat		IN_WIKTIONARY
dě̀lo	polish	dzieɫo	ˈd͡ʑɛwɔ	ˈd͡ʑɛwɔ	SAME
dě́lъ	polish	dziaɫ	ˈd͡ʑaw	d͡ʑaw	DIFFERENT
dȅsętь	polish	dziesięć	ˈd͡ʑɛ.ɕɛɲt͡ɕ		IN_WIKTIONARY
dȅvętь	polish	dziewięć	ˈd͡ʑɛ.vʲɛɲt͡ɕ		IN_WIKTIONARY
dȇrvo	polish	drzewo	ˈdʐɛ.vɔ		IN_WIKTIONARY
dęglь	polish	dzięgel	ˈd͡ʑɛŋɡɛl
dętelъ	polish	dzięcioɫ	ˈd͡ʑɛɲt͡ɕɔw
dikъjь	polish	dziki	ˈd͡ʑi.kʲi		IN_WIKTIONARY
divъ	polish	dziw	d͡ʑif		IN_WIKTIONARY
divьnъjь	polish	dziwny	ˈd͡ʑiv.nɨ		IN_WIKTIONARY
do	polish	do	dÉ”		IN_WIKTIONARY
doba	polish	doba	[ˈdɔba]		CORRECTED
dobrъjь	polish	dobry	ˈdɔ.brɨ		IN_WIKTIONARY
dojìti	polish	doić	ˈdɔ.it͡ɕ		IN_WIKTIONARY
doltò	polish	dɫuto	ˈdwutɔ	ˈdwutɔ	SAME
dolъ	polish	dóɫ	duw
domovъjь	polish	domowy	dɔˈmɔ.vɨ		IN_WIKTIONARY
dòlnь	polish	dɫoń	dwɔɲ
dòl̨a	polish	dola	ˈdɔ.la		IN_WIKTIONARY
dòrga	polish	droga	[ˈdrɔɡa]		CORRECTED
dȍma	polish	doma	ˈdɔma	ˈdɔma	SAME
dȏmъ	polish	dom	dɔm		IN_WIKTIONARY
dorgъjь	polish	drogi	ˈdrɔ.ɡʲi		IN_WIKTIONARY
dǫ̀ti	polish	dąć	dɔɲt͡ɕ		IN_WIKTIONARY
dǭgà	polish	dęga	ˈdɛŋ.ɡa		IN_WIKTIONARY
dǫ̑bъ	polish	dąb	dɔmp		IN_WIKTIONARY
drě̄màti	polish	drzemać	ˈdʐɛ.mat͡ɕ		IN_WIKTIONARY
drobìti	polish	drobić	ˈdrɔ.bʲit͡ɕ		IN_WIKTIONARY
drobь	polish	drób	drup		IN_WIKTIONARY
drobьnъjь	polish	drobny	ˈdrɔb.nɨ		IN_WIKTIONARY
drozdъ	polish	drozd	drɔst		IN_WIKTIONARY
dročiti	polish	droczyć	ˈdrɔt͡ʂɨt͡ɕ
drǫ́gъ	polish	drąg	drɔŋk		IN_WIKTIONARY
družìna	polish	drużyna	druˈʐɨ.na		IN_WIKTIONARY
drȗgъ	polish	drugi	ˈdru.ɡʲi		IN_WIKTIONARY
drāpàti	polish	drapać	ˈdra.pat͡ɕ		IN_WIKTIONARY
drъgati	polish	drgać	drɡat͡ɕ		IN_WIKTIONARY
drъžati	polish	drżeć	drʐɛt͡ɕ		IN_WIKTIONARY
drъžь	polish	dreszcz	drɛʂt͡ʂ		IN_WIKTIONARY
drъ̏vo	polish	drwa	[ˈdrva]		CORRECTED
duplò	polish	dziupɫo	ˈd͡ʑupwɔ	ˈd͡ʑupwɔ	SAME
dupl̨a	polish	dziupla	ˈd͡ʑup.la		IN_WIKTIONARY
dura	polish	dziura	ˈd͡ʑu.ra		IN_WIKTIONARY
durь	polish	dur	dur		IN_WIKTIONARY
durьnъjь	polish	durny	ˈdur.nɨ		IN_WIKTIONARY
dužьjь	polish	duży	ˈdu.ʐɨ		IN_WIKTIONARY
dȗxъ	polish	duch	dux		IN_WIKTIONARY
dva	polish	dwa	dva		IN_WIKTIONARY
dvojь	polish	dwoje	ˈdvɔ.jɛ		IN_WIKTIONARY
dvòrъ	polish	dwór	dvur		IN_WIKTIONARY
dvьrь	polish	drzwi	dʐvʲi		IN_WIKTIONARY
dỳmъ	polish	dym	dɨm		IN_WIKTIONARY
dāvàti	polish	dawać	ˈda.vat͡ɕ		IN_WIKTIONARY
dāvìti	polish	dawić	ˈdavʲit͡ɕ
dīvìti	polish	dziwić	ˈd͡ʑi.vʲit͡ɕ		IN_WIKTIONARY
dūrìti	polish	durzyć	ˈduʐɨt͡ɕ
dūxàti	polish	duchać	ˈduxat͡ɕ
dūšà	polish	dusza	ˈdu.ʂa		IN_WIKTIONARY
dъnò	polish	dno	dnɔ		IN_WIKTIONARY
dъva	polish	dwa	dva		IN_WIKTIONARY
dъvojь	polish	dwoje	ˈdvɔ.jɛ		IN_WIKTIONARY
dъxnǫti	polish	tchnąć	txnɔɲt͡ɕ
dъxъ	polish	dech	dɛx		IN_WIKTIONARY
dъždžь	polish	deszcz	dɛʂt͡ʂ		IN_WIKTIONARY
dъ̑lgъ	polish	dɫug	dwuk	dwuk	SAME
dьrgati	polish	dziergać	ˈd͡ʑɛr.ɡat͡ɕ		IN_WIKTIONARY
zadьrnǫti	polish	zadzierzgnąć	zaˈd͡ʑɛʐɡnɔɲt͡ɕ
dьrznǫti	polish	darznąć	ˈdarznɔɲt͡ɕ
dьrzъkъjь	polish	dziarski	ˈd͡ʑar.skʲi		IN_WIKTIONARY
dьržati	polish	dzierż	d͡ʑɛrʂ		IN_WIKTIONARY
dьlgъjь	polish	dɫugi	ˈdwuɡʲi	ˈdwuɡʲi	SAME
dь̑nь	polish	dzień	d͡ʑɛɲ		IN_WIKTIONARY
elьcь	polish	jelec	ˈjɛ.lɛt͡s		IN_WIKTIONARY
erębina	polish	jarzębina	ja.ʐɛmˈbʲi.na		IN_WIKTIONARY
esera	polish	jesiory	jɛˈɕɔrɨ	jɛˈɕɔrɨ	SAME
esetь	polish	jesieć	ˈjɛɕɛt͡ɕ
estь	polish	jest	jɛst		IN_WIKTIONARY
ešče	polish	jeszcze	ˈjɛʂ.t͡ʂɛ		IN_WIKTIONARY
ežina	polish	jeżyna	jɛˈʐɨ.na		IN_WIKTIONARY
ežь	polish	jeż	jɛʂ		IN_WIKTIONARY
ědro	polish	jadro	ˈjadrɔ	ˈjadrɔ	SAME
ěrina	polish	jarzyna	jaˈʐɨ.na		IN_WIKTIONARY
erъjь	polish	jary	[ˈjarɨ]		CORRECTED
ěrъka	polish	jarka	ˈjarka	ˈjarka	SAME
ěrьcь	polish	jarzec	ˈja.ʐɛt͡s		IN_WIKTIONARY
ěsti	polish	jeść	jɛɕt͡ɕ		IN_WIKTIONARY
ěxati	polish	jechać	ˈjɛ.xat͡ɕ		IN_WIKTIONARY
ězda	polish	jazda	[ˈjazda]		CORRECTED
esnъjь	polish	jasny	ˈjas.nɨ		IN_WIKTIONARY
ě̀to	polish	jato	ˈjatɔ	ˈjatɔ	SAME
ȅsenь	polish	jesień	ˈjɛ.ɕɛɲ		IN_WIKTIONARY
ȇ̌dъ	polish	jad	jat		IN_WIKTIONARY
ęti	polish	jąć	jɔɲt͡ɕ		IN_WIKTIONARY
ętry	polish	jątrew	ˈjɔntrɛf
ęzỳkъ	polish	język	ˈjɛ̃.zɨk		IN_WIKTIONARY
ęčati	polish	jęczeć	ˈjɛn.t͡ʂɛt͡ɕ		IN_WIKTIONARY
ęčьmy	polish	jęczmień	ˈjɛn.t͡ʂmʲɛɲ		IN_WIKTIONARY
gadati	polish	gadać	ˈɡa.dat͡ɕ		IN_WIKTIONARY
gasnǫti	polish	gasnąć	ˈɡas.nɔɲt͡ɕ		IN_WIKTIONARY
gàdъ	polish	gad	ɡat		IN_WIKTIONARY
glabati	polish	gɫabać	ˈɡwabat͡ɕ
glazъ	polish	gɫaz	ɡwas	ɡwas	SAME
gladъkъjь	polish	gɫadki	ˈɡwatkʲi	ˈɡwatkʲi	SAME
glìna	polish	glina	ˈɡlʲi.na		IN_WIKTIONARY
glìva	polish	gliwa	ˈɡlʲiva	ˈɡlʲiva	SAME
globìti	polish	gɫobić	ˈɡwɔbʲit͡ɕ
glògъ	polish	gɫóg	ɡwuk
globokъjь	polish	gɫęboki	ɡwɛmˈbɔkʲi
glumiti	polish	gɫumić	ˈɡwumʲit͡ɕ
glupъjь	polish	gɫupi	ˈɡwupʲi	ˈɡwupʲi	SAME
gluxъjь	polish	gɫuchy	ˈɡwuxɨ	ˈɡwuxɨ	SAME
glъtati	polish	glutać	ˈɡlutat͡ɕ
glьjь	polish	glej	ɡlɛj		IN_WIKTIONARY
gnestì	polish	gnieść	ɡɲɛɕt͡ɕ		IN_WIKTIONARY
gně̀vъ	polish	gniew	ɡɲɛf		IN_WIKTIONARY
gně̄zdò	polish	gniazdo	ˈɡɲaz.dɔ		IN_WIKTIONARY
gnȏjь	polish	gnój	ɡnuj		IN_WIKTIONARY
gnusiti sę	polish	gnusić się	ˈɡnuɕit͡ɕ ɕɛ
gnusьnъjь	polish	gnuśny	ˈɡnuɕ.nɨ		IN_WIKTIONARY
gnilъjь	polish	gniɫy	ˈɡɲiwɨ	ˈɡɲiwɨ	SAME
gńìda	polish	gnida	ˈɡɲi.da		IN_WIKTIONARY
gńìti	polish	gnić	ɡɲit͡ɕ		IN_WIKTIONARY
godina	polish	godzina	ɡɔˈd͡ʑi.na		IN_WIKTIONARY
goditi	polish	godzić	ˈɡɔ.d͡ʑit͡ɕ		IN_WIKTIONARY
godъ	polish	gody	ˈɡɔ.dɨ		IN_WIKTIONARY
godьnъjь	polish	godny	ˈɡɔd.nɨ		IN_WIKTIONARY
gojiti	polish	goić	ˈɡɔ.it͡ɕ		IN_WIKTIONARY
golemъjь	polish	golemy	ɡɔˈlɛmɨ	ɡɔˈlɛmɨ	SAME
golěnь	polish	goleń	ˈɡɔ.lɛɲ		IN_WIKTIONARY
golota	polish	goɫota	ɡɔˈwɔta	ɡɔˈwɔta	SAME
golvà	polish	gɫowa	ˈɡwɔva	ˈɡwɔva	SAME
gonìti	polish	gonić	ˈɡɔ.ɲit͡ɕ		IN_WIKTIONARY
gorà	polish	góra	ˈɡu.ra		IN_WIKTIONARY
gorěti	polish	gorzeć	ˈɡɔ.ʐɛt͡ɕ		IN_WIKTIONARY
gorьjьjь	polish	gorszy	[ˈɡɔrʂɨ]		CORRECTED
gorьkъjь	polish	gorzki	ˈɡɔʂ.kʲi		IN_WIKTIONARY
gospodinъ	polish	gospodzin	ɡɔˈspɔd͡ʑin	ɡɔˈspɔd͡ʑin	SAME
gospodь	polish	gospód	ˈɡɔsput
govorъ	polish	gowor	ˈɡɔvɔr	ˈɡɔvɔr	SAME
govьnò	polish	gówno	ˈɡuv.nɔ		IN_WIKTIONARY
golъjь	polish	goɫy	ˈɡɔwɨ	ˈɡɔwɨ	SAME
gòrxъ	polish	groch	ɡrɔx		IN_WIKTIONARY
gȍlǫbь	polish	goɫąb	ˈɡɔwɔmp
gȍr̨e	polish	gorze	ˈɡɔʐɛ	ˈɡɔʐɛ	SAME
gȏldъ	polish	gɫód	ɡwut
gȏlsъ	polish	gɫos	[ˈɡwɔs]		CORRECTED
gȏrdъ	polish	gród	ɡrut		IN_WIKTIONARY
gȏstь	polish	gość	ɡɔɕt͡ɕ		IN_WIKTIONARY
gǫsti	polish	gąść	ɡɔ̃ɕt͡ɕ		IN_WIKTIONARY
gǫ̀ba	polish	gęba	ˈɡɛm.ba		IN_WIKTIONARY
gostъjь	polish	gęsty	ˈɡɛ̃.stɨ		IN_WIKTIONARY
gǫ̑sь	polish	gęś	ɡɛ̃ɕ		IN_WIKTIONARY
gràbiti	polish	grabić	ˈɡra.bʲit͡ɕ		IN_WIKTIONARY
gràdъ	polish	grad	ɡrat		IN_WIKTIONARY
grebenь	polish	grzebień	ˈɡʐɛ.bʲɛɲ		IN_WIKTIONARY
greti	polish	grześć	ɡʐɛɕt͡ɕ
grějati	polish	grzać	ɡʐat͡ɕ		IN_WIKTIONARY
grěti	polish	grzać	ɡʐat͡ɕ		IN_WIKTIONARY
grě́xъ	polish	grzech	ɡʐɛx		IN_WIKTIONARY
grę̄dà	polish	grzęda	ˈɡʐɛn.da		IN_WIKTIONARY
grę̑znǫti	polish	grzeznąć	ˈɡʐɛznɔɲt͡ɕ
grivьna	polish	grzywna	ˈɡʐɨv.na		IN_WIKTIONARY
grìva	polish	grzywa	ˈɡʐɨ.va		IN_WIKTIONARY
grobъ	polish	grób	ɡrup		IN_WIKTIONARY
gromada	polish	gromada	ɡrɔˈma.da		IN_WIKTIONARY
grozà	polish	groza	ˈɡrɔ.za		IN_WIKTIONARY
groziti	polish	grozić	ˈɡrɔ.ʑit͡ɕ		IN_WIKTIONARY
grozьnъjь	polish	groźny	ˈɡrɔʑ.nɨ		IN_WIKTIONARY
grȏmъ	polish	grom	ɡrɔm		IN_WIKTIONARY
grǫziti	polish	grążyć	ˈɡrɔ̃ʐɨt͡ɕ
grỳzti	polish	gryźć	ɡrɨɕt͡ɕ		IN_WIKTIONARY
grьměti	polish	grzmieć	ɡʐmʲɛt͡ɕ		IN_WIKTIONARY
gubìti	polish	gubić	ˈɡu.bʲit͡ɕ		IN_WIKTIONARY
gumьnò	polish	gumno	ˈɡum.nɔ		IN_WIKTIONARY
gvě̄zdà	polish	gwiazda	ˈɡvʲaz.da		IN_WIKTIONARY
gybati	polish	gibać	ˈɡʲibat͡ɕ
gỳnǫti	polish	ginąć	ˈɡʲi.nɔɲt͡ɕ		IN_WIKTIONARY
gāsìti	polish	gasić	ˈɡa.ɕit͡ɕ		IN_WIKTIONARY
gъnàti	polish	gnać	ɡnat͡ɕ		IN_WIKTIONARY
gъnǫti	polish	giąć	ɡʲɔɲt͡ɕ		IN_WIKTIONARY
gъ̀rdlo	polish	gardɫo	ˈɡardwɔ	ˈɡardwɔ	SAME
gъrdъjь	polish	gardy	ˈɡardɨ	ˈɡardɨ	SAME
gъ̑rstь	polish	garść	ɡarɕt͡ɕ		IN_WIKTIONARY
i	polish	i	[i]		CORRECTED
ju	polish	już	juʂ		IN_WIKTIONARY
juže	polish	już	juʂ		IN_WIKTIONARY
jūxà	polish	jucha	ˈju.xa		IN_WIKTIONARY
jьgrati	polish	grać	ɡrat͡ɕ		IN_WIKTIONARY
jьgъlà	polish	igɫa	ˈiɡwa	ˈiɡwa	SAME
jьlъ	polish	iɫ	iw	iw	SAME
jьlьmъ	polish	ilm	ilm	ilm	SAME
jьmàti	polish	imać	ˈimat͡ɕ
jьměti	polish	mieć	mʲɛt͡ɕ		IN_WIKTIONARY
jьmę	polish	imię	ˈi.mʲɛ		IN_WIKTIONARY
jьnogъ	polish	nóg	nuk		IN_WIKTIONARY
jь̑go	polish	jugo	[ˈjuɡɔ]		CORRECTED
kadìdlo	polish	kadzidɫo	[kaˈd͡ʑidwɔ]		CORRECTED
kakъ	polish	kaki	ˈkakʲi	ˈkakʲi	SAME
kaliti	polish	kalić	ˈkalʲit͡ɕ
kamy	polish	kamień	ˈka.mʲɛɲ		IN_WIKTIONARY
kara	polish	kara	ˈka.ra		IN_WIKTIONARY
karati	polish	karać	ˈka.rat͡ɕ		IN_WIKTIONARY
kasati	polish	kasać	ˈkasat͡ɕ
kazati	polish	kazać	ˈka.zat͡ɕ		IN_WIKTIONARY
kaziti	polish	kazić	ˈkaʑit͡ɕ
kaznь	polish	kaźń	kaʑɲ		IN_WIKTIONARY
kašl̨ati	polish	kaszlać	ˈkaʂlat͡ɕ
kašlь	polish	kaszel	ˈka.ʂɛl		IN_WIKTIONARY
kašьl̨ati	polish	kaszlać	ˈkaʂlat͡ɕ
kašьlь	polish	kaszel	ˈka.ʂɛl		IN_WIKTIONARY
kàjati sę	polish	kajać się	ˈkajat͡ɕ ɕɛ
kȃlъ	polish	kaɫ	[ˈkaw]		CORRECTED
klasti	polish	kɫaść	kwaɕt͡ɕ
klekotati	polish	klekotać	klɛˈkɔtat͡ɕ
klekotъ	polish	klekot	ˈklɛ.kɔt		IN_WIKTIONARY
klekъtati	polish	klektać	ˈklɛktat͡ɕ
klějь	polish	klej	klɛj		IN_WIKTIONARY
klětь	polish	kleć	klɛt͡ɕ		IN_WIKTIONARY
klěšča	polish	kleszcze	ˈklɛʂ.t͡ʂɛ		IN_WIKTIONARY
klěščiti	polish	kleścić	ˈklɛɕt͡ɕit͡ɕ
klęčati	polish	klęczeć	ˈklɛn.t͡ʂɛt͡ɕ		IN_WIKTIONARY
kl̨účь	polish	klucz	klut͡ʂ		IN_WIKTIONARY
kobьcь	polish	kobiec	ˈkɔbʲɛt͡s	ˈkɔbʲɛt͡s	SAME
kojariti	polish	kojarzyć	kɔˈja.ʐɨt͡ɕ		IN_WIKTIONARY
kokotъ	polish	kokot	ˈkɔ.kɔt		IN_WIKTIONARY
kokošь	polish	kokosz	[ˈkɔkɔʂ]		CORRECTED
kolě̀no	polish	kolano	kɔˈla.nɔ		IN_WIKTIONARY
kolo	polish	koɫo	ˈkɔwɔ	ˈkɔwɔ	SAME
kolti	polish	kɫuć	kwut͡ɕ
koltiti	polish	kɫócić	ˈkwut͡ɕit͡ɕ
konьcь	polish	koniec	ˈkɔ.ɲɛt͡s		IN_WIKTIONARY
kopa	polish	kopa	ˈkɔ.pa		IN_WIKTIONARY
kopati	polish	kopać	ˈkɔ.pat͡ɕ		IN_WIKTIONARY
koprъ	polish	koper	ˈkɔ.pɛr		IN_WIKTIONARY
korà	polish	kora	ˈkɔ.ra		IN_WIKTIONARY
korbī	polish	krobia	ˈkrɔbʲa	ˈkrɔbʲa	SAME
korda	polish	króda	ˈkruda
korenь	polish	korzeń	ˈkɔ.ʐɛɲ		IN_WIKTIONARY
korìti sę	polish	korzyć się	ˈkɔʐɨt͡ɕ ɕɛ
kortъkъjь	polish	krótki	ˈkrut.kʲi		IN_WIKTIONARY
korỳto	polish	koryto	kɔˈrɨ.tɔ		IN_WIKTIONARY
korьcь	polish	korzec	ˈkɔ.ʐɛt͡s		IN_WIKTIONARY
kosà	polish	kosa	ˈkɔ.sa		IN_WIKTIONARY
kosmъ	polish	kosm	kɔsm	kɔsm	SAME
kotìti sę	polish	kocić się	ˈkɔt͡ɕit͡ɕ ɕɛ
kotъ	polish	kot	kɔt		IN_WIKTIONARY
kovati	polish	kuć	kut͡ɕ		IN_WIKTIONARY
kozà	polish	koza	ˈkɔ.za		IN_WIKTIONARY
kozьlъ	polish	kozioɫ	ˈkɔʑɔw	ˈkɔʑɔw	SAME
kòlda	polish	kɫoda	ˈkwɔda	ˈkwɔda	SAME
kòlъ	polish	kóɫ	kuw
kòn̨ь	polish	koń	kɔɲ		IN_WIKTIONARY
kòrsta	polish	krosta	ˈkrɔ.sta		IN_WIKTIONARY
kòrva	polish	krowa	ˈkrɔ.va		IN_WIKTIONARY
kòšь	polish	kosz	kɔʂ		IN_WIKTIONARY
kȏlsъ	polish	kɫos	ˈkwɔs	kwɔs	DIFFERENT
kȏstь	polish	kość	kɔɕt͡ɕ		IN_WIKTIONARY
kȏsъ	polish	kos	kɔs		IN_WIKTIONARY
kǫpina	polish	kępina	kɛmˈpʲi.na		IN_WIKTIONARY
kǫsati	polish	kąsać	ˈkɔ̃.sat͡ɕ		IN_WIKTIONARY
kǫtja	polish	kuczka	ˈkut͡ʂka	ˈkut͡ʂka	SAME
kǫ́tъ	polish	kąt	kɔnt		IN_WIKTIONARY
kǫ̑sъ	polish	kęs	kɛ̃s		IN_WIKTIONARY
krajь	polish	kraj	kraj		IN_WIKTIONARY
krakati	polish	krakać	ˈkra.kat͡ɕ		IN_WIKTIONARY
krasà	polish	krasa	ˈkra.sa		IN_WIKTIONARY
krasti	polish	kraść	kraɕt͡ɕ		IN_WIKTIONARY
krasьnъjь	polish	krasny	ˈkras.nɨ		IN_WIKTIONARY
kremy	polish	krzemień	ˈkʂɛ.mʲɛɲ		IN_WIKTIONARY
krečetъ	polish	krzeczot	ˈkʂɛ.t͡ʂɔt		IN_WIKTIONARY
krepъkъjь	polish	krzepki	ˈkʂɛp.kʲi		IN_WIKTIONARY
krě̀slo	polish	krzesɫo	ˈkʂɛswɔ	ˈkʂɛswɔ	SAME
kričati	polish	krzyczeć	ˈkʂɨ.t͡ʂɛt͡ɕ		IN_WIKTIONARY
krȋkъ	polish	krzyk	kʂɨk		IN_WIKTIONARY
krojiti	polish	kroić	ˈkrɔ.it͡ɕ		IN_WIKTIONARY
kroma	polish	kroma	ˈkrɔ.ma		IN_WIKTIONARY
kromě	polish	krom	krÉ”m		IN_WIKTIONARY
kropiti	polish	kropić	ˈkrɔ.pʲit͡ɕ		IN_WIKTIONARY
krȍsno	polish	krosna	ˈkrɔs.na		IN_WIKTIONARY
kroglъjь	polish	krągɫy	ˈkrɔŋɡwɨ
kropъjь	polish	krępy	ˈkrɛm.pɨ		IN_WIKTIONARY
krǫtiti	polish	kręcić	ˈkrɛɲ.t͡ɕit͡ɕ		IN_WIKTIONARY
krotъjь	polish	kręty	ˈkrɛn.tɨ		IN_WIKTIONARY
krǫ̑gъ	polish	krąg	krɔŋk		IN_WIKTIONARY
krukъ	polish	kruk	kruk		IN_WIKTIONARY
krupьnъjь	polish	krupny	ˈkrupnɨ	ˈkrupnɨ	SAME
kruxъ	polish	kruch	krux		IN_WIKTIONARY
kry	polish	krew	krɛf		IN_WIKTIONARY
krỳti	polish	kryć	krɨt͡ɕ		IN_WIKTIONARY
krīdlò	polish	krzydɫo	ˈkʂɨdwɔ	ˈkʂɨdwɔ	SAME
krūpà	polish	krupy	ˈkru.pɨ		IN_WIKTIONARY
krъvьnъjь	polish	krewny	ˈkrɛv.nɨ		IN_WIKTIONARY
kudo	polish	kudyś	ˈku.dɨɕ		IN_WIKTIONARY
kukati	polish	kukać	ˈku.kat͡ɕ		IN_WIKTIONARY
kurica	polish	kurzyca	kuˈʐɨt͡sa	kuˈʐɨt͡sa	SAME
kurъ	polish	kur	kur		IN_WIKTIONARY
kuzn̨a	polish	kuźnia	ˈkuʑ.ɲa		IN_WIKTIONARY
kuča	polish	kucza	ˈkut͡ʂa	ˈkut͡ʂa	SAME
kvȃsъ	polish	kwas	kfas		IN_WIKTIONARY
kvě̑tъ	polish	kwiat	kfʲat		IN_WIKTIONARY
kydati	polish	kidać	ˈkʲidat͡ɕ
kydnǫti	polish	kinąć	ˈkʲinɔɲt͡ɕ
kyjь	polish	kij	kʲij		IN_WIKTIONARY
kypě̀ti	polish	kipieć	ˈkʲi.pʲɛt͡ɕ		IN_WIKTIONARY
kysati	polish	kisać	ˈkʲisat͡ɕ
kyslъjь	polish	kisɫy	ˈkʲiswɨ	ˈkʲiswɨ	SAME
kysьlъjь	polish	kisɫy	ˈkʲiswɨ	ˈkʲiswɨ	SAME
kyvati	polish	kiwać	ˈkʲi.vat͡ɕ		IN_WIKTIONARY
kyxati	polish	kichać	ˈkʲi.xat͡ɕ		IN_WIKTIONARY
kỳla	polish	kiɫa	ˈkʲiwa	ˈkʲiwa	SAME
kādìti	polish	kadzić	ˈka.d͡ʑit͡ɕ		IN_WIKTIONARY
kūrìti	polish	kurzyć	ˈku.ʐɨt͡ɕ		IN_WIKTIONARY
kъ	polish	ku	ku		IN_WIKTIONARY
kъde	polish	gdzie	ɡd͡ʑɛ		IN_WIKTIONARY
kъjь	polish	ki	kʲi	kʲi	SAME
kъlbь	polish	kieɫb	ˈkʲɛwp	kʲɛwp	DIFFERENT
kъlъ	polish	kieɫ	ˈkʲɛw	kʲɛw	DIFFERENT
kъn	polish	ku	ku		IN_WIKTIONARY
kъrkati	polish	karkać	ˈkarkat͡ɕ
kъrnъ	polish	kȧ̃rn	kaˈdrna
kъr̨ь	polish	kierz	kʲɛʂ		IN_WIKTIONARY
kъto	polish	kto	ktɔ		IN_WIKTIONARY
kъ̀rpa	polish	karpa	ˈkar.pa		IN_WIKTIONARY
lamъ	polish	ɫam	wam	wam	SAME
lasъjь	polish	ɫasy	ˈwasɨ	ˈwasɨ	SAME
lazъ	polish	ɫaz	ˈwas	was	DIFFERENT
làjati	polish	ɫajać	ˈwajat͡ɕ
làpa	polish	ɫapa	ˈwapa	ˈwapa	SAME
làska	polish	ɫaska	ˈwaska	ˈwaska	SAME
làziti	polish	ɫazić	ˈwaʑit͡ɕ
legti	polish	lec	lɛt͡s		IN_WIKTIONARY
letěti	polish	lecieć	ˈlɛ.t͡ɕɛt͡ɕ		IN_WIKTIONARY
ležàti	polish	leżeć	ˈlɛ.ʐɛt͡ɕ		IN_WIKTIONARY
lěgati	polish	legać	ˈlɛɡat͡ɕ
lenivъjь	polish	leniwy	lɛˈɲi.vɨ		IN_WIKTIONARY
lěpiti	polish	lepić	ˈlɛ.pʲit͡ɕ		IN_WIKTIONARY
lě̀to	polish	lato	ˈla.tɔ		IN_WIKTIONARY
lě̀zti	polish	leźć	lɛɕt͡ɕ		IN_WIKTIONARY
lě̑pъ	polish	lep	[ˈlɛp]		CORRECTED
lě̑sъ	polish	las	las		IN_WIKTIONARY
levъjь	polish	lewy	ˈlɛ.vɨ		IN_WIKTIONARY
lě̑xà	polish	lecha	ˈlɛxa	ˈlɛxa	SAME
lȇdъ	polish	lód	lut		IN_WIKTIONARY
likъ	polish	lik	lʲik		IN_WIKTIONARY
lisìca	polish	lisica	lʲiˈɕi.t͡sa		IN_WIKTIONARY
lisъ	polish	lis	lʲis		IN_WIKTIONARY
lixo	polish	licho	ˈlʲi.xɔ		IN_WIKTIONARY
lixъjь	polish	lichy	ˈlʲi.xɨ		IN_WIKTIONARY
lišiti	polish	liszyć	ˈlʲiʂɨt͡ɕ
lokati	polish	ɫokać	ˈwɔkat͡ɕ
lomìti	polish	ɫomić	ˈwɔmʲit͡ɕ
lonò	polish	ɫono	[ˈwɔnɔ]		CORRECTED
lopàta	polish	ɫopata	wɔˈpata	wɔˈpata	SAME
lososь	polish	ɫosoś	ˈwɔsɔɕ
lovìti	polish	ɫowić	ˈwɔvʲit͡ɕ
lozà	polish	ɫoza	ˈwɔza	ˈwɔza	SAME
lože	polish	ɫoże	ˈwɔʐɛ
ložìti	polish	ɫožyć	ˈwɔʐɨt͡ɕ
lȏjь	polish	ɫój	wuj
lȏvъ	polish	ɫów	wuf
lǫčьje	polish	ɫącze	ˈwɔnt͡ʂɛ
lǭčìti	polish	ɫączyć	ˈwɔnt͡ʂɨt͡ɕ
lǫ̑gъ	polish	ɫąg	wɔŋk
lǫ̑kъ	polish	ɫęk	wɛŋk
lugъ	polish	ɫug	wuk	wuk	SAME
lunà	polish	ɫuna	[ˈwuna]		CORRECTED
luska	polish	ɫuska	ˈwuska	ˈwuska	SAME
luskati	polish	ɫuskać	ˈwuskat͡ɕ
luščiti	polish	ɫuszczyć	ˈwuʂt͡ʂɨt͡ɕ
lùža	polish	ɫuża	ˈwuʐa
lȗbъ	polish	ɫub	wup	wup	SAME
lysъjь	polish	ɫysy	ˈwɨsɨ	ˈwɨsɨ	SAME
līcè	polish	lice	ˈlʲit͡sɛ	ˈlʲit͡sɛ	SAME
līzàti	polish	lizać	ˈlʲi.zat͡ɕ		IN_WIKTIONARY
lǭkà	polish	ɫąka	ˈwɔŋka
l̨ubo	polish	lub	lup		IN_WIKTIONARY
lubъjь	polish	luby	[ˈlubɨ]		CORRECTED
lutъjь	polish	luty	ˈlu.tɨ		IN_WIKTIONARY
l̨ȗdъ	polish	lud	lut		IN_WIKTIONARY
l̨ȗdьje	polish	ludzie	ˈlu.d͡ʑɛ		IN_WIKTIONARY
l̨ūbìti	polish	lubić	ˈlu.bʲit͡ɕ		IN_WIKTIONARY
lъbъ	polish	ɫeb	ˈwɛp	wɛp	DIFFERENT
lъgati	polish	ɫgać	ˈwɡat͡ɕ
lъskъ	polish	ɫysk	wɨsk	wɨsk	SAME
lъža	polish	ɫża	wʐa
lъžь	polish	ɫeż	wɛʂ
lьgъkъjь	polish	lekki	ˈlɛk.kʲi		IN_WIKTIONARY
lьjati	polish	lać	lat͡ɕ		IN_WIKTIONARY
lьnenъjь	polish	lniany	ˈlɲa.nɨ		IN_WIKTIONARY
lьnǫti	polish	lgnąć	lɡnɔɲt͡ɕ		IN_WIKTIONARY
lь̑nъ	polish	len	lɛn		IN_WIKTIONARY
mara	polish	mara	ˈma.ra		IN_WIKTIONARY
màkъ	polish	mak	mak		IN_WIKTIONARY
malъjь	polish	maɫy	ˈmawɨ	ˈmawɨ	SAME
màslo	polish	masɫo	ˈmaswɔ	ˈmaswɔ	SAME
màzati	polish	mazać	ˈma.zat͡ɕ		IN_WIKTIONARY
mȃstь	polish	maść	maɕt͡ɕ		IN_WIKTIONARY
medjà	polish	miedza	[ˈmʲɛd͡za]		CORRECTED
medvě̀dь	polish	miedźwiedź	ˈmʲɛd͡ʑvʲɛt͡ɕ
melkò	polish	mleko	ˈmlɛ.kɔ		IN_WIKTIONARY
melti	polish	mleć	mlɛt͡ɕ		IN_WIKTIONARY
merti	polish	mrzeć	mʐɛt͡ɕ		IN_WIKTIONARY
mestì	polish	mieść	mʲɛɕt͡ɕ		IN_WIKTIONARY
metàti	polish	miotać	ˈmʲɔ.tat͡ɕ		IN_WIKTIONARY
měna	polish	miana	ˈmʲa.na		IN_WIKTIONARY
měniti	polish	mienić	ˈmʲɛɲit͡ɕ
měniti sę	polish	mienić się	ˈmʲɛɲit͡ɕ ɕɛ
mě̀dь	polish	miedź	mʲɛt͡ɕ		IN_WIKTIONARY
mě̀ra	polish	miara	ˈmʲa.ra		IN_WIKTIONARY
mě̀riti	polish	mierzyć	ˈmʲɛ.ʐɨt͡ɕ		IN_WIKTIONARY
mě̀sęcь	polish	miesiąc	ˈmʲɛ.ɕɔnt͡s		IN_WIKTIONARY
mě̀sto	polish	miasto	[ˈmʲastɔ]		CORRECTED
mě̄zgà	polish	miazga	ˈmʲaz.ɡa		IN_WIKTIONARY
mě̑sìti	polish	miesić	ˈmʲɛ.ɕit͡ɕ		IN_WIKTIONARY
mȇdъ	polish	miód	mʲut		IN_WIKTIONARY
mę	polish	mię	mʲɛ		IN_WIKTIONARY
męknǫti	polish	mięknąć	ˈmʲɛŋ.knɔɲt͡ɕ		IN_WIKTIONARY
mekъkъjь	polish	miękki	ˈmʲɛŋ.kkʲi		IN_WIKTIONARY
męti	polish	miąć	mʲɔɲt͡ɕ		IN_WIKTIONARY
mę̑so	polish	mięso	ˈmʲɛ̃.sɔ		IN_WIKTIONARY
mijati	polish	mijać	ˈmʲi.jat͡ɕ		IN_WIKTIONARY
mimo	polish	mimo	ˈmʲi.mɔ		IN_WIKTIONARY
minovati	polish	minować	mʲiˈnɔ.vat͡ɕ		IN_WIKTIONARY
minǫti	polish	minąć	ˈmʲi.nɔɲt͡ɕ		IN_WIKTIONARY
mirъ	polish	mir	mʲir	mʲir	SAME
mitusь	polish	mituś	ˈmʲituɕ
mižati	polish	mżeć	mʐɛt͡ɕ
milъjь	polish	miɫy	ˈmʲiwɨ	ˈmʲiwɨ	SAME
modla	polish	modɫa	ˈmɔdwa	ˈmɔdwa	SAME
modliti	polish	modlić	ˈmɔdlʲit͡ɕ
modrъjь	polish	modry	ˈmɔ.drɨ		IN_WIKTIONARY
mogti	polish	móc	mut͡s		IN_WIKTIONARY
mogtь	polish	moc	[ˈmɔt͡s]		CORRECTED
mojь	polish	mój	muj		IN_WIKTIONARY
mokrъjь	polish	mokry	ˈmɔ.krɨ		IN_WIKTIONARY
moldenьcь	polish	mɫodzieniec	mwɔˈd͡ʑɛɲɛt͡s	mwɔˈd͡ʑɛɲɛt͡s	SAME
moldъjь	polish	mɫody	ˈmwɔdɨ	ˈmwɔdɨ	SAME
moltiti	polish	mɫócić	ˈmwut͡ɕit͡ɕ
molь	polish	mól	mul		IN_WIKTIONARY
morà	polish	mora	ˈmɔra	ˈmɔra	SAME
morvi	polish	mrówka	ˈmruf.ka		IN_WIKTIONARY
morъ	polish	mór	mur		IN_WIKTIONARY
motati	polish	motać	ˈmɔ.tat͡ɕ		IN_WIKTIONARY
motyka	polish	motyka	mɔˈtɨ.ka		IN_WIKTIONARY
močìti	polish	moczyć	ˈmɔ.t͡ʂɨt͡ɕ		IN_WIKTIONARY
mošьna	polish	moszna	ˈmɔʂ.na		IN_WIKTIONARY
mòrzъ	polish	mróz	mrus		IN_WIKTIONARY
mȍr̨e	polish	morze	ˈmɔ.ʐɛ		IN_WIKTIONARY
mȏltъ	polish	mɫot	mwɔt	mwɔt	SAME
mȏrkъ	polish	mrok	mrɔk		IN_WIKTIONARY
mȏstъ	polish	most	mɔst		IN_WIKTIONARY
mȏzgъ	polish	mózg	musk		IN_WIKTIONARY
mǫ̀ka	polish	męka	ˈmɛŋ.ka		IN_WIKTIONARY
mǫ̀čiti	polish	męczyć	ˈmɛn.t͡ʂɨt͡ɕ		IN_WIKTIONARY
mǭtìti	polish	mącić	ˈmɔɲ.t͡ɕit͡ɕ		IN_WIKTIONARY
mǫ̑žь	polish	mąż	mɔ̃ʂ		IN_WIKTIONARY
mùxa	polish	mucha	ˈmu.xa		IN_WIKTIONARY
my	polish	my	mɨ		IN_WIKTIONARY
myto	polish	myto	ˈmɨ.tɔ		IN_WIKTIONARY
mỳdlo	polish	mydɫo	ˈmɨdwɔ	ˈmɨdwɔ	SAME
mỳti	polish	myć	mɨt͡ɕ		IN_WIKTIONARY
mỳšь	polish	mysz	[ˈmɨʂ]		CORRECTED
my̑slь	polish	myśl	mɨɕl		IN_WIKTIONARY
māxàti	polish	machać	ˈma.xat͡ɕ		IN_WIKTIONARY
mǭkà	polish	mąka	ˈmɔŋ.ka		IN_WIKTIONARY
mъdьlьjь	polish	mdɫy	mdwɨ	mdwɨ	SAME
mъknǫti	polish	mknąć	mknɔɲt͡ɕ		IN_WIKTIONARY
mъldni	polish	meɫnia	ˈmɛwɲa	ˈmɛwɲa	SAME
mъlva	polish	mowa	ˈmɔ.va		IN_WIKTIONARY
mъlviti	polish	mówić	ˈmu.vʲit͡ɕ		IN_WIKTIONARY
mъnogъjь	polish	mnogi	ˈmnɔ.ɡʲi		IN_WIKTIONARY
mъrgati	polish	margać	ˈmar.ɡat͡ɕ		IN_WIKTIONARY
mъrky	polish	marchew	ˈmar.xɛf		IN_WIKTIONARY
mъxъ	polish	mech	mɛx		IN_WIKTIONARY
mъšica	polish	mszyca	ˈmʂɨ.t͡sa		IN_WIKTIONARY
mьlčàti	polish	milczeć	ˈmʲil.t͡ʂɛt͡ɕ		IN_WIKTIONARY
mьně	polish	mnie	mɲɛ		IN_WIKTIONARY
mьn̨e	polish	mniej	mɲɛj		IN_WIKTIONARY
mьn̨eje	polish	mniej	mɲɛj		IN_WIKTIONARY
mьnьjьjь	polish	mniejszy	ˈmɲɛj.ʂɨ		IN_WIKTIONARY
mьrknǫti	polish	mierzchnąć	ˈmʲɛʂxnɔɲt͡ɕ
mьrzěti	polish	mierzieć	ˈmʲɛʐɛt͡ɕ
mьrziti	polish	mierzić	ˈmʲɛr.ʑit͡ɕ		IN_WIKTIONARY
mьrznǫti	polish	marznąć	ˈmar.znɔɲt͡ɕ		IN_WIKTIONARY
mьstiti	polish	mścić	mɕt͡ɕit͡ɕ		IN_WIKTIONARY
mьžiti	polish	mżyć	mʐɨt͡ɕ		IN_WIKTIONARY
mьrtvъjь	polish	martwy	ˈmar.tfɨ		IN_WIKTIONARY
na	polish	na	na		IN_WIKTIONARY
nadъ	polish	nad	nat		IN_WIKTIONARY
nasъ	polish	nas	nas		IN_WIKTIONARY
natь	polish	nać	nat͡ɕ		IN_WIKTIONARY
načęti	polish	nacząć	ˈnat͡ʂɔɲt͡ɕ
naglъjь	polish	nagɫy	ˈnaɡwɨ	ˈnaɡwɨ	SAME
nagъjь	polish	nagi	[ˈnaɡʲi]		CORRECTED
ne	polish	nie	ɲɛ		IN_WIKTIONARY
nebogъjь	polish	niebogi	ɲɛˈbɔɡʲi	ɲɛˈbɔɡʲi	SAME
nestì	polish	nieść	ɲɛɕt͡ɕ		IN_WIKTIONARY
netopyr'ь	polish	nietoperz	ɲɛˈtɔ.pɛʂ		IN_WIKTIONARY
nevě̀sta	polish	niewiasta	ɲɛˈvʲa.sta		IN_WIKTIONARY
nevodъ	polish	niewód	ˈɲɛ.vut		IN_WIKTIONARY
nȅbo	polish	niebo	ˈɲɛ.bɔ		IN_WIKTIONARY
ni	polish	ni	ɲi		IN_WIKTIONARY
niknǫti	polish	niknąć	ˈɲik.nɔɲt͡ɕ		IN_WIKTIONARY
niže	polish	niż	ɲiʂ		IN_WIKTIONARY
nìtь	polish	nić	ɲit͡ɕ		IN_WIKTIONARY
nogà	polish	noga	ˈnɔ.ɡa		IN_WIKTIONARY
nogъtь	polish	nogieć	ˈnɔɡʲɛt͡ɕ
norà	polish	nora	ˈnɔ.ra		IN_WIKTIONARY
nosìti	polish	nosić	ˈnɔ.ɕit͡ɕ		IN_WIKTIONARY
novákъ	polish	nowak	ˈnɔvak	ˈnɔvak	SAME
novъjь	polish	nowy	ˈnɔ.vɨ		IN_WIKTIONARY
nòžь	polish	nóż	nuʂ		IN_WIKTIONARY
nȏktь	polish	noc	[ˈnɔt͡s]		CORRECTED
nȏsъ	polish	nos	nɔs		IN_WIKTIONARY
nuriti	polish	nurzyć	ˈnuʐɨt͡ɕ
nāròdъ	polish	naród	ˈna.rut		IN_WIKTIONARY
ob	polish	o	ɔ		IN_WIKTIONARY
oba	polish	oba	ˈɔ.ba		IN_WIKTIONARY
obětjati	polish	obiecać	ɔˈbʲɛ.t͡sat͡ɕ		IN_WIKTIONARY
obolkъ	polish	obɫok	ˈɔbwɔk	ˈɔbwɔk	SAME
obora	polish	obora	ɔˈbɔ.ra		IN_WIKTIONARY
obuti	polish	obuć	ˈɔ.but͡ɕ		IN_WIKTIONARY
obьlъjь	polish	obɫy	[ˈɔbwɨ]		CORRECTED
obьtjьjь	polish	obcy	ˈɔp.t͡sɨ		IN_WIKTIONARY
oje	polish	oje	ˈɔjɛ	ˈɔjɛ	SAME
okъnò	polish	okno	[ˈɔknɔ]		CORRECTED
oldi	polish	ɫódź	wut͡ɕ
olni	polish	ɫoni	ˈwɔɲi	ˈwɔɲi	SAME
onъ	polish	on	ɔn		IN_WIKTIONARY
oràti	polish	orati	ɔˈrati	ɔˈrati	SAME
orbiti	polish	robić	ˈrɔ.bʲit͡ɕ		IN_WIKTIONARY
orbòta	polish	robota	rɔˈbɔ.ta		IN_WIKTIONARY
orě̀xъ	polish	orzech	ˈɔ.ʐɛx		IN_WIKTIONARY
orkỳta	polish	rokita	rɔˈkʲi.ta		IN_WIKTIONARY
orlьja	polish	rola	ˈrɔ.la		IN_WIKTIONARY
orǫdьje	polish	orędzie	ɔˈrɛɲ.d͡ʑɛ		IN_WIKTIONARY
orsti	polish	róść	ruɕt͡ɕ		IN_WIKTIONARY
orz	polish	roz-	ˈrɔs	rɔs	DIFFERENT
orь̀lъ	polish	orzeɫ	ˈɔʐɛw	ˈɔʐɛw	SAME
osà	polish	osa	ˈɔ.sa		IN_WIKTIONARY
oskъrdъ	polish	oskard	ˈɔ.skart		IN_WIKTIONARY
osmъjь	polish	ósmy	ˈus.mɨ		IN_WIKTIONARY
osnòvā	polish	osnowa	ɔsˈnɔ.va		IN_WIKTIONARY
ostrъjь	polish	ostry	ˈɔ.strɨ		IN_WIKTIONARY
ostь̀nъ	polish	oścień	ˈɔɕ.t͡ɕɛɲ		IN_WIKTIONARY
osъ̀tъ	polish	oset	ˈɔ.sɛt		IN_WIKTIONARY
osьla	polish	oseɫka	[ɔˈsɛwka]		CORRECTED
osь̀lъ	polish	osioɫ	ˈɔɕɔw	ˈɔɕɔw	SAME
ot	polish	od	ɔt		IN_WIKTIONARY
otjutiti	polish	cucić	ˈt͡su.t͡ɕit͡ɕ		IN_WIKTIONARY
otjьtnǫti sę	polish	ocknąć się	ˈɔt͡sknɔɲt͡ɕ ɕɛ
otvorìti	polish	otvoriti	ɔtvɔˈrʲiti	ɔtfɔˈrʲiti	DIFFERENT
otъ	polish	od	ɔt		IN_WIKTIONARY
otъvorìti	polish	otvoriti	ɔtvɔˈrʲiti	ɔtfɔˈrʲiti	DIFFERENT
otьcь	polish	ojciec	ˈɔj.t͡ɕɛt͡s		IN_WIKTIONARY
ovъ	polish	ów	uf		IN_WIKTIONARY
ovьcà	polish	owca	ˈɔf.t͡sa		IN_WIKTIONARY
ovь̀sъ	polish	owies	ˈɔ.vʲɛs		IN_WIKTIONARY
ògn'ь	polish	ogień	ˈɔɡʲɛɲ
olkomъjь	polish	ɫakomy	waˈkɔmɨ	waˈkɔmɨ	SAME
olkomъjьjь	polish	ɫakomy	waˈkɔmɨ	waˈkɔmɨ	SAME
òrdlo	polish	radɫo	ˈradwɔ	ˈradwɔ	SAME
òrkъ	polish	rak	rak		IN_WIKTIONARY
òrtajь	polish	rataj	ˈra.taj		IN_WIKTIONARY
òsmь	polish	osiem	ˈɔ.ɕɛm		IN_WIKTIONARY
ȍko	polish	oko	ˈɔ.kɔ		IN_WIKTIONARY
ȍlovo	polish	oɫów	ˈɔwuf
ȏlsь	polish	ɫoś	wɔɕ
ȏstь	polish	ość	ɔɕt͡ɕ		IN_WIKTIONARY
ȏsь	polish	oś	ɔɕ		IN_WIKTIONARY
ǫdìti	polish	wędzić	ˈvɛɲ.d͡ʑit͡ɕ		IN_WIKTIONARY
ǫgorь	polish	węgorz	ˈvɛŋ.ɡɔʂ		IN_WIKTIONARY
ǫtrь	polish	wewnątrz	ˈvɛv.nɔntʂ		IN_WIKTIONARY
ozъkъjь	polish	wązki	ˈvɔ̃s.kʲi		IN_WIKTIONARY
ǫ̀glь	polish	węgiel	ˈvɛŋ.ɡʲɛl		IN_WIKTIONARY
ǫ̀zlъ	polish	węzeɫ	ˈvɛ̃zɛw
ǫ́sъ	polish	wąs	vɔ̃s		IN_WIKTIONARY
ǫ́žь	polish	wąż	vɔ̃ʂ		IN_WIKTIONARY
ǫ̑gъlъ	polish	węgieɫ	ˈvɛŋɡʲɛw
palica	polish	palica	paˈlʲit͡sa	paˈlʲit͡sa	SAME
palъka	polish	paɫka	ˈpawka	ˈpawka	SAME
palьcь	polish	palec	ˈpa.lɛt͡s		IN_WIKTIONARY
pasti	polish	paść	paɕt͡ɕ		IN_WIKTIONARY
paxnǫti	polish	pachnąć	ˈpaxnɔɲt͡ɕ
pazduxa	polish	pazucha	paˈzuxa	paˈzuxa	SAME
pàdati	polish	padać	ˈpa.dat͡ɕ		IN_WIKTIONARY
pàmętь	polish	pamięć	ˈpa.mʲɛɲt͡ɕ		IN_WIKTIONARY
pàǭkъ	polish	pająk	ˈpa.jɔŋk		IN_WIKTIONARY
pàra	polish	para	[ˈpara]		CORRECTED
pekti	polish	piec	pʲɛt͡s		IN_WIKTIONARY
per	polish	prze-	pʂɛ	pʂɛ	SAME
perdъ	polish	przed	pʂɛt		IN_WIKTIONARY
perkъ	polish	przeko	ˈpʂɛkɔ	ˈpʂɛkɔ	SAME
però	polish	pióro	ˈpʲu.rɔ		IN_WIKTIONARY
perti	polish	przeć	pʂɛt͡ɕ		IN_WIKTIONARY
pèlti	polish	pleć	plɛt͡ɕ		IN_WIKTIONARY
pèlva	polish	plewa	ˈplɛ.va		IN_WIKTIONARY
pěsъ̀kъ	polish	piasek	ˈpʲa.sɛk		IN_WIKTIONARY
pěti	polish	piać	pʲat͡ɕ		IN_WIKTIONARY
pešьjь	polish	pieszy	ˈpʲɛ.ʂɨ		IN_WIKTIONARY
pě̀na	polish	piana	ˈpʲa.na		IN_WIKTIONARY
pě́stъ	polish	piasta	ˈpʲa.sta		IN_WIKTIONARY
pȇktь	polish	piec	pʲɛt͡s		IN_WIKTIONARY
pȇlnъ	polish	plon	plɔn		IN_WIKTIONARY
pę̑tь	polish	pięć	pʲɛɲt͡ɕ		IN_WIKTIONARY
pętà	polish	pięta	ˈpʲɛn.ta		IN_WIKTIONARY
pęti	polish	piąć	pʲɔɲt͡ɕ		IN_WIKTIONARY
petъjь	polish	piąty	ˈpʲɔn.tɨ		IN_WIKTIONARY
pę̑dь	polish	piędź	pʲɛɲt͡ɕ		IN_WIKTIONARY
pę̑stь	polish	pięść	pʲɛ̃ɕt͡ɕ		IN_WIKTIONARY
pìti	polish	pić	pʲit͡ɕ		IN_WIKTIONARY
pȋvo	polish	piwo	ˈpʲi.vɔ		IN_WIKTIONARY
pjьvàti	polish	pluć	plut͡ɕ		IN_WIKTIONARY
plàkati	polish	pɫakać	ˈpwakat͡ɕ
plàviti	polish	pɫawić	ˈpwavʲit͡ɕ
plesti	polish	pleść	plɛɕt͡ɕ		IN_WIKTIONARY
pletjè	polish	plecy	ˈplɛ.t͡sɨ		IN_WIKTIONARY
plěsnь	polish	pleśń	plɛɕɲ		IN_WIKTIONARY
plě̑šь	polish	plesz	plɛʂ	plɛʂ	SAME
plotъ	polish	pɫot	pwɔt	pwɔt	SAME
pl̨ūtjè	polish	pɫuco	ˈpwut͡sɔ	ˈpwut͡sɔ	SAME
plъ̀tъ	polish	pɫet	pwɛt	pwɛt	SAME
podъ	polish	pod	pɔt		IN_WIKTIONARY
poìti	polish	poić	ˈpɔ.it͡ɕ		IN_WIKTIONARY
pokòjь	polish	pokój	ˈpɔ.kuj		IN_WIKTIONARY
polè̌no	polish	polano	pɔˈla.nɔ		IN_WIKTIONARY
polìca	polish	polica	pɔˈlʲit͡sa	pɔˈlʲit͡sa	SAME
polsà	polish	pɫosa	ˈpwɔsa	ˈpwɔsa	SAME
poltьnò	polish	pɫótno	ˈpwutnɔ
polvъjь	polish	pɫowy	ˈpwɔvɨ	ˈpwɔvɨ	SAME
polšiti	polish	pɫoszyć	ˈpwɔʂɨt͡ɕ
polъ	polish	póɫ	puw
porà	polish	pora	ˈpɔ.ra		IN_WIKTIONARY
porti	polish	próć	prut͡ɕ		IN_WIKTIONARY
pozdьnъjь	polish	późny	ˈpuʑ.nɨ		IN_WIKTIONARY
pòlmy	polish	pɫomień	ˈpwɔmʲɛɲ
polxъjь	polish	pɫochy	ˈpwɔxɨ	ˈpwɔxɨ	SAME
pòrgъ	polish	próg	pruk		IN_WIKTIONARY
pȍjāsъ	polish	pas	pas		IN_WIKTIONARY
pȍl̨e	polish	pole	ˈpɔ.lɛ		IN_WIKTIONARY
pȍrsę	polish	prosię	ˈprɔ.ɕɛ		IN_WIKTIONARY
pȏlzъ	polish	pɫoza	ˈpwɔza	ˈpwɔza	SAME
pȏrxъ	polish	proch	prɔx		IN_WIKTIONARY
pȏtъ	polish	pot	pɔt		IN_WIKTIONARY
pǫditi	polish	pędzić	ˈpɛɲ.d͡ʑit͡ɕ		IN_WIKTIONARY
pǫkъ	polish	pęk	pɛŋk		IN_WIKTIONARY
pǫ̀to	polish	pęto	ˈpɛn.tɔ		IN_WIKTIONARY
pǫ́tь	polish	pąć	pɔɲt͡ɕ		IN_WIKTIONARY
pravъjь	polish	prawy	ˈpra.vɨ		IN_WIKTIONARY
pretivъ	polish	przeciew	ˈpʂɛt͡ɕɛf	ˈpʂɛt͡ɕɛf	SAME
pręsti	polish	prząść	pʂɔ̃ɕt͡ɕ		IN_WIKTIONARY
pri	polish	przy	pʂɨ		IN_WIKTIONARY
prijatelь	polish	przyjaciel	pʂɨˈja.t͡ɕɛl		IN_WIKTIONARY
prosìti	polish	prosić	ˈprɔ.ɕit͡ɕ		IN_WIKTIONARY
prostъjь	polish	prosty	ˈprɔ.stɨ		IN_WIKTIONARY
pryskati	polish	pryskać	ˈprɨ.skat͡ɕ		IN_WIKTIONARY
pustìti	polish	puścić	ˈpuɕ.t͡ɕit͡ɕ		IN_WIKTIONARY
puxati	polish	puchać	ˈpuxat͡ɕ
puxnǫti	polish	puchnąć	ˈpux.nɔɲt͡ɕ		IN_WIKTIONARY
pustъjь	polish	pusty	ˈpu.stɨ		IN_WIKTIONARY
pȳtàti	polish	pytać	ˈpɨ.tat͡ɕ		IN_WIKTIONARY
pālìti	polish	palić	ˈpa.lʲit͡ɕ		IN_WIKTIONARY
pāxàti	polish	pachać	ˈpaxat͡ɕ
pъlkъ	polish	puɫk	puwk	puwk	SAME
pъtákъ	polish	ptak	ptak		IN_WIKTIONARY
pьrati	polish	prać	prat͡ɕ
pьrěti sę	polish	przeć się	pʂɛt͡ɕ ɕɛ
pьrga	polish	pierzga	ˈpʲɛʐ.ɡa		IN_WIKTIONARY
pьrvъjь	polish	pierwszy	ˈpʲɛrf.ʂɨ		IN_WIKTIONARY
pьsàti	polish	pisać	ˈpʲi.sat͡ɕ		IN_WIKTIONARY
pьxati	polish	pchać	pxat͡ɕ		IN_WIKTIONARY
pьzděti	polish	bzdzieć	bzd͡ʑɛt͡ɕ
pьšenò	polish	pszono	ˈpʂɔ.nɔ		IN_WIKTIONARY
pьlnъjь	polish	peɫny	ˈpɛwnɨ	ˈpɛwnɨ	SAME
pь̀lzati	polish	peɫzać	ˈpɛwzat͡ɕ
pь̀rsь	polish	pierś	pʲɛrɕ		IN_WIKTIONARY
pьstrъjь	polish	pstry	pstrɨ		IN_WIKTIONARY
pь̀sъ	polish	pies	[ˈpʲɛs]		CORRECTED
pь̑lstь	polish	pilść	pʲilɕt͡ɕ
pь̑nь	polish	pień	pʲɛɲ		IN_WIKTIONARY
rebrò	polish	żebro	ˈʐɛ.brɔ		IN_WIKTIONARY
rekti	polish	rzec	ʐɛt͡s		IN_WIKTIONARY
remy	polish	rzemień	ˈʐɛ.mʲɛɲ		IN_WIKTIONARY
redъkъjь	polish	rzadki	ˈʐat.kʲi		IN_WIKTIONARY
rě̄kà	polish	rzeka	ˈʐɛ.ka		IN_WIKTIONARY
rě̑čь	polish	rzecz	ʐɛt͡ʂ		IN_WIKTIONARY
rę̑dъ	polish	rząd	ʐɔnt		IN_WIKTIONARY
ritь	polish	rzyć	ʐɨt͡ɕ		IN_WIKTIONARY
rodìti	polish	rodzić	ˈrɔ.d͡ʑit͡ɕ		IN_WIKTIONARY
rokъ	polish	rok	rɔk		IN_WIKTIONARY
rosà	polish	rosa	ˈrɔ.sa		IN_WIKTIONARY
rovъ	polish	rów	ruf		IN_WIKTIONARY
ròjь	polish	rój	ruj		IN_WIKTIONARY
rȏdъ	polish	ród	rut		IN_WIKTIONARY
rȏgъ	polish	róg	ruk		IN_WIKTIONARY
rǭkà	polish	ręka	ˈrɛŋ.ka		IN_WIKTIONARY
rǫ̑bъ	polish	rąb	rɔmp		IN_WIKTIONARY
rudъjь	polish	rudy	ˈru.dɨ		IN_WIKTIONARY
rȗx	polish	ruch	rux		IN_WIKTIONARY
rỳti	polish	ryć	rɨt͡ɕ		IN_WIKTIONARY
rāčìti	polish	raczyć	ˈra.t͡ʂɨt͡ɕ		IN_WIKTIONARY
rūnò	polish	runo	ˈru.nɔ		IN_WIKTIONARY
r̨uti	polish	rzuć	ʐut͡ɕ		IN_WIKTIONARY
rъvàti	polish	rwać	rvat͡ɕ		IN_WIKTIONARY
sadìti	polish	sadzić	ˈsa.d͡ʑit͡ɕ		IN_WIKTIONARY
sanь	polish	sanie	[ˈsaɲɛ]		CORRECTED
sedъlò	polish	siodɫo	ˈɕɔdwɔ	ˈɕɔdwɔ	SAME
seló	polish	sioɫo	ˈɕɔwɔ	ˈɕɔwɔ	SAME
serdà	polish	środa	ˈɕrɔ.da		IN_WIKTIONARY
sestrà	polish	siostra	ˈɕɔ.stra		IN_WIKTIONARY
sedmъjь	polish	siódmy	ˈɕud.mɨ		IN_WIKTIONARY
sèdmь	polish	siedem	ˈɕɛ.dɛm		IN_WIKTIONARY
sěděti	polish	siedzieć	ˈɕɛ.d͡ʑɛt͡ɕ		IN_WIKTIONARY
sěkti	polish	siec	ɕɛt͡s		IN_WIKTIONARY
sěsti	polish	siąść	ɕɔ̃ɕt͡ɕ
sětь	polish	sieć	ɕɛt͡ɕ		IN_WIKTIONARY
sě̀jati	polish	siać	ɕat͡ɕ		IN_WIKTIONARY
sě̀mę	polish	siemię	ˈɕɛ.mʲɛ		IN_WIKTIONARY
sě̀nь	polish	sień	ɕɛɲ		IN_WIKTIONARY
sě̀ti	polish	siać	ɕat͡ɕ		IN_WIKTIONARY
sě̑no	polish	siano	ˈɕa.nɔ		IN_WIKTIONARY
sęgnǫti	polish	sięgnąć	ˈɕɛŋ.ɡnɔɲt͡ɕ		IN_WIKTIONARY
sęknǫti	polish	siąknąć	ˈɕɔŋ.knɔɲt͡ɕ		IN_WIKTIONARY
sìla	polish	siɫa	ˈɕiwa	ˈɕiwa	SAME
sìto	polish	sito	ˈɕi.tɔ		IN_WIKTIONARY
sivъjь	polish	siwy	ˈɕi.vɨ		IN_WIKTIONARY
skorà	polish	skóra	ˈskura
skòra	polish	skóra	ˈskura
slabъjь	polish	sɫaby	ˈswabɨ	ˈswabɨ	SAME
slàva	polish	sɫawa	ˈswava	ˈswava	SAME
slimakъ	polish	ślimak	ˈɕlʲi.mak		IN_WIKTIONARY
slìna	polish	ślina	ˈɕlʲi.na		IN_WIKTIONARY
slìva	polish	śliwa	ˈɕlʲi.va		IN_WIKTIONARY
slȍvo	polish	sɫowo	ˈswɔvɔ	ˈswɔvɔ	SAME
slǫ̀ka	polish	sɫomka	ˈswɔmka	ˈswɔmka	SAME
slùxati	polish	sɫuchać	ˈswuxat͡ɕ
slùšati	polish	sɫuszać	ˈswuʂat͡ɕ
slȗxъ	polish	sɫuch	swux	swux	SAME
slỳšati	polish	sɫyszeć	ˈswɨʂɛt͡ɕ
směxъ	polish	śmiech	ɕmʲɛx		IN_WIKTIONARY
smȏrdъ	polish	smród	smrut		IN_WIKTIONARY
smьjàti sę	polish	śmiać się	ɕmʲat͡ɕ ɕɛ
smьrdě̀ti	polish	śmierdzieć	ˈɕmʲɛr.d͡ʑɛt͡ɕ		IN_WIKTIONARY
sněgъ	polish	śnieg	ɕɲɛk		IN_WIKTIONARY
snuti	polish	snuć	snut͡ɕ		IN_WIKTIONARY
solnъjь	polish	sɫony	ˈswɔnɨ	ˈswɔnɨ	SAME
sovati	polish	suwać	ˈsuvat͡ɕ
sovà	polish	sova	[ˈsɔva]		CORRECTED
soxà	polish	socha	ˈsɔ.xa		IN_WIKTIONARY
sočìti	polish	soczyć	ˈsɔt͡ʂɨt͡ɕ
soldъkъjь	polish	sɫodki	ˈswɔtkʲi	ˈswɔtkʲi	SAME
sòlma	polish	sɫoma	ˈswɔma	ˈswɔma	SAME
sòmъ	polish	sum	sum		IN_WIKTIONARY
sȏkъ	polish	sok	sɔk		IN_WIKTIONARY
sȏlь	polish	sól	sul		IN_WIKTIONARY
sǫ-	polish	są-	sɔ̃
sǫditi	polish	sądzić	ˈsɔɲ.d͡ʑit͡ɕ		IN_WIKTIONARY
sǫdì	polish	sędzia	ˈsɛɲ.d͡ʑa		IN_WIKTIONARY
sǫ́dъ	polish	sąd	sɔnt		IN_WIKTIONARY
sǫ̑kъ	polish	sęk	sɛŋk		IN_WIKTIONARY
spěšiti	polish	śpieszyć	ˈɕpʲɛ.ʂɨt͡ɕ		IN_WIKTIONARY
stàdo	polish	stado	ˈsta.dɔ		IN_WIKTIONARY
starъjь	polish	stary	ˈsta.rɨ		IN_WIKTIONARY
stàti sę	polish	stać się	stat͡ɕ ɕɛ
stàviti	polish	stawić	ˈstavʲit͡ɕ
stȃnъ	polish	stan	stan		IN_WIKTIONARY
stergti	polish	strzec	stʂɛt͡s		IN_WIKTIONARY
stìgnǫti	polish	ścignąć	ˈɕt͡ɕiɡ.nɔɲt͡ɕ		IN_WIKTIONARY
stogъ	polish	stóg	stuk		IN_WIKTIONARY
stojati	polish	stać	stat͡ɕ		IN_WIKTIONARY
stornà	polish	strona	ˈstrɔ.na		IN_WIKTIONARY
stòlъ	polish	stóɫ	stuw
stȏržь	polish	stróż	struʂ		IN_WIKTIONARY
strigti	polish	strzyc	stʂɨt͡s		IN_WIKTIONARY
strǫkъ	polish	strąk	strɔŋk		IN_WIKTIONARY
strȗpъ	polish	strup	strup		IN_WIKTIONARY
studìti	polish	studzić	ˈstu.d͡ʑit͡ɕ		IN_WIKTIONARY
stydъ	polish	wstyd	fstɨt		IN_WIKTIONARY
stỳdnǫti	polish	stygnąć	ˈstɨɡ.nɔɲt͡ɕ		IN_WIKTIONARY
stьblò	polish	źdźbɫo	ˈʑd͡ʑbwɔ
stьdzà	polish	ścieżka	ˈɕt͡ɕɛʂ.ka		IN_WIKTIONARY
stьgna	polish	ściegna	ˈɕt͡ɕɛɡna
sunǫti	polish	sunąć	ˈsu.nɔɲt͡ɕ		IN_WIKTIONARY
suti	polish	suć	sut͡ɕ
sušìti	polish	suszyć	ˈsu.ʂɨt͡ɕ		IN_WIKTIONARY
suxъjь	polish	suchy	ˈsu.xɨ		IN_WIKTIONARY
svekrъ	polish	świekr	ɕfʲɛkr
svě̄tjà	polish	świeca	ˈɕfʲɛ.t͡sa		IN_WIKTIONARY
svě̑tъ	polish	świat	ɕfʲat		IN_WIKTIONARY
svetъjь	polish	święty	ˈɕfʲɛn.tɨ		IN_WIKTIONARY
svinьjà	polish	świnia	ˈɕfʲi.ɲa		IN_WIKTIONARY
svьrběti	polish	świerzbieć	ˈɕfʲɛʐbʲɛt͡ɕ
sỳpati	polish	sypać	ˈsɨ.pat͡ɕ		IN_WIKTIONARY
sỳrъ	polish	ser	sɛr		IN_WIKTIONARY
sytъjь	polish	syty	ˈsɨ.tɨ		IN_WIKTIONARY
sytъjьjь	polish	syty	ˈsɨ.tɨ		IN_WIKTIONARY
sy̑nъ	polish	syn	[ˈsɨn]		CORRECTED
sīdlò	polish	sidɫo	ˈɕidwɔ	ˈɕidwɔ	SAME
serъjь	polish	szary	ˈʂa.rɨ		IN_WIKTIONARY
sъ	polish	z	s		IN_WIKTIONARY
sъdorvъjь	polish	zdrowy	[ˈzdrɔvɨ]		CORRECTED
sъlàti	polish	sɫać	swat͡ɕ
sъlojь	polish	sɫój	swuj
sъmè̌ti	polish	śmieć	ɕmʲɛt͡ɕ		IN_WIKTIONARY
sъmьrtь	polish	śmierć	ɕmʲɛrt͡ɕ		IN_WIKTIONARY
sъn	polish	z	s		IN_WIKTIONARY
sъpati	polish	spać	spat͡ɕ		IN_WIKTIONARY
sъporъ	polish	spory	ˈspɔ.rɨ		IN_WIKTIONARY
sъsàti	polish	ssać	ssat͡ɕ		IN_WIKTIONARY
sъtȏ	polish	sto	stɔ		IN_WIKTIONARY
sъxnǫti	polish	schnąć	sxnɔɲt͡ɕ		IN_WIKTIONARY
sъ̀nъ	polish	sen	sɛn		IN_WIKTIONARY
sъ̏lnьce	polish	sɫońce	ˈswɔɲt͡sɛ
sьcati	polish	szczać	ʂt͡ʂat͡ɕ		IN_WIKTIONARY
sьrna	polish	sarna	ˈsar.na		IN_WIKTIONARY
sьršenь	polish	szerszeń	ˈʂɛr.ʂɛɲ		IN_WIKTIONARY
sь̑rdьce	polish	serce	ˈsɛr.t͡sɛ		IN_WIKTIONARY
tajìti	polish	taić	ˈta.it͡ɕ		IN_WIKTIONARY
tàjati	polish	tajać	ˈta.jat͡ɕ		IN_WIKTIONARY
tekti	polish	ciec	t͡ɕɛt͡s		IN_WIKTIONARY
telktì	polish	tɫuc	twut͡s	twut͡s	SAME
teplъjь	polish	ciepɫy	ˈt͡ɕɛpwɨ	ˈt͡ɕɛpwɨ	SAME
tesàti	polish	ciosać	ˈt͡ɕɔ.sat͡ɕ		IN_WIKTIONARY
tesъ	polish	cios	t͡ɕɔs		IN_WIKTIONARY
tèrti	polish	trzeć	tʂɛt͡ɕ		IN_WIKTIONARY
těnь	polish	cień	t͡ɕɛɲ		IN_WIKTIONARY
tesnъjь	polish	ciasny	ˈt͡ɕas.nɨ		IN_WIKTIONARY
tě̀mę	polish	ciemię	ˈt͡ɕɛ.mʲɛ		IN_WIKTIONARY
tě̑sto	polish	ciasto	ˈt͡ɕa.stɔ		IN_WIKTIONARY
tęgnǫti	polish	ciągnąć	ˈt͡ɕɔŋ.ɡnɔɲt͡ɕ		IN_WIKTIONARY
tęti	polish	ciąć	t͡ɕɔɲt͡ɕ		IN_WIKTIONARY
težъkъjь	polish	ciężki	ˈt͡ɕɛ̃ʂ.kʲi		IN_WIKTIONARY
tìskati	polish	ciskać	ˈt͡ɕi.skat͡ɕ		IN_WIKTIONARY
tolkà	polish	tɫoka	ˈtwɔka	ˈtwɔka	SAME
topìti	polish	topić	ˈtɔ.pʲit͡ɕ		IN_WIKTIONARY
tȏkъ	polish	tok	tɔk		IN_WIKTIONARY
togъjь	polish	tęgi	ˈtɛŋ.ɡʲi		IN_WIKTIONARY
tretьjь	polish	trzeci	[ˈtʂɛt͡ɕi]		CORRECTED
tręsti	polish	trząść	tʂɔ̃ɕt͡ɕ		IN_WIKTIONARY
trǫdъ	polish	trąd	trɔnt		IN_WIKTIONARY
trǫtъ	polish	truteń	ˈtru.tɛɲ		IN_WIKTIONARY
trudъ	polish	trud	trut		IN_WIKTIONARY
truti	polish	truć	trut͡ɕ		IN_WIKTIONARY
trȗpъ	polish	trup	trup		IN_WIKTIONARY
trāvà	polish	trawa	ˈtra.va		IN_WIKTIONARY
trāvìti	polish	trawić	ˈtra.vʲit͡ɕ		IN_WIKTIONARY
trъ̑stь	polish	treść	trɛɕt͡ɕ		IN_WIKTIONARY
tučьnъjь	polish	tuczny	ˈtut͡ʂ.nɨ		IN_WIKTIONARY
tȗkъ	polish	tuk	tuk		IN_WIKTIONARY
tȗrъ	polish	tur	tur		IN_WIKTIONARY
tvȃrь	polish	twarz	tfaʂ		IN_WIKTIONARY
tvorìti	polish	tworzyć	ˈtfɔ.ʐɨt͡ɕ		IN_WIKTIONARY
tvorъ	polish	twór	tfur		IN_WIKTIONARY
tvьrdъjь	polish	twardy	[ˈtfardɨ]		CORRECTED
ty	polish	ty	tɨ		IN_WIKTIONARY
tỳlъ	polish	tyɫ	ˈtɨw	tɨw	DIFFERENT
tǭgà	polish	tęga	ˈtɛŋ.ɡa		IN_WIKTIONARY
tъ	polish	ten	tɛn		IN_WIKTIONARY
tъrgati	polish	targać	ˈtar.ɡat͡ɕ		IN_WIKTIONARY
tъščьjь	polish	czczy	t͡ʂt͡ʂɨ		IN_WIKTIONARY
tъščьjьjь	polish	czczy	t͡ʂt͡ʂɨ		IN_WIKTIONARY
tьlěti	polish	tleć	tlɛt͡ɕ		IN_WIKTIONARY
tьma	polish	ćma	t͡ɕma		IN_WIKTIONARY
tьnьkъjь	polish	cienki	ˈt͡ɕɛn.kʲi		IN_WIKTIONARY
vaditi	polish	wadzić	ˈva.d͡ʑit͡ɕ		IN_WIKTIONARY
varìti	polish	warzyć	ˈva.ʐɨt͡ɕ		IN_WIKTIONARY
vasъ	polish	was	vas		IN_WIKTIONARY
vȃrъ	polish	war	var		IN_WIKTIONARY
velkti	polish	wlec	vlɛt͡s		IN_WIKTIONARY
velьkъjь	polish	wielki	ˈvʲɛl.kʲi		IN_WIKTIONARY
vertenò	polish	wrzeciono	vʐɛˈt͡ɕɔ.nɔ		IN_WIKTIONARY
veslò	polish	wiosɫo	ˈvʲɔswɔ	ˈvʲɔswɔ	SAME
vesnà	polish	wiosna	ˈvʲɔs.na		IN_WIKTIONARY
vesti	polish	wieść	vʲɛɕt͡ɕ
veztì	polish	wieźć	vʲɛɕt͡ɕ		IN_WIKTIONARY
věděti	polish	wiedzieć	ˈvʲɛ.d͡ʑɛt͡ɕ		IN_WIKTIONARY
vědrò	polish	wiadro	ˈvʲa.drɔ		IN_WIKTIONARY
vě̀jati	polish	wiać	vʲat͡ɕ
vě̀ko	polish	wieko	ˈvʲɛ.kɔ		IN_WIKTIONARY
vě̀ra	polish	wiara	ˈvʲa.ra		IN_WIKTIONARY
vě̀trъ	polish	wiatr	vʲatr		IN_WIKTIONARY
vě̑no	polish	wiano	[ˈvʲanɔ]		CORRECTED
vȅčerъ	polish	wieczór	ˈvʲɛ.t͡ʂur		IN_WIKTIONARY
vę̀dnǫti	polish	więdnąć	ˈvʲɛn.dnɔɲt͡ɕ		IN_WIKTIONARY
vę̄zàti	polish	wiązać	ˈvʲɔ̃.zat͡ɕ		IN_WIKTIONARY
virъ	polish	wir	vʲir		IN_WIKTIONARY
viti	polish	wić	vʲit͡ɕ		IN_WIKTIONARY
vixъrъ	polish	wicher	ˈvʲi.xɛr		IN_WIKTIONARY
vìděti	polish	widzieć	ˈvʲi.d͡ʑɛt͡ɕ		IN_WIKTIONARY
vodà	polish	woda	ˈvɔ.da		IN_WIKTIONARY
vodìti	polish	wodzić	ˈvɔ.d͡ʑit͡ɕ		IN_WIKTIONARY
vojьna	polish	wojna	ˈvɔj.na		IN_WIKTIONARY
volkà	polish	wɫóka	ˈvwuka
volknò	polish	wɫókno	ˈvwuknɔ
volstь	polish	wɫość	vwɔɕt͡ɕ
vorta	polish	wrota	ˈvrɔ.ta		IN_WIKTIONARY
vortìti	polish	wrócić	ˈvru.t͡ɕit͡ɕ		IN_WIKTIONARY
voskъ	polish	wosk	vɔsk		IN_WIKTIONARY
vozìti	polish	wozić	ˈvɔʑit͡ɕ
vòl̨a	polish	wola	ˈvɔ.la		IN_WIKTIONARY
vòrna	polish	wrona	ˈvrɔ.na		IN_WIKTIONARY
vȏlkъ	polish	wɫok	vwɔk	vwɔk	SAME
vȏlsъ	polish	wɫos	vwɔs	vwɔs	SAME
vȏrgъ	polish	wróg	vruk		IN_WIKTIONARY
vȏzъ	polish	wóz	vus		IN_WIKTIONARY
vy	polish	vy	vɨ	vɨ	SAME
vy-	polish	wy-	vɨ		IN_WIKTIONARY
vysokъjь	polish	wysoki	vɨˈsɔ.kʲi		IN_WIKTIONARY
vỳmę	polish	wymię	ˈvɨ.mʲɛ		IN_WIKTIONARY
v̀ydra	polish	wydra	ˈvɨ.dra		IN_WIKTIONARY
vъ	polish	w	f		IN_WIKTIONARY
vъn	polish	w	f		IN_WIKTIONARY
vъnùkъ	polish	wnuk	vnuk		IN_WIKTIONARY
vъtorъjьjь	polish	wtóry	ˈftu.rɨ		IN_WIKTIONARY
vъ̑šь	polish	wesz	[ˈvɛʂ]		CORRECTED
vьdovà	polish	wdowa	ˈvdɔ.va		IN_WIKTIONARY
vьlgъkъjь	polish	wilgi	ˈvʲil.ɡʲi		IN_WIKTIONARY
vьlnà	polish	weɫna	ˈvɛwna	ˈvɛwna	SAME
vьrěti	polish	wrzeć	vʐɛt͡ɕ		IN_WIKTIONARY
vьrtě̀ti	polish	wiercić	ˈvʲɛr.t͡ɕit͡ɕ		IN_WIKTIONARY
vьsь	polish	wieś	ˈvʲɛɕ		IN_WIKTIONARY
vьčera	polish	wczoraj	[ˈft͡ʂɔraj]		CORRECTED
vь̀lna	polish	weɫna	ˈvɛwna	ˈvɛwna	SAME
vь̀rxъ	polish	wierzch	vʲɛʂx		IN_WIKTIONARY
vь̀rša	polish	wiersza	ˈvʲɛr.ʂa		IN_WIKTIONARY
vь̑lkъ	polish	wilk	vʲilk		IN_WIKTIONARY
xlě̀bъ	polish	chleb	xlɛp	xlɛp	SAME
xlǫdъ	polish	chɫąd	xwɔnt
xoditi	polish	chodzić	ˈxɔ.d͡ʑit͡ɕ		IN_WIKTIONARY
xoldьnъjь	polish	chɫodny	ˈxwɔdnɨ	ˈxwɔdnɨ	SAME
xomǫtъ	polish	chomąt	ˈxɔmɔnt
xorbrъjь	polish	chrobry	ˈxrɔ.brɨ		IN_WIKTIONARY
xorniti	polish	chronić	ˈxrɔ.ɲit͡ɕ		IN_WIKTIONARY
xȏdъ	polish	chód	xut		IN_WIKTIONARY
xȏldъ	polish	chɫód	xwut
xromъjь	polish	chromy	ˈxrɔ.mɨ		IN_WIKTIONARY
xudъjь	polish	chudy	ˈxu.dɨ		IN_WIKTIONARY
xvorstьje	polish	chroście	ˈxrɔɕt͡ɕɛ
xvorъjь	polish	chory	ˈxɔ.rɨ		IN_WIKTIONARY
xvórstъ	polish	chrust	xrust		IN_WIKTIONARY
za	polish	za	za		IN_WIKTIONARY
zaverti	polish	zawrzeć	ˈzav.ʐɛt͡ɕ		IN_WIKTIONARY
zelenъjь	polish	zielony	ʑɛˈlɔ.nɨ		IN_WIKTIONARY
zelьje	polish	ziele	ˈʑɛ.lɛ		IN_WIKTIONARY
zeml̨à	polish	ziemia	[ˈʑɛmʲa]		CORRECTED
zěnica	polish	źrenica	ʑrɛˈɲi.t͡sa		IN_WIKTIONARY
zěvati	polish	ziewać	ˈʑɛ.vat͡ɕ		IN_WIKTIONARY
zębnǫti	polish	ziębnąć	ˈʑɛm.bnɔɲt͡ɕ		IN_WIKTIONARY
zę̀tь	polish	zięć	ʑɛɲt͡ɕ		IN_WIKTIONARY
zmьjà	polish	żmija	ˈʐmʲi.ja		IN_WIKTIONARY
znàmę	polish	znamię	ˈzna.mʲɛ		IN_WIKTIONARY
znàti	polish	znać	znat͡ɕ
znojь	polish	znój	znuj		IN_WIKTIONARY
zobàti	polish	dziobać	ˈd͡ʑɔ.bat͡ɕ		IN_WIKTIONARY
zȍlto	polish	zɫoto	ˈzwɔtɔ	ˈzwɔtɔ	SAME
zīmà	polish	zima	ˈʑi.ma		IN_WIKTIONARY
zъlъjь	polish	zɫy	zwɨ	zwɨ	SAME
zъvati	polish	zwać	zvat͡ɕ		IN_WIKTIONARY
zьlčь	polish	żóɫć	ʐuwt͡ɕ
zьrěti	polish	źrzeć	ʑʐɛt͡ɕ
zь̀rno	polish	ziarno	ˈʑar.nɔ		IN_WIKTIONARY
čadъ	polish	czad	t͡ʂat		IN_WIKTIONARY
čakati	polish	czakać	ˈt͡ʂakat͡ɕ
čarodějь	polish	czarodziej	t͡ʂaˈrɔ.d͡ʑɛj		IN_WIKTIONARY
čarъ	polish	czar	[ˈt͡ʂar]		CORRECTED
čàsъ	polish	czas	[ˈt͡ʂas]		CORRECTED
čekati	polish	czekać	ˈt͡ʂɛ.kat͡ɕ		IN_WIKTIONARY
čelověkъ	polish	czɫowiek	ˈt͡ʂwɔvʲɛk	ˈt͡ʂwɔvʲɛk	SAME
čelò	polish	czoɫo	ˈt͡ʂɔwɔ	ˈt͡ʂɔwɔ	SAME
čel̨adь	polish	czeladź	ˈt͡ʂɛ.lat͡ɕ		IN_WIKTIONARY
čemerъ	polish	czemier	ˈt͡ʂɛmʲɛr	ˈt͡ʂɛmʲɛr	SAME
černovъjь	polish	 trzonowy	tʂɔˈnɔvɨ
čerslò	polish	trzosɫa	ˈtʂɔswa	ˈtʂɔswa	SAME
česàti	polish	czesać	ˈt͡ʂɛ.sat͡ɕ		IN_WIKTIONARY
četvьrtъjь	polish	czwarty	ˈt͡ʂfar.tɨ		IN_WIKTIONARY
četỳre	polish	cztery	ˈt͡ʂtɛ.rɨ		IN_WIKTIONARY
čèznǫti	polish	czeznąć	ˈt͡ʂɛz.nɔɲt͡ɕ		IN_WIKTIONARY
čȇrpъ	polish	trzop	tʂɔp		IN_WIKTIONARY
čȇrvo	polish	trzewo	ˈtʂɛvɔ	ˈtʂɛvɔ	SAME
čestъjь	polish	częsty	ˈt͡ʂɛ̃.stɨ		IN_WIKTIONARY
čę̑stь	polish	część	t͡ʂɛ̃ɕt͡ɕ		IN_WIKTIONARY
či	polish	czy	t͡ʂɨ		IN_WIKTIONARY
činìti	polish	czynić	ˈt͡ʂɨ.ɲit͡ɕ		IN_WIKTIONARY
čitati	polish	czytać	ˈt͡ʂɨ.tat͡ɕ		IN_WIKTIONARY
čìstiti	polish	czyścić	ˈt͡ʂɨɕ.t͡ɕit͡ɕ		IN_WIKTIONARY
čistъjь	polish	czysty	ˈt͡ʂɨ.stɨ		IN_WIKTIONARY
čȋnъ	polish	czyn	t͡ʂɨn		IN_WIKTIONARY
čùdo	polish	cudo	ˈt͡su.dɔ		IN_WIKTIONARY
čùti	polish	czuć	t͡ʂut͡ɕ		IN_WIKTIONARY
čьrmьnъjь	polish	czermny	ˈt͡ʂɛrmnɨ	ˈt͡ʂɛrmnɨ	SAME
čьrpati	polish	czerpać	ˈt͡ʂɛr.pat͡ɕ		IN_WIKTIONARY
čьrstvъjь	polish	czerstwy	ˈt͡ʂɛr.stfɨ		IN_WIKTIONARY
čьrvь	polish	czerw	t͡ʂɛrf		IN_WIKTIONARY
čьrnъjь	polish	czarny	ˈt͡ʂar.nɨ		IN_WIKTIONARY
čь̑stь	polish	cześć	t͡ʂɛɕt͡ɕ
ę̄drò	polish	jądro	ˈjɔn.drɔ		IN_WIKTIONARY
ǭtròba	polish	wątroba	vɔnˈtrɔ.ba		IN_WIKTIONARY
šestъjь	polish	szósty	ˈʂu.stɨ		IN_WIKTIONARY
šȇstь	polish	sześć	ʂɛɕt͡ɕ		IN_WIKTIONARY
šìti	polish	szyć	ʂɨt͡ɕ		IN_WIKTIONARY
šurь	polish	szurzy	ˈʂuʐɨ	ˈʂuʐɨ	SAME
ščenę	polish	szczenię	ˈʂt͡ʂɛ.ɲɛ		IN_WIKTIONARY
ščítъ	polish	szczyt	ʂt͡ʂɨt		IN_WIKTIONARY
ūstà	polish	usta	ˈu.sta		IN_WIKTIONARY
ūzdà	polish	uzda	ˈuz.da		IN_WIKTIONARY
žalь	polish	żal	ʐal		IN_WIKTIONARY
žarъ	polish	żar	ʐar		IN_WIKTIONARY
žàba	polish	żaba	ˈʐa.ba		IN_WIKTIONARY
že	polish	że	ʐɛ		IN_WIKTIONARY
žegti	polish	żec	ʐɛt͡s		IN_WIKTIONARY
želě̀zo	polish	żelazo	ʐɛˈla.zɔ		IN_WIKTIONARY
želǫdъkъ	polish	żoɫądek	ʐɔˈwɔndɛk
žely	polish	żóɫw	ʐuwf
želza	polish	adenitis equorum	adɛˈɲitis ɛkurum
ženà	polish	żona	ˈʐɔ.na		IN_WIKTIONARY
žeravь	polish	żuraw	ˈʐu.raf		IN_WIKTIONARY
žerdlò	polish	źródɫo	ˈʑrudwɔ
žerti	polish	żreć	ʐrɛt͡ɕ
žę̄dàti	polish	żądać	ˈʐɔn.dat͡ɕ		IN_WIKTIONARY
žȅlǫdь	polish	żoɫądź	ˈʐɔwɔɲt͡ɕ
žedьnъjь	polish	żądny	ˈʐɔn.dnɨ		IN_WIKTIONARY
žęti	polish	żąć	ʐɔɲt͡ɕ		IN_WIKTIONARY
žę̀dlo	polish	żądɫo	ˈʐɔndwɔ
živìca	polish	żywica	ʐɨˈvʲi.t͡sa		IN_WIKTIONARY
živòtъ	polish	żywot	ˈʐɨ.vɔt		IN_WIKTIONARY
žìla	polish	żyɫa	ˈʐɨwa
žìti	polish	żyć	ʐɨt͡ɕ		IN_WIKTIONARY
žìto	polish	żyto	ˈʐɨ.tɔ		IN_WIKTIONARY
živъjь	polish	żywy	ˈʐɨ.vɨ		IN_WIKTIONARY
žuriti sę	polish	żurzyć się 	ˈʐuʐɨt͡ɕ ɕɛ ˈdaɛ
žьltъjь	polish	żóɫty	ˈʐuwtɨ
žьrny	polish	żarna	ˈʐar.na		IN_WIKTIONARY
žьvàti	polish	żuć	ʐut͡ɕ		IN_WIKTIONARY
arьmò	polish	jarzmo	ˈjaʐ.mɔ		IN_WIKTIONARY
àblonь	polish	jabɫoń	ˈjabwɔɲ
àblъkъ	polish	jabɫko	[ˈjabwkɔ]		CORRECTED
àstrě̄bъ	polish	jastrząb	ˈja.stʂɔmp		IN_WIKTIONARY
ȁsenъ	polish	jesion	ˈjɛ.ɕɔn		IN_WIKTIONARY
basnь	polish	baśń	baɕɲ		IN_WIKTIONARY
bobrъ	polish	bóbr	bubr		IN_WIKTIONARY
bedrò	polish	biodro	ˈbʲɔ.drɔ		IN_WIKTIONARY
bolnъ	polish	blen	blɛn	blɛn	SAME
blekotъ	polish	blekot	ˈblɛ.kɔt		IN_WIKTIONARY
bliskati	polish	bɫyskać	ˈbɨskat͡ɕ
blizna	polish	blizna	ˈblʲiz.na		IN_WIKTIONARY
blizъkъjь	polish	bliski	ˈblʲis.kʲi		IN_WIKTIONARY
blizь	polish	blizo	ˈblʲizɔ	ˈblʲizɔ	SAME
boln̨a	polish	bɫona	ˈbwɔna	ˈbwɔna	SAME
bràtъ	polish	brat	brat		IN_WIKTIONARY
bràtьja	polish	bracia	ˈbra.t͡ɕa		IN_WIKTIONARY
br̨ȗxъ	polish	brzuch	bʐux		IN_WIKTIONARY
bъrtь	polish	barć	bart͡ɕ		IN_WIKTIONARY
dalь	polish	dal	dal		IN_WIKTIONARY
dьl̨a	polish	dla	dla		IN_WIKTIONARY
dę̄snò	polish	dziąsɫa	ˈd͡ʑɔ̃swa
drevje	polish	drzewiej	ˈdʐɛ.vʲɛj		IN_WIKTIONARY
dristati	polish	drzystać	ˈdʐɨstat͡ɕ
drobězgъ	polish	drobiazg	ˈdrɔ.bʲask		IN_WIKTIONARY
droždža	polish	drożdże	ˈdrɔʐ.d͡ʐɛ		IN_WIKTIONARY
dupa	polish	dupa	ˈdu.pa		IN_WIKTIONARY
ebàti	polish	jebać	ˈjɛ.bat͡ɕ		IN_WIKTIONARY
edьnakъ	polish	jedynak	jɛˈdɨ.nak		IN_WIKTIONARY
edьnъ	polish	jeden	ˈjɛ.dɛn		IN_WIKTIONARY
edlà	polish	jodɫa	ˈjɔdwa	ˈjɔdwa	SAME
ledva	polish	ledwo	[ˈlɛdvɔ]		CORRECTED
olbodà	polish	lebioda	lɛˈbʲɔ.da		IN_WIKTIONARY
elbedь	polish	ɫabędź	ˈwabɛɲt͡ɕ
elenь	polish	jeleń	ˈjɛ.lɛɲ		IN_WIKTIONARY
jьlъkъjь	polish	jeɫkij	ˈjɛwkʲij	ˈjɛwkʲij	SAME
olьxa	polish	olcha	ˈɔl.xa		IN_WIKTIONARY
emela	polish	jemioɫa	jɛˈmʲɔwa	jɛˈmʲɔwa	SAME
emežь	polish	jemiesz	ˈjɛmʲɛʂ	ˈjɛmʲɛʂ	SAME
esètrъ	polish	jesiotr	ˈjɛ.ɕɔtr		IN_WIKTIONARY
evьn̨a	polish	jawia	ˈjavʲa	ˈjavʲa	SAME
ězъ	polish	jaz	jas		IN_WIKTIONARY
ěrь	polish	jar	jar		IN_WIKTIONARY
ěždžь	polish	jażdż	jaʂt͡ʂ
ȅzerъ	polish	jezioro	jɛˈʑɔ.rɔ		IN_WIKTIONARY
ękati	polish	jąkać	ˈjɔŋ.kat͡ɕ		IN_WIKTIONARY
ędza	polish	jędza	ˈjɛn.d͡za		IN_WIKTIONARY
gatь	polish	gać	ɡat͡ɕ
glezna	polish	glozna	[ˈɡlɔzna]		CORRECTED
glěnъ	polish	glon	ɡlɔn		IN_WIKTIONARY
glīstà	polish	glista	ˈɡlʲi.sta		IN_WIKTIONARY
gluma	polish	gɫum	ɡwum	ɡwum	SAME
gomola	polish	gomóɫa	ɡɔˈmuwa
górdja	polish	grodza	ˈɡrɔd͡za	ˈɡrɔd͡za	SAME
gǫgnati	polish	gugnąć	ˈɡuɡnɔɲt͡ɕ
gǫžьva	polish	gążva	ˈɡɔ̃ʐva
grubъjь	polish	gruby	[ˈɡrubɨ]		CORRECTED
gruda	polish	gruda	ˈɡru.da		IN_WIKTIONARY
gvozdъ	polish	gwóźdź	ɡvuɕt͡ɕ		IN_WIKTIONARY
gъrbъ	polish	garb	ɡarp		IN_WIKTIONARY
olьša	polish	olsza	ˈɔl.ʂa		IN_WIKTIONARY
osa	polish	osa	ˈɔ.sa		IN_WIKTIONARY
jьgra	polish	gra	ɡra		IN_WIKTIONARY
jьkrà	polish	ikra	ˈi.kra		IN_WIKTIONARY
kogъdy	polish	kiedy	[ˈkʲɛdɨ]		CORRECTED
kolto	polish	kɫota	ˈkwɔta	ˈkwɔta	SAME
kopъtъ	polish	kopieć	ˈkɔpʲɛt͡ɕ
korba	polish	kroba	[ˈkrɔba]		CORRECTED
košarъ	polish	koszar	ˈkɔʂar	ˈkɔʂar	SAME
krъxъ	polish	krech	krɛx		IN_WIKTIONARY
krьnica	polish	krynica	krɨˈɲi.t͡sa		IN_WIKTIONARY
kyselъjь	polish	kisiaɫy	[kʲiˈɕawɨ]		CORRECTED
kъrmъ	polish	karm	karm		IN_WIKTIONARY
lemežь	polish	lemiesz	[ˈlɛmʲɛʂ]		CORRECTED
lękati sę	polish	lękać się	ˈlɛŋkat͡ɕ ɕɛ
lędvьja	polish	lędźwie	ˈlɛɲ.d͡ʑvʲɛ		IN_WIKTIONARY
libavъjь	polish	lubawy	luˈbavɨ	luˈbavɨ	SAME
mamiti	polish	mamić	ˈma.mʲit͡ɕ		IN_WIKTIONARY
mȃzь	polish	maź	maɕ		IN_WIKTIONARY
mь̀čь	polish	miecz	mʲɛt͡ʂ		IN_WIKTIONARY
mělъ	polish	mieɫ	ˈmʲɛw
mě̑xъ	polish	miech	mʲɛx		IN_WIKTIONARY
melъjь	polish	mieɫy	ˈmʲɛwɨ	ˈmʲɛwɨ	SAME
męzdra	polish	mięzdra	ˈmʲɛ̃zdra
mьglà	polish	mgɫa	mɡwa	mɡwa	SAME
muzga	polish	muzga	ˈmuzɡa	ˈmuzɡa	SAME
mьsta	polish	mьstь	mɛst
nekъto	polish	niekto	ˈɲɛktɔ	ˈɲɛktɔ	SAME
nȇrstъ	polish	mrzost	[ˈmʐɔst]		CORRECTED
norvъ	polish	narów	ˈna.ruf		IN_WIKTIONARY
nozdr̨a	polish	nozdrze	ˈnɔz.dʐɛ		IN_WIKTIONARY
nuditi	polish	nudzić	ˈnud͡ʑit͡ɕ
nukati	polish	nukać	ˈnukat͡ɕ
nǫ̀dja	polish	nędza	ˈnɛn.d͡za		IN_WIKTIONARY
nъně	polish	ninie	ˈɲiɲɛ	ˈɲiɲɛ	SAME
olьse	polish	olesie	ɔˈlɛɕɛ	ɔˈlɛɕɛ	SAME
òrmę	polish	ramię	ˈra.mʲɛ		IN_WIKTIONARY
ȍlkъtь	polish	ɫokieć	ˈwɔkʲɛt͡ɕ
ȍpako	polish	na o.	na ɔ
po	polish	po	pɔ		IN_WIKTIONARY
povorzъ	polish	powróz	ˈpɔ.vrus		IN_WIKTIONARY
paznogъtь	polish	paznokieć	pazˈnɔ.kʲɛt͡ɕ		IN_WIKTIONARY
pěgъ	polish	piegi	ˈpʲɛ.ɡʲi		IN_WIKTIONARY
pȍpelъ	polish	popióɫ	ˈpɔpʲuw
piskalъ	polish	piskorz	ˈpʲi.skɔʂ		IN_WIKTIONARY
pǫgъvica	polish	pągwica	pɔŋˈɡvʲit͡sa
pǫpъ	polish	pęp	pɛmp
pỳrъ	polish	perz	[ˈpɛʂ]		CORRECTED
pīskàti	polish	piskać	ˈpʲiskat͡ɕ
pьkъlo	polish	piekɫo	ˈpʲɛkwɔ	ˈpʲɛkwɔ	SAME
sérnъ	polish	szron	[ˈʂrɔn]		CORRECTED
sę̀gati	polish	sięgać	ˈɕɛŋ.ɡat͡ɕ		IN_WIKTIONARY
sol(o)vikъ	polish	sɫowik	ˈswɔvʲik	ˈswɔvʲik	SAME
svòrka	polish	sroka	ˈsrɔ.ka		IN_WIKTIONARY
stryjь	polish	stryj	strɨj		IN_WIKTIONARY
surovъjь	polish	surowy	suˈrɔ.vɨ		IN_WIKTIONARY
tesla	polish	ciosɫa	ˈt͡ɕɔswa	ˈt͡ɕɔswa	SAME
tęgati	polish	ciągać	ˈt͡ɕɔŋ.ɡat͡ɕ		IN_WIKTIONARY
tęga	polish	ciąg	t͡ɕɔŋk		IN_WIKTIONARY
tri	polish	trzy	tʂɨ		IN_WIKTIONARY
tỳsęti	polish	tysiąc	ˈtɨ.ɕɔnt͡s		IN_WIKTIONARY
tьlò	polish	tɫo	twɔ	twɔ	SAME
vȇrsъ	polish	wrzos	vʐɔs		IN_WIKTIONARY
voldati	polish	wɫadać	ˈvwadat͡ɕ
vòn̨ь	polish	woń	vɔɲ		IN_WIKTIONARY
vъtorъkъ	polish	wtorek	ˈftɔ.rɛk		IN_WIKTIONARY
vьrsta	polish	wrstwa	ˈvrstfa	vrstfa	DIFFERENT
xvoja	polish	choja	ˈxɔ.ja		IN_WIKTIONARY
zijati	polish	ziać	ʑat͡ɕ		IN_WIKTIONARY
zȏbъ	polish	dziób	d͡ʑup		IN_WIKTIONARY
čemerica	polish	ciemierzyca	t͡ɕɛ.mʲɛˈʐɨ.t͡sa		IN_WIKTIONARY
čerdà	polish	trzoda	ˈtʂɔ.da		IN_WIKTIONARY
černъ	polish	trzon	[ˈtʂɔn]		CORRECTED
čermъxa	polish	trzemcha	ˈtʂɛmxa	ˈtʂɛmxa	SAME
česnъ	polish	czosnek	ˈt͡ʂɔs.nɛk		IN_WIKTIONARY
četvorъ	polish	czworo	ˈt͡ʂfɔ.rɔ		IN_WIKTIONARY
čьxati	polish	czchać	t͡ʂxat͡ɕ
želdъ	polish	żɫód	ˈʐwut
