bcs	rovъ	[rôːʋ]	[rôːʋ]	0.0
bcs	mę̑so	[mêːso]	[mêso]	0.14285714285714285
bcs	dȗxъ	[dûːx]	[dûːx]	0.0
bcs	dьlgotà	[duɡǒta]	[dǔːɡdati]	0.5
bcs	bridъ	[brîːd]	[brîːd]	0.0
bcs	brьnьje	[brɲe]	[brêːdni]	0.5555555555555556
bcs	kurъ	[kûr]	[kûːr]	0.16666666666666666
bcs	sušìti	[sǔːʃiti]	[sǔʃiti]	0.1111111111111111
bcs	pjьvàti	[pʎǔʋati]	[ppjiʋa]	0.5555555555555556
bcs	pȅpelъ	[pêpeo]	[p͡speesti]	0.5454545454545454
bcs	mě̑xъ	[mîjex]	[mîjex]	0.0
bcs	lìti	[lîti]	[lîti]	0.0
bcs	sèdmь	[sêdam]	[sêdmiː]	0.375
bcs	krojiti	[krǒjiti]	[krijěti]	0.2222222222222222
bcs	žьrny	[ʒrʋâːɲ]	[ʒʋr̂ːn]	0.5
bcs	mȍr̨e	[môre]	[môre]	0.0
bcs	sìto	[sîto]	[sîto]	0.0
bcs	murъ	[mǔːra]	[mûːr]	0.2857142857142857
bcs	klěščiti	[klijěʃtiti]	[klijěʃti]	0.16666666666666666
bcs	pȋvo	[pîːʋo]	[pîʋo]	0.14285714285714285
bcs	zȏbь	[zôːb]	[zôːb]	0.0
bcs	zěnica	[zjênit͡sa]	[zijěnit͡sa]	0.16666666666666666
bcs	paxati	[pâxati]	[pâːxati]	0.1111111111111111
bcs	mьgnǫti	[mǎɡnuti]	[mǎɡnuti]	0.0
bcs	vę̄zàti	[ʋěːzati]	[ʋěːzati]	0.0
bcs	žȋvъ	[ʒîːʋ]	[ʒîːʋ]	0.0
bcs	lěviti	[lěːʋiti]	[lijěʋiti]	0.3
bcs	gńilъ	[ɡnîo]	[ɡɲîːl]	0.42857142857142855
bcs	dъždžь	[dâːʒd]	[dǎːʒda]	0.25
bcs	stornà	[strǎːna]	[strâːn]	0.2222222222222222
bcs	slùšati	[slûʃati]	[sʎûʃati]	0.1111111111111111
bcs	ešče	[jôʃt]	[jêʃte]	0.2857142857142857
bcs	glȗxъ	[ɡlûːx]	[ɡlûːx]	0.0
bcs	pętà	[pěːta]	[pěːta]	0.0
bcs	dь̀lgъ	[dûɡ]	[dûɡa]	0.16666666666666666
bcs	ostrъ	[ôʃtar]	[ǒstar]	0.2857142857142857
bcs	rě̑čь	[rîjet͡ʃ]	[rîjet͡ʃ]	0.0
bcs	čemerъ	[t͡ʃêmeːr]	[t͡sêmer]	0.2
bcs	po	[po]	[po]	0.0
bcs	velь	[ʋêːʎiː]	[ʋêʎe]	0.375
bcs	plotъ	[plôːt]	[plôːt]	0.0
bcs	nogà	[nǒɡa]	[nǒɡa]	0.0
bcs	vòrna	[ʋrâna]	[ʋrân]	0.14285714285714285
bcs	luspa	[ʎûspa]	[ʎûspa]	0.0
bcs	remy	[rêmeːn]	[rěmene]	0.375
bcs	dupę	[dûpe]	[dǔːpe]	0.2857142857142857
bcs	kyxati	[kǐːxati]	[kixati]	0.2222222222222222
bcs	viti	[ʋîti]	[ʋǐːti]	0.2857142857142857
bcs	aviti	[jǎːʋiti]	[jaʋiti]	0.2222222222222222
bcs	bolniti	[blǎːniti]	[blǎːna]	0.3
bcs	sedъlò	[sědlo]	[sědlo]	0.0
bcs	jьměti	[imjeti]	[ǐmjeti]	0.125
bcs	luskati	[ʎûskati]	[ʎûskati]	0.0
bcs	oje	[ǒːje]	[ǒje]	0.16666666666666666
bcs	medvě̀dь	[mědʋjed]	[mědʋeje]	0.2222222222222222
bcs	mǫ̀ka	[mûka]	[mûka]	0.0
bcs	kašlь	[kâʃaʎ]	[kâʃaʎ]	0.0
bcs	čadъ	[t͡ʃâd]	[t͡ʃâːd]	0.125
bcs	krěpъ	[krîjep]	[krêjep]	0.125
bcs	bȏsъ	[bôːs]	[bôːs]	0.0
bcs	gàdъ	[ɡâd]	[ɡâd]	0.0
bcs	lozà	[lǒza]	[lǒza]	0.0
bcs	moldьnъ	[mlâdan]	[mlǎːdan]	0.2222222222222222
bcs	bȁba	[bâba]	[bâba]	0.0
bcs	lь̑stь	[last]	[lâst]	0.16666666666666666
bcs	kvȃsъ	[kʋâːs]	[kʋâːs]	0.0
bcs	orkỳta	[rǎkita]	[rǎkîta]	0.125
bcs	plesti	[plěsti]	[plêsti]	0.125
bcs	àstrę̄bъ	[jâstrijeb]	[jâstreːb]	0.2727272727272727
bcs	màslo	[mâslo]	[mâsa]	0.2857142857142857
bcs	vìděti	[ʋîdjeti]	[ʋǐdjeti]	0.1111111111111111
bcs	obьlъ	[ôbao]	[ǒbaːɡ]	0.42857142857142855
bcs	česnъ	[t͡ʃěsan]	[t͡ʃêsan]	0.1111111111111111
bcs	bьrati	[brâti]	[brâti]	0.0
bcs	lěnъ	[lîjen]	[lîjen]	0.0
bcs	gńìda	[ɡɲîda]	[ɡɡɲîda]	0.125
bcs	sy̑nъ	[sîːn]	[sîn]	0.16666666666666666
bcs	kyselъ	[kîseo]	[kîseo]	0.0
bcs	koltiti	[klǎːtiti]	[klǎːtiti]	0.0
bcs	kȏsъ	[kôːs]	[kôːs]	0.0
bcs	blekъ	[blêːk]	[blîːk]	0.14285714285714285
bcs	domovъ	[dǒːmoʋ]	[dômoʋ]	0.25
bcs	jūxà	[jǔːxa]	[jǔːxa]	0.0
bcs	polšiti	[plǎːʃiti]	[plǎːʃiti]	0.0
bcs	osmъ	[ôsmiː]	[ǒsam]	0.5714285714285714
bcs	nȏktь	[nôːt͡ɕ]	[nôːt͡ʃ]	0.125
bcs	veztì	[ʋěsti]	[ʋěsti]	0.0
bcs	kъjь	[kǒjiː]	[kâː]	0.42857142857142855
bcs	stigti	[stît͡ɕi]	[stît͡ɕi]	0.0
bcs	gȏldъ	[ɡlâːd]	[ɡlâːd]	0.0
bcs	mьrznǫti	[mr̂znuti]	[mr̂znuti]	0.0
bcs	bebrъ	[dâbar]	[bbîːr]	0.5714285714285714
bcs	melkò	[mlijěko]	[mlěko]	0.2222222222222222
bcs	drobìti	[drǒbiti]	[drǒbiti]	0.0
bcs	rosà	[rǒsa]	[rǒsa]	0.0
bcs	borzdà	[brǎːzda]	[brǎːzda]	0.0
bcs	čędь	[t͡ʃed]	[t͡ʃêːd]	0.25
bcs	stьblò	[stǎːblo]	[stǎːblo]	0.0
bcs	òdrъ	[ǒdar]	[ǒdar]	0.0
bcs	trovati	[trǒʋati]	[trǒʋati]	0.0
bcs	vỳgъn̨ь	[ʋîɡaɲ]	[ʋîɡɲa]	0.2857142857142857
bcs	kopa	[kôpa]	[kôpa]	0.0
bcs	krỳti	[krîti]	[krîti]	0.0
bcs	monisto	[monisto]	[mǒnisto]	0.1111111111111111
bcs	dȋvo	[dîːʋo]	[dîːʋo]	0.0
bcs	bylьje	[bîːʎe]	[bijed͡ʑe]	0.6
bcs	pletjè	[plět͡ɕe]	[plět͡ɕet͡ɕ]	0.25
bcs	orsti	[rǎːsti]	[rǎːsti]	0.0
bcs	pьkъlo	[pǎkao]	[pâko]	0.2857142857142857
bcs	xlě̀bъ	[xlêb]	[xlîjeb]	0.375
bcs	bry	[br̂ːʋ]	[br̂ːʋ]	0.0
bcs	dę̄snь	[dêːsni]	[dêːsniː]	0.1111111111111111
bcs	velkti	[ʋǔːt͡ɕi]	[ʋlěːt͡ɕi]	0.2
bcs	gně̀vъ	[ɡɲêʋ]	[ɡnîjeʋ]	0.5
bcs	mỳdlo	[mîlo]	[mîla]	0.16666666666666666
bcs	paziti	[pâziti]	[pâziti]	0.0
bcs	sъn	[s]	[s]	0.0
bcs	bràtъ	[brât]	[brât]	0.0
bcs	grỳzti	[ɡrîsti]	[ɡrǐːsti]	0.2222222222222222
bcs	kъn	[k]	[k]	0.0
bcs	tь̏nьkъ	[tânak]	[tâk]	0.2857142857142857
bcs	gòlъ	[ɡôː]	[ɡôl]	0.2
bcs	dȅsętь	[dêseːt]	[dêseti]	0.25
bcs	čьrvь	[t͡sr̂ːʋ]	[t͡ʃr̂ːʋ]	0.1111111111111111
bcs	znamenьje	[znâmeːɲe]	[znâmeːne]	0.1
bcs	svьrběti	[sʋřːbeti]	[sřbjeti]	0.3
bcs	čarodějь	[t͡ʃarǒdjej]	[t͡ʃarǒdijɛ̃]	0.23076923076923078
bcs	gròzdъ	[ɡrôːzd]	[ɡrôzd]	0.125
bcs	kujati	[kûjati]	[kǔːjati]	0.2222222222222222
bcs	mъnogъ	[mnôɡiː]	[mnoɡʊ]	0.375
bcs	blějati	[blěːjati]	[blijěsati]	0.36363636363636365
bcs	drǫ́gъ	[drûːɡ]	[druɡʊ]	0.42857142857142855
bcs	sъmè̌ti	[smjêti]	[smêti]	0.125
bcs	nestera	[něstera]	[mestraˈra]	0.45454545454545453
bcs	bràtьja	[brât͡ɕa]	[brât]	0.3333333333333333
bcs	stenàti	[stěɲati]	[stěnati]	0.1111111111111111
bcs	lixъ	[lîx]	[lîːx]	0.16666666666666666
bcs	mimo	[mîmo]	[mîmo]	0.0
bcs	dȅvętь	[dêʋeːt]	[dêʋeti]	0.25
bcs	těnь	[tèːnja]	[tîjen]	0.625
bcs	pьrati	[prâti]	[prati]	0.14285714285714285
bcs	ȍpakъ	[ôpaːk]	[pôpak]	0.2857142857142857
bcs	těsnъ	[tijěsan]	[tîjesan]	0.2222222222222222
bcs	moltiti	[mlǎːtiti]	[mlǎːtiti]	0.0
belarusian	lemežь	[lʲaˈmʲeʂ]	[ˈlʲemʲee]	0.4
belarusian	bordatъjь	[baraˈdatɨ]	[baraˈdatʲ]	0.09090909090909091
belarusian	làjati	[ˈlʲajat͡sʲ]	[ˈɫaja]	0.5
belarusian	lisa	[lʲiˈsa]	[ˈlʲisa]	0.25
belarusian	vermę	[ˈvʲeremʲe]	[ˈvrʲemʲe]	0.2727272727272727
belarusian	ròjь	[ˈroj]	[ˈroj]	0.0
belarusian	stogъ	[ˈstox]	[ˈstox]	0.0
belarusian	rȗx	[ˈrux]	[ˈruxxux]	0.3333333333333333
bulgarian	or̨ǫ	[oˈra]	[ˈɔrʲə]	0.5714285714285714
bulgarian	vьlgъkъ	[ˈvɔxkʲij]	[ˈvɤɫk]	0.5
bulgarian	bě̄djǫ̀	[bɛˈdʲa]	[bɛˈdʲa]	0.0
bulgarian	bȁsn̨a	[ˈbasnʲə]	[bɐˈsʲanə]	0.6
bulgarian	sỳpl̨ǫ	[ˈsipʲə]	[ˈsipʲə]	0.0
bulgarian	jьgra	[iˈɡra]	[iˈɡra]	0.0
bulgarian	dva	[ˈftɔri]	[ˈdva]	0.625
bulgarian	kȏstь	[ˈkɔst]	[ˈkɔst]	0.0
bulgarian	ȍko	[oˈkɔ]	[ˈɔko]	0.5
bulgarian	man̨ǫ	[ˈmamʲə]	[ˈmanʲə]	0.125
bulgarian	pozdьnъ	[ˈpɔzdɛn]	[poˈzɛn]	0.4444444444444444
bulgarian	ludъ	[ˈlut]	[ˈlut]	0.0
bulgarian	kolě̀no	[koˈlʲano̝]	[koˈlɛno]	0.2727272727272727
bulgarian	olni	[ˈlani]	[ˈalnɛ]	0.42857142857142855
bulgarian	ě̀snъ	[ˈjasɛn]	[ˈjasən]	0.125
bulgarian	òlčьnъ	[ˈalt͡ʃɛn]	[ˈlt͡ʃɛn]	0.1
bulgarian	ȅsenь	[ˈjɛsɛn]	[ˈjɛsɛn]	0.0
bulgarian	lȏjь	[ˈlɔj]	[ˈlɔj]	0.0
bulgarian	sȗxъ	[ˈsux]	[ˈsux]	0.0
bulgarian	lě̀to	[ˈlʲato̝]	[ˈlɛto]	0.3333333333333333
bulgarian	òlkomъ	[ˈlakom]	[ˈlakom]	0.0
bulgarian	mȍr̨e	[moˈrɛ]	[moˈrɛ]	0.0
bulgarian	blekъ	[ˈblɛk]	[ˈblɛk]	0.0
bulgarian	blǫ̑dъ	[ˈblut]	[ˈblɤt]	0.14285714285714285
bulgarian	žalь	[ˈʒaɫ]	[ˈʒal]	0.16666666666666666
bulgarian	jesìka	[ˈjesikə]	[ɛˈkikə]	0.4444444444444444
bulgarian	gruda	[ˈɡrudə]	[ˈɡrudə]	0.0
bulgarian	xabl̨ǫ	[xɐˈbʲa]	[ˈxabʲə]	0.5
bulgarian	veslò	[vɛsˈlɔ]	[vɛˈsɛlo]	0.3333333333333333
bulgarian	doltò	[dlɐˈtɔ]	[ˈdlato]	0.5
bulgarian	erębica	[ˈɛrɛbit͡sə]	[ɛrɛˈbiti]	0.4166666666666667
bulgarian	sъ	[ˈsɤ]	[ˈsɤ]	0.0
bulgarian	rě̀jǫ	[ˈrɛjə]	[ˈrɛjə]	0.0
bulgarian	kyselъ	[ˈkisɛɫ]	[ˈkisɛl]	0.125
bulgarian	žarъ	[ˈʒar]	[ˈʒar]	0.0
bulgarian	ležǫ	[lɛˈʒɤ]	[lɛˈʒa]	0.14285714285714285
bulgarian	pь̑rstь	[ˈprɤst]	[ˈprɤst]	0.0
bulgarian	bȏlgъ	[ˈblak]	[ˈblak]	0.0
bulgarian	vę̄žǫ	[ˈvɛzə]	[ˈvɛzʲə]	0.125
bulgarian	tręsǫ	[trɛˈsɤ]	[trɛˈstɤ]	0.1111111111111111
bulgarian	ędrъ	[ˈɛdər]	[ˈjadər]	0.25
bulgarian	ę̄trò	[jəˈtrɔ]	[jɛˈtrɔ]	0.125
bulgarian	pǫdjǫ	[ˈpɛdja]	[ˈpɛzʲi]	0.375
bulgarian	sòlma	[ˈslamə]	[ˈslamə]	0.0
bulgarian	pāl̨ǫ̀	[ˈpalʲə]	[ˈpalʲə]	0.0
bulgarian	kašl̨ǫ	[ˈkaʃlʲə]	[kaˈʃʲa]	0.4444444444444444
bulgarian	melkò	[ˈmlʲa̟ko̝]	[mlɛˈkɔ]	0.5454545454545454
bulgarian	sъdòrvъ	[ˈzdraf]	[ˈdraviː]	0.4444444444444444
bulgarian	lǫ̑gъ	[ˈlɤk]	[ˈlɤk]	0.0
bulgarian	sъlojь	[ˈslɔj]	[ˈslɔj]	0.0
bulgarian	krupьnъ	[ˈkrupɛn]	[ˈkrupən]	0.1111111111111111
bulgarian	ę̄drò	[jɛdˈrɔ]	[jɛˈdrɔ]	0.25
bulgarian	lisa	[ˈlisə]	[liˈsa]	0.42857142857142855
bulgarian	gȏldъ	[ˈɡlat]	[ˈɡlat]	0.0
bulgarian	dъxъ	[ˈdɤx]	[ˈdɤx]	0.0
bulgarian	gràdъ	[ˈɡrat]	[ˈɡrat]	0.0
bulgarian	pòlxъ	[ˈplax]	[ˈplax]	0.0
bulgarian	čь̑stь	[ˈt͡ʃɛst]	[ˈt͡ʃɛsto]	0.1
bulgarian	laskajǫ	[lɐˈskajə]	[ləˈskajə]	0.1
bulgarian	nejęsytь	[ˈnɛsit]	[nɛjɛˈsta]	0.6
bulgarian	kal̨ǫ	[kɐˈlʲa]	[ˈkalʲə]	0.5
bulgarian	rǫ̑bъ	[ˈrɤ]	[ˈrɤp]	0.16666666666666666
bulgarian	mogǫ	[ˈmɔɡə]	[moˈɡʲa]	0.625
bulgarian	xlě̀bъ	[ˈxlʲap]	[ˈxlɛp]	0.25
bulgarian	grьml̨ǫ	[ɡɤrˈmʲa]	[ˈɡrɤmʲə]	0.4444444444444444
bulgarian	koprъ	[ˈkɔpər]	[ˈkɔpər]	0.0
bulgarian	čàsъ	[ˈt͡ʃas]	[ˈt͡ʃas]	0.0
bulgarian	cěn̨ǫ	[t͡sɛˈnʲa]	[ˈt͡sɛnʲə]	0.3
bulgarian	ěrę	[ˈjarɛ]	[ˈɛrʲɛ]	0.42857142857142855
bulgarian	nȅbo	[nɛˈbɛ]	[ˈnɛbo]	0.42857142857142855
bulgarian	trȗpъ	[ˈtrup]	[ˈtrup]	0.0
bulgarian	cě̑djǫ	[t͡sɛˈdʲa]	[ˈt͡sɛdʲə]	0.3
bulgarian	vъnъ	[ˈvɤn]	[ˈvvɤn]	0.14285714285714285
bulgarian	gǫžьva	[ˈɡɛʒvə]	[ˈɡɛʒɪva]	0.2222222222222222
bulgarian	gně̄zdò	[ɡnɛzˈdɔ]	[ɡnʲiˈzdo]	0.4
bulgarian	vъnùkъ	[ˈvnuk]	[ˈvnuk]	0.0
bulgarian	voskъ	[ˈvɔsək]	[ˈvɔsək]	0.0
bulgarian	obujǫ	[oˈbujə]	[oˈbutʲə]	0.2222222222222222
bulgarian	borzdà	[brəzˈda]	[brəzˈza]	0.1111111111111111
bulgarian	kosà	[koˈsa]	[koˈsa]	0.0
bulgarian	ovьnъ	[oˈvɛn]	[oˈvɤn]	0.14285714285714285
bulgarian	směxъ	[ˈsmʲax]	[ˈsmjax]	0.125
bulgarian	mъldni	[ˈmɛɫnijə]	[ˈmɤɫnə]	0.3
bulgarian	gòlъ	[ˈɡol]	[ˈɡɔl]	0.16666666666666666
bulgarian	stȏržь	[ˈstraʃ]	[ˈstraʃ]	0.0
bulgarian	mòrzъ	[ˈmras]	[ˈmras]	0.0
bulgarian	kogъda	[koˈɡa]	[kˈdadə]	0.5
bulgarian	ese	[ɛˈsɛ]	[ˈɛsɛ]	0.3333333333333333
bulgarian	sovà	[ˈsɔvə]	[soˈva]	0.5714285714285714
bulgarian	ǫ̀zlъ	[ˈvɛzɛɫ]	[ˈuzʲa]	0.5
bulgarian	žeravь	[ˈʒɛrəf]	[ʒˈrava]	0.625
bulgarian	bъ̀drъ	[ˈbɔdər]	[ˈbɔdər]	0.0
bulgarian	drȗgъ	[ˈdruk]	[ˈdruk]	0.0
bulgarian	grozdьje	[ˈɡrɔzdɛ]	[ˈɡrɛdɛɫ]	0.3333333333333333
bulgarian	lysъ	[ˈlis]	[ˈlis]	0.0
bulgarian	vodjǫ̀	[ˈvɔdʲə]	[ˈvɔdʲə]	0.0
church_slavic	želza	[ʒlæza]	[ʒlɛza]	0.14285714285714285
church_slavic	ponerti	[pɔnræti]	[pɔnræti]	0.0
church_slavic	pę̑stь	[pɛ̃stɪ]	[pɛ̃stɪ]	0.0
church_slavic	ěrę	[jarɛ̃]	[jarɛ̃]	0.0
church_slavic	volděti	[vladæti]	[vladæti]	0.0
church_slavic	xlębь	[xʎabɪ]	[xlɛ̃bɛi]	0.5555555555555556
church_slavic	mamiti	[mamiti]	[mamiti]	0.0
church_slavic	bebrъ	[bɛbrʊ]	[bɛbrʊ]	0.0
church_slavic	ǫty	[ɔ̃tɨ]	[ɔ̃tɨ]	0.0
church_slavic	brestì	[brɛsti]	[brɛsti]	0.0
church_slavic	kȏsъ	[kɔsʊ]	[kɔsʊ]	0.0
church_slavic	pelesъ	[pɛlɛsʊ]	[pɛlɛsʊ]	0.0
church_slavic	tỳti	[tɨti]	[tɨti]	0.0
church_slavic	muzga	[muzɡa]	[muzɡa]	0.0
church_slavic	debelъjь	[dɛbɛlɨj]	[dɛbɛlɨi]	0.1111111111111111
church_slavic	kortъkъ	[kratʊkʊ]	[kratʊkʊ]	0.0
church_slavic	pьkъlъ	[pɪkʊlʊ]	[pɪkʊlʊ]	0.0
church_slavic	tekъ	[tɛkʊ]	[tɛkʊ]	0.0
church_slavic	kutiti	[kutiti]	[kutiti]	0.0
church_slavic	jьkrà	[ikra]	[ikra]	0.0
church_slavic	lǭkà	[lɔ̃ka]	[lɔ̃ka]	0.0
church_slavic	libavъ	[libavʊ]	[libavʊ]	0.0
church_slavic	šurь	[ʃurɪ]	[ʃurɪmʊ]	0.25
church_slavic	gruda	[ɡruda]	[ɡruda]	0.0
church_slavic	davьnъ	[davɪnɔ]	[davɪnʊ]	0.125
church_slavic	čekati	[t͡ʃɛkati]	[t͡ʃɛkati]	0.0
church_slavic	kъrnъ	[krʊnʊ]	[krʊnʊ]	0.0
church_slavic	solvъ	[slavɔɔt͡ʃijɛ]	[slavʊ]	0.5714285714285714
church_slavic	lùža	[luʒa]	[luʒa]	0.0
church_slavic	mitusь	[mitusɪ]	[mitusʊ]	0.125
church_slavic	dęgъ	[djaɡʊ]	[dadɡʊ]	0.2857142857142857
church_slavic	ȅsenь	[ɛsɛnɪ]	[jɛsɛnɨ]	0.25
church_slavic	krečetъ	[krɛt͡ʃɛtʊ]	[krɛt͡ʃɛti]	0.09090909090909091
church_slavic	gorno	[ɡranʊ]	[ɡranɔ]	0.14285714285714285
church_slavic	ničati	[nit͡ʃati]	[nit͡ʃati]	0.0
church_slavic	polxъ	[plaxʊ]	[plaxʊ]	0.0
church_slavic	tryti	[trɨti]	[trɨti]	0.0
church_slavic	màkъ	[makʊ]	[makʊ]	0.0
church_slavic	lěnь	[lænɪ]	[lænɪ]	0.0
church_slavic	gъbežь	[ɡʊbɛʒɪ]	[ɡʊbɛlɪ]	0.125
czech	mùxa	[ˈmowxa]	[ˈmuxa]	0.25
czech	verslò	[ˈpovr̝iːslo]	[ˈvr̝ɛslo]	0.3076923076923077
czech	gъnàti	[ˈɦnaːt]	[ˈɦɛnat]	0.25
czech	dojìti	[ˈdojɪt]	[ˈdojɪt]	0.0
czech	kǫ́tъ	[ˈkowt]	[ˈkowt]	0.0
czech	grozьnъ	[ˈɦrozniː]	[ˈɦrozniː]	0.0
czech	blekotъ	[ˈblɛkot]	[ˈblɛkotiː]	0.18181818181818182
czech	bronъ	[ˈbroniː]	[ˈbron]	0.2222222222222222
czech	žely	[ˈʒɛlva]	[ˈʒɛlɪ]	0.25
czech	nȏsъ	[ˈnos]	[ˈnos]	0.0
czech	lȗbъ	[ˈlup]	[ˈlup]	0.0
czech	dolъ	[ˈduːl]	[ˈdol]	0.2857142857142857
czech	lìti	[ˈliːt]	[ˈliːt]	0.0
czech	žerdlò	[ˈʒr̝iːdlo]	[ˈʒr̝ɛdlo]	0.18181818181818182
czech	čemerъ	[ˈt͡ʃɛmɛr]	[ˈt͡ʃɛmɛr]	0.0
czech	pl̨ūtjè	[ˈpliːt͡sɛ]	[ˈpliːt͡s]	0.09090909090909091
czech	xlǫdъ	[ˈxlowt]	[ˈxludiː]	0.4444444444444444
czech	tvorìti	[ˈtvor̝ɪt]	[ˈtvor̝ɪt]	0.0
czech	pьrvъ	[ˈpr̩viː]	[ˈpr̩viː]	0.0
czech	živòtъ	[ˈʒɪvot]	[ˈʒɪvot]	0.0
czech	plěna	[ˈplɛna]	[ˈplɛːna]	0.1111111111111111
czech	velkti	[ˈvlɛːt͡sɪ]	[ˈvlɛt͡sɪ]	0.09090909090909091
czech	vortìti	[ˈvraːcɪt]	[ˈvratɪt]	0.2
czech	lemexъ	[ˈlɛmɛx]	[ˈlɛmɛx]	0.0
czech	podъ	[ˈpot]	[ˈpot]	0.0
czech	pluti	[ˈplowt]	[ˈplowt]	0.0
czech	dǭgà	[ˈduɦa]	[ˈdowɦiː]	0.4444444444444444
czech	sъn	[ˈs]	[ˈs]	0.0
czech	melkò	[ˈmlɛːko]	[ˈml̩ko]	0.2222222222222222
czech	krěpъkъ	[ˈkr̝̊ɛpkiː]	[ˈkr̝̊ɛpkiː]	0.0
czech	kòšь	[ˈkoʃ]	[ˈkuʃ]	0.16666666666666666
czech	màkъ	[ˈmaːk]	[ˈmak]	0.14285714285714285
czech	sě̀ti	[ˈsiːt]	[ˈsiːt]	0.0
czech	krūpà	[ˈkrowpa]	[ˈkruːpa]	0.2222222222222222
czech	oba	[ˈoba]	[ˈoba]	0.0
czech	orz	[ˈros]	[ˈros]	0.0
czech	lь̑stь	[ˈlɛst]	[ˈlɛst]	0.0
czech	žьvàti	[ˈʒvaːt]	[ˈʒuːt]	0.25
czech	bȏrъ	[ˈbor]	[ˈbor]	0.0
czech	kokošь	[ˈkokoʃ]	[ˈkokoʃ]	0.0
czech	lěpiti	[ˈlɛpɪt]	[ˈlɛpɪt]	0.0
czech	sьrna	[ˈsr̩na]	[ˈsr̩na]	0.0
czech	kolo	[ˈkolo]	[ˈkolo]	0.0
czech	kosmъ	[ˈkosm]	[ˈkosmɨ]	0.125
czech	žьlna	[ˈʒluna]	[ˈʒl̩na]	0.125
czech	osa	[ˈosa]	[ˈosa]	0.0
czech	gъ̀rdlo	[ˈɦr̩dlo]	[ˈɦr̩dlo]	0.0
czech	vysòkъ	[ˈvɪsokiː]	[ˈvɪsokiː]	0.0
czech	godъ	[ˈɦot]	[ˈɦoɦiː]	0.375
czech	krъvьnъ	[ˈkrɛvɲiː]	[ˈkr̩vniː]	0.2
czech	bordatъ	[ˈbradatiː]	[ˈbradat]	0.18181818181818182
czech	jȗnъ	[ˈjuniː]	[ˈjun]	0.25
czech	žȅlǫdь	[ˈʒalut]	[ˈʒaːlod]	0.3333333333333333
czech	dvojь	[ˈdvojiː]	[ˈdvojiː]	0.0
czech	ovь̀sъ	[ˈovɛs]	[ˈovɛs]	0.0
czech	ȇ̌dъ	[ˈjɛt]	[ˈjɛt]	0.0
czech	azъ	[ˈjaː]	[ˈjas]	0.16666666666666666
czech	otrokъ	[ˈotrok]	[ˈotrok]	0.0
czech	sỳtъjь	[ˈsɪtiː]	[ˈsɪtiː]	0.0
czech	zȏrkъ	[ˈzrak]	[ˈzrak]	0.0
czech	čerdìti	[ˈtr̝̊ɛnovi]	[ˈt͡ʃr̝iːt]	0.6666666666666666
czech	golvà	[ˈɦlava]	[ˈɦlava]	0.0
czech	golota	[ˈɦolota]	[ˈɦolota]	0.0
czech	vьrtě̀ti	[ˈvr̩cɛt]	[ˈvr̩tɛt]	0.1111111111111111
czech	tvȃrь	[ˈtvaːr̝̊]	[ˈtvar]	0.3
czech	obuti	[ˈobowt]	[ˈobut]	0.25
czech	zīmà	[ˈzɪma]	[ˈziːma]	0.25
czech	sěkti	[ˈsiːt͡sɪ]	[ˈsɛːt͡sɪ]	0.1
czech	gъnǫti	[ˈɦnowt]	[ˈɦnowt]	0.0
czech	kỳla	[ˈkiːla]	[ˈkɪla]	0.25
czech	těnь	[ˈciːn]	[ˈtɛːɲ]	0.42857142857142855
czech	či	[ˈt͡ʃɪ]	[ˈt͡ʃɪ]	0.0
czech	oskъrdъ	[ˈoʃkr̩t]	[ˈoskr̩t]	0.1111111111111111
czech	gǫžь	[ˈɦowʃ]	[ˈɦowʒɪt]	0.3333333333333333
czech	volsti	[ˈvlaːst]	[ˈvlast]	0.1111111111111111
czech	ě̀zva	[ˈjɪzva]	[ˈjɛzva]	0.125
czech	brediti sę	[ˈbr̝ɛɟɪt sɛ]	[ˈbr̝ɛɟɪt sɛ]	0.0
czech	glazъ	[ˈɦlas]	[ˈɦlas]	0.0
czech	arьmò	[ˈjar̝mo]	[ˈjarmo]	0.1111111111111111
czech	māxàti	[ˈmaːxat]	[ˈmaːxat]	0.0
czech	tęžъkъ	[ˈcɛʃkiː]	[ˈtɛʃkiː]	0.1111111111111111
czech	užasъ	[ˈuːʒas]	[ˈuʒɛs]	0.25
czech	olьša	[ˈolʃɛ]	[ˈolɛʃɛ]	0.125
czech	bỳti	[ˈbiːcɪ]	[ˈbiːt]	0.25
czech	rědъkъ	[ˈr̝iːtkiː]	[ˈr̝ɛdkiː]	0.2727272727272727
czech	grubъ	[ˈɦrubiː]	[ˈɦrubiː]	0.0
czech	kypě̀ti	[ˈkɪpjɛcɪ]	[ˈkɪpjɛt]	0.2
czech	dęglь	[ˈɟɛɦɛl]	[ˈdɛʒɛl]	0.25
czech	glupъ	[ˈɦlowpiː]	[ˈɦlupiː]	0.2
czech	telktì	[ˈtlowt͡sɪ]	[ˈtliːt͡sɪ]	0.18181818181818182
czech	kyxati	[ˈkiːxat]	[ˈkiːxat]	0.0
czech	dāvìti	[ˈdaːvɪt]	[ˈdaːvɪt]	0.0
czech	ploskъ	[ˈploskiː]	[ˈplosk]	0.2
czech	ę̄drò	[ˈjaːdro]	[ˈjadra]	0.2222222222222222
czech	kurenьje	[ˈkowr̝ɛɲiː]	[ˈkokr̝ɛɲ]	0.25
czech	cě̄và	[ˈt͡sɛːva]	[ˈt͡sɛva]	0.1
czech	klasti	[ˈklaːst]	[ˈklaːst]	0.0
czech	bȁba	[ˈbaːba]	[ˈbaba]	0.125
czech	sъtȏ	[ˈsto]	[ˈsto]	0.0
czech	sy̑nъ	[ˈsɪn]	[ˈsɪn]	0.0
czech	mьgnǫti	[ˈmɛɦnowt]	[ˈmɦnowt]	0.1
czech	pǫditi	[ˈpuɟɪt]	[ˈpowɟɪt]	0.2222222222222222
czech	pętà	[ˈpata]	[ˈpaːta]	0.125
czech	kremy	[ˈkr̝̊ɛmɛn]	[ˈkr̝ɛmɛɲ]	0.18181818181818182
czech	žędьnъ	[ˈʒaːdniː]	[ˈʒadnɔ]	0.3
czech	nevodъ	[ˈnɛvot]	[ˈnɛvot]	0.0
czech	ězda	[ˈjiːzda]	[ˈjazda]	0.2222222222222222
czech	ležàti	[ˈlɛʒɛt]	[ˈlɛʒɛt]	0.0
czech	lъkno	[ˈlɛkno]	[ˈlɛkniː]	0.2222222222222222
czech	čadъ	[ˈt͡ʃat]	[ˈt͡ʃat]	0.0
czech	pǫ̀to	[ˈpowto]	[ˈpuːto]	0.25
czech	òrkъ	[ˈrak]	[ˈrak]	0.0
czech	edlà	[ˈjɛdlɛ]	[ˈjɛdla]	0.125
czech	zar̨à	[ˈzaːr̝ɛ]	[ˈzara]	0.3333333333333333
czech	datelь	[ˈdatɛl]	[ˈdatɛl]	0.0
czech	làska	[ˈlaːska]	[ˈlaska]	0.1111111111111111
czech	gně̀vъ	[ˈɦɲɛf]	[ˈɦɲɛviː]	0.3333333333333333
czech	remy	[ˈr̝ɛmɛn]	[ˈrɛmɪ]	0.3333333333333333
czech	vъn	[ˈv]	[ˈv]	0.0
czech	olni	[ˈloɲɪ]	[ˈloɲ]	0.14285714285714285
czech	dva	[ˈdva]	[ˈdva]	0.0
czech	pȗstъ	[ˈpustiː]	[ˈpustiː]	0.0
czech	perdъ	[ˈpr̝̊ɛt]	[ˈpr̝ɛt]	0.1111111111111111
czech	grę̑zь	[ˈɦr̝ɛs]	[ˈɦr̝ɛziː]	0.3
czech	gvozdъ	[ˈɦvost]	[ˈɦvozdə]	0.3333333333333333
czech	tỳsęti	[ˈcɪsiːt͡s]	[ˈtɪsaːt]	0.36363636363636365
czech	plàviti	[ˈplavɪt]	[ˈplavat]	0.1111111111111111
czech	dvьrь	[ˈdvɛr̝ɛ]	[ˈdvr̩ːt]	0.4444444444444444
czech	pъlkъ	[ˈpluk]	[ˈpl̩k]	0.14285714285714285
czech	vedro	[ˈvɛdro]	[ˈvɛdro]	0.0
czech	svętъ	[ˈsvatiː]	[ˈsvaːt]	0.3333333333333333
czech	mokrъ	[ˈmokriː]	[ˈmokr̩]	0.2222222222222222
czech	gomola	[ˈɦomolɛ]	[ˈɦomola]	0.1111111111111111
czech	bogàtъ	[ˈboɦatiː]	[ˈboɦat]	0.2
czech	mamiti	[ˈmaːmɪt]	[ˈmamɪt]	0.1111111111111111
czech	smьrdě̀ti	[ˈsmr̩ɟɛt]	[ˈsmr̩ɟɛt]	0.0
czech	drobìna	[ˈdroba]	[ˈdrobna]	0.1111111111111111
czech	lь̑nъ	[ˈlɛn]	[ˈlɛn]	0.0
lower_sorbian	ȃje	[ˈjajɔ]	[ˈjaɕɔ]	0.14285714285714285
lower_sorbian	gryzati	[ˈɡrɨzaɕ]	[ˈɡrɨzaɕ]	0.0
lower_sorbian	bìti	[ˈbʲiɕ]	[ˈbʲiɕ]	0.0
lower_sorbian	ògn̨ь	[ˈɔɡʲɛnʲ]	[ˈɔɡɲi]	0.4444444444444444
lower_sorbian	blizna	[ˈbluzna]	[ˈbʲizna]	0.2222222222222222
lower_sorbian	eterъ	[ˈwɨtɔrɨ]	[ˈjɛtɔ]	0.4444444444444444
lower_sorbian	blǭdìti	[ˈbuʑiɕ]	[ˈblɛd͡sit]	0.5454545454545454
lower_sorbian	bȏrgъ	[ˈbrɔk]	[ˈbrɔk]	0.0
lower_sorbian	ložìti	[ˈwɔʒɨɕ]	[ˈlɛʒiɕ]	0.375
lower_sorbian	pręsti	[ˈpɕɪst͡ɕ]	[ˈprasɕ]	0.4
lower_sorbian	mě̀dь	[ˈmʲɪɕ]	[ˈmʲɛɕ]	0.14285714285714285
lower_sorbian	ǫgorь	[ˈuɡɔrʲ]	[ˈjɛ̃ɡɔr]	0.4444444444444444
lower_sorbian	nogъtь	[ˈnɔkɕ]	[ˈnɔxt]	0.2857142857142857
old_church_slavic	mъčati	[mɪt͡ʃimi]	[mʊt͡ʃɛti]	0.3
old_church_slavic	prijati	[prijati]	[prijati]	0.0
old_church_slavic	kǫtja	[kɔ̃ʃtɛ̃]	[kɔ̃ʃta]	0.2222222222222222
old_church_slavic	ǫ̀glь	[ɔ̃ɡlɪ]	[ɔ̃ɡlɪ]	0.0
old_church_slavic	da	[da]	[da]	0.0
old_church_slavic	spěšiti	[spæʃiti]	[spæʃiti]	0.0
old_church_slavic	ǫzъkъ	[ɔ̃zʊkʊ]	[ɔ̃zʊkʊ]	0.0
old_church_slavic	znojь	[znɔi]	[znɔj]	0.16666666666666666
old_church_slavic	pràvъ	[pravʊ]	[pravʊ]	0.0
old_church_slavic	bol̨eje	[bɔʎɛ]	[bɔʎɛvɛ]	0.25
old_church_slavic	svętъ	[svɛ̃tʊ]	[svɛ̃tʊ]	0.0
old_church_slavic	pȏtъ	[pɔtʊ]	[pɔtʊ]	0.0
old_church_slavic	ovьnъ	[ɔvɪnʊ]	[ɔvɪnʊ]	0.0
old_church_slavic	zidъ	[zʊdæ]	[zidʊ]	0.3333333333333333
old_church_slavic	postìgnǫti	[pɔstiɡnɔ̃ti]	[pɔstiɡnɔ̃]	0.15384615384615385
old_church_slavic	cělovàti	[t͡sælɔvati]	[t͡sælɔvati]	0.0
old_church_slavic	kopati	[kɔpati]	[kɔpati]	0.0
old_church_slavic	lišiti	[liʃiti]	[liʃiti]	0.0
old_church_slavic	màzati	[mazati]	[mazati]	0.0
old_church_slavic	paxati	[paxati]	[paxati]	0.0
old_church_slavic	lučiti sę	[lut͡ʃiti sɛ̃]	[lut͡ʃiti sɛ̃]	0.0
old_church_slavic	pǫčina	[pɔ̃t͡ʃina]	[pɔ̃t͡ʃina]	0.0
old_church_slavic	l̨ūbìti	[ʎubiti]	[ʎubiti]	0.0
old_church_slavic	ūzdà	[uzda]	[uzda]	0.0
old_church_slavic	kòn̨ь	[kɔɲɪ]	[kɔɲɪ]	0.0
old_church_slavic	sěsti	[sæsti]	[sæsti]	0.0
old_church_slavic	kopьje	[kɔpijɛ]	[kɔpɛjɛ]	0.125
old_church_slavic	dьrati	[dɪrati]	[drati]	0.125
old_church_slavic	sìla	[sila]	[sila]	0.0
old_church_slavic	juže	[uʒɛ]	[u]	0.4
old_church_slavic	pariti	[parɛ̃ʃtɛ̃]	[pariti]	0.45454545454545453
old_church_slavic	modliti	[mɔliti]	[mɔdliti]	0.1111111111111111
old_church_slavic	àgnьcь	[aɡnɪt͡sɪ]	[aɡnɪt͡sɪ]	0.0
old_church_slavic	datelь	[datɛʎɪ]	[datɛʎɪ]	0.0
old_church_slavic	tręsti	[trɛ̃sti]	[trɛ̃sti]	0.0
old_church_slavic	pasti sę	[pasti sɛ̃]	[pasti sɛ̃]	0.0
old_church_slavic	borzdà	[brazda]	[brazda]	0.0
old_church_slavic	směxъ	[smæxʊ]	[smæxʊ]	0.0
old_church_slavic	vьrěti	[vɪrɛ̃ʃtɛ̃]	[vɪræti]	0.45454545454545453
old_church_slavic	užasъ	[uʒasʊ]	[uʒasʊ]	0.0
old_church_slavic	stьdzà	[stɪd͡za]	[stɪzra]	0.3333333333333333
old_church_slavic	bě̄dìti	[bæditi]	[bæditi]	0.0
old_church_slavic	dalèkъ	[dalɛt͡ʃɛ]	[dalɛkʊ]	0.4
old_church_slavic	jьzpьrgnǫti	[ispr̩ɡnɔ̃ti]	[izbrʊɡnɔ̃ti]	0.23076923076923078
old_church_slavic	gǫ̀ba	[ɡɔ̃ba]	[ɡɔ̃ba]	0.0
old_church_slavic	pъlkъ	[pl̩kʊ]	[plʊkʊ]	0.14285714285714285
old_church_slavic	podòba	[pɔdɔba]	[pɔdɔba]	0.0
old_church_slavic	krỳti	[krɨti]	[krɨti]	0.0
old_church_slavic	sīdlò	[silɔ]	[silɔ]	0.0
old_church_slavic	mȏltъ	[mlatʊ]	[mlatʊ]	0.0
old_church_slavic	rìnǫti sę	[rinɔ̃ʃɛ̃ sɛ̃]	[rinɔ̃ti sɛ̃]	0.21428571428571427
old_church_slavic	krinica	[krinit͡sɔ̃]	[krinit͡sa]	0.16666666666666666
old_church_slavic	gȏstь	[ɡɔstɛmʊ]	[ɡɔstɪ]	0.3333333333333333
old_church_slavic	jьgrati	[iɡrati]	[iɡrati]	0.0
old_church_slavic	gybati	[ɡɨbati]	[ɡɨbati]	0.0
old_church_slavic	stàti	[stati]	[stati]	0.0
old_church_slavic	melti	[mlæti]	[mlæti]	0.0
old_church_slavic	kvisti	[t͡svisti]	[kvisti]	0.3
old_church_slavic	ostrovъ	[ɔstrɔvʊ]	[ɔstrɔvʊ]	0.0
old_church_slavic	pl̨ūtjè	[pʎuʃta]	[pʎut͡ʃa]	0.3333333333333333
old_church_slavic	sěděti	[sædæti]	[sædæti]	0.0
old_church_slavic	tvȃrь	[tvarɪ]	[tvarɪ]	0.0
old_church_slavic	jùgъ	[juɡʊ]	[juɡʊ]	0.0
old_church_slavic	perdъ	[prædʊ]	[prædʊ]	0.0
old_church_slavic	sęgti sę	[prisɛ̃ʃti sɛ̃]	[sɛ̃ʃti sɛ]	0.26666666666666666
old_church_slavic	kȃlъ	[kalʊ]	[kalʊ]	0.0
old_church_slavic	vъzprę̀dnǫti	[vʊsprɛ̃nɔ̃ti]	[vʊzpɛ̃tʊ]	0.42857142857142855
old_church_slavic	kòrsta	[krasta]	[krasta]	0.0
old_church_slavic	pętъ	[pɛ̃tʊ]	[pɛ̃tʊ]	0.0
old_church_slavic	otjutiti	[ɔʃtutiti]	[ɔt͡ʃætiti]	0.36363636363636365
old_church_slavic	tь̏nьkъ	[tʊnʊt͡ʃajɛ]	[tɪnʊkʊ]	0.5833333333333334
old_church_slavic	osъ̀tъ	[ɔsʊtʊ]	[ɔsʊtʊ]	0.0
old_church_slavic	gъ̑rdъ	[ɡr̩dʊ]	[ɡr̩da]	0.14285714285714285
old_church_slavic	pasti	[pasti]	[pasti]	0.0
old_church_slavic	pozdьnъ	[pɔzdɪnʊ]	[pɔznʊ]	0.2222222222222222
old_church_slavic	niže	[ni ʒɛ]	[niʒɛ]	0.14285714285714285
old_church_slavic	sluti	[sluti]	[sluti]	0.0
old_church_slavic	rỳdlo	[rýlɔ]	[rɨlɔ]	0.16666666666666666
old_church_slavic	tvь̑rdъ	[tvr̩dʊ]	[tvr̩dʊ]	0.0
old_church_slavic	òlni	[alʊnii]	[alani]	0.25
old_church_slavic	grobъ	[ɡrɔbʊ]	[ɡrɔbʊ]	0.0
old_church_slavic	klìcati	[klit͡sati]	[klit͡sati]	0.0
old_church_slavic	voinъ	[vɔi]	[vɔinʊ]	0.2857142857142857
old_church_slavic	nǫ̀dja	[nɔ̃ʒda]	[nɔ̃ʒit͡ʃa]	0.36363636363636365
old_church_slavic	kàjati sę	[kajati sɛ̃]	[kajati sɛ̃]	0.0
old_church_slavic	tъ	[tʊ]	[tʊ]	0.0
old_church_slavic	sъlàti	[sʊlati]	[sʊlati]	0.0
old_church_slavic	vȅčerъ	[vɛt͡ʃɛrʊ]	[vɛt͡ʃɛrʊ]	0.0
old_church_slavic	zь̀rno	[zr̩nɔ]	[zr̩nɔ]	0.0
old_church_slavic	požerti	[pɔʒræti]	[pɔʒræti]	0.0
old_church_slavic	mȃstь	[mastɪ]	[mastɪ]	0.0
old_church_slavic	dě̀lo	[dælɔ]	[dælæ]	0.16666666666666666
old_church_slavic	prosterti	[prɔstræti]	[prɔstræ]	0.18181818181818182
old_church_slavic	brьvъnò	[brɪvɪnɔ]	[brʊvnɔ]	0.2222222222222222
old_church_slavic	otъlěkъ	[ɔtʊlækʊ]	[ɔtʊlækʊ]	0.0
old_church_slavic	sъ	[sʊ]	[sʊ]	0.0
old_church_slavic	ploskъ	[plɔskʊ]	[plɔskʊ]	0.0
old_church_slavic	sǫ	[sɔ̃]	[sɔ̃]	0.0
old_church_slavic	bo	[bɔ]	[bɔ]	0.0
old_church_slavic	kokošь	[kɔkɔʃɪ]	[kɔkɔʃɪ]	0.0
old_church_slavic	òsmь	[ɔsmɪ]	[ɔsmɪ]	0.0
old_church_slavic	ògn̨ь	[ɔɡnɪ]	[ɔɡɲɛ]	0.3333333333333333
old_church_slavic	koprъ	[kɔprʊ]	[kɔprʊ]	0.0
old_church_slavic	rỳti	[rɨti]	[rɨti]	0.0
old_church_slavic	svinьjà	[svinija]	[svinɪjɛ]	0.2222222222222222
old_church_slavic	klęčati	[klɛ̃t͡ʃɛ̃ʃta]	[klɛ̃t͡ʃati]	0.2857142857142857
old_church_slavic	màslo	[maslɔ]	[masalɔ]	0.125
old_church_slavic	l̨utъ	[ʎutʊ]	[ʎutʊ]	0.0
old_church_slavic	bě́lъ	[bælʊ]	[bæla]	0.16666666666666666
old_church_slavic	cě̑lъ	[t͡sælʊ]	[t͡sæla]	0.125
polish	mȃstь	[ˈmaɕt͡ɕ]	[ˈmaɕt͡ɕ]	0.0
polish	sivъjь	[ˈɕivɨ]	[ˈɕivɨ]	0.0
polish	luska	[ˈwuska]	[ˈwuska]	0.0
polish	trǫdъ	[ˈtrɔnt]	[ˈtrut]	0.25
polish	kòn̨ь	[ˈkɔɲ]	[ˈkɔɲ]	0.0
polish	bojь	[ˈbuj]	[ˈbuj]	0.0
polish	elenь	[ˈjɛlɛɲ]	[ˈlɛɲɛɲ]	0.25
polish	kopъtъ	[ˈkɔpʲɛt͡ɕ]	[ˈkɔpt]	0.36363636363636365
polish	ògn̨ь	[ˈɔɡʲɛɲ]	[ˈɔɡɲɛ]	0.25
polish	jьkrà	[ˈikra]	[ˈikra]	0.0
polish	orě̀xъ	[ˈɔʐɛx]	[ˈɔʐɛx]	0.0
polish	krotъjь	[ˈkrɛntɨ]	[ˈkrɔtɨ]	0.2222222222222222
polish	polxъjь	[ˈpwɔxɨ]	[ˈpwɔxɨ]	0.0
polish	mȇdъ	[ˈmʲut]	[ˈmʲɛt]	0.14285714285714285
polish	lovìti	[ˈwɔvʲit͡ɕ]	[ˈwɔvʲit͡ɕ]	0.0
polish	gъrbъ	[ˈɡarp]	[ˈɡarp]	0.0
polish	čarъ	[ˈt͡ʂar]	[ˈt͡ʂar]	0.0
polish	dužьjь	[ˈduʐɨ]	[ˈduʐɨ]	0.0
polish	ězъ	[ˈjas]	[ˈjas]	0.0
polish	vȏzъ	[ˈvus]	[ˈvus]	0.0
polish	slìva	[ˈɕlʲiva]	[ˈɕlʲiva]	0.0
polish	l̨ȗdьje	[ˈlud͡ʑɛ]	[ˈlud͡ʑɛ]	0.0
polish	sětь	[ˈɕɛt͡ɕ]	[ˈɕɛt͡ɕ]	0.0
polish	rę̑dъ	[ˈʐɔnt]	[ˈʐat]	0.2857142857142857
polish	òrdlo	[ˈradwɔ]	[ˈradwɔ]	0.0
polish	svě̄tjà	[ˈɕfʲɛt͡sa]	[ˈɕfʲat͡ɕ]	0.2727272727272727
polish	lь̑nъ	[ˈlɛn]	[ˈlʲan]	0.2857142857142857
polish	sъlàti	[ˈswat͡ɕ]	[ˈswat͡ɕ]	0.0
polish	kǫ́tъ	[ˈkɔnt]	[ˈkɔŋt]	0.14285714285714285
polish	grǫziti	[ˈɡrɔ̃ʐɨt͡ɕ]	[ˈɡrɔʑit͡ɕ]	0.25
polish	vьlgъkъjь	[ˈvʲilɡʲi]	[ˈvʲiwkʲi]	0.2
polish	zijati	[ˈʑat͡ɕ]	[ˈʑijat͡ɕ]	0.2
polish	bostì	[ˈbuɕt͡ɕ]	[ˈbɔɕt͡ɕ]	0.1111111111111111
polish	mьn̨eje	[ˈmɲɛj]	[ˈmɲɛjɛ]	0.125
polish	rỳti	[ˈrɨt͡ɕ]	[ˈrɨt͡ɕ]	0.0
polish	rȏgъ	[ˈruk]	[ˈruk]	0.0
polish	sъsàti	[ˈssat͡ɕ]	[ˈssat͡ɕ]	0.0
polish	ězda	[ˈjazda]	[ˈjazda]	0.0
polish	mǫ̑žь	[ˈmɔ̃ʂ]	[ˈmɔ̃ʂ]	0.0
polish	palъka	[ˈpawka]	[ˈpawka]	0.0
polish	sьrna	[ˈsarna]	[ˈʂarna]	0.125
polish	aviti	[ˈjavʲit͡ɕ]	[ˈjavʲit͡ɕ]	0.0
polish	kypě̀ti	[ˈkʲipʲɛt͡ɕ]	[ˈkʲipʲt͡ɕ]	0.08333333333333333
polish	golěnь	[ˈɡɔlɛɲ]	[ˈɡɔlɛɲ]	0.0
polish	pèlva	[ˈplɛva]	[ˈplʲava]	0.2222222222222222
polish	pustìti	[ˈpuɕt͡ɕit͡ɕ]	[ˈpuɕɕt͡ɕ]	0.23076923076923078
polish	drobìti	[ˈdrɔbʲit͡ɕ]	[ˈdrɔbʲit͡ɕ]	0.0
polish	vьrtě̀ti	[ˈvʲɛrt͡ɕit͡ɕ]	[ˈvʲɛrt͡ɕɛt͡ɕ]	0.07142857142857142
polish	tỳlъ	[ˈtɨw]	[ˈtɨw]	0.0
polish	kȏlsъ	[ˈkwɔs]	[ˈkwɔs]	0.0
polish	bridъkъjь	[ˈbʐɨtkʲi]	[ˈbʐɨtkʲi]	0.0
polish	xoldьnъjь	[ˈxwɔdnɨ]	[ˈxwnadnɨ]	0.2
polish	brusьnica	[bruʂˈɲit͡sa]	[bruʑˈɲit͡sa]	0.07692307692307693
polish	krasti	[ˈkraɕt͡ɕ]	[ˈkraɕt͡ɕ]	0.0
polish	gadati	[ˈɡadat͡ɕ]	[ˈɡadat͡ɕ]	0.0
polish	slȍvo	[ˈswɔvɔ]	[ˈswɔva]	0.125
polish	tęgati	[ˈt͡ɕɔŋɡat͡ɕ]	[ˈt͡ɕɔŋɡat͡ɕ]	0.0
polish	obьtjьjь	[ˈɔpt͡sɨ]	[ˈɔbt͡ɕɛɲ]	0.4
polish	kādìti	[ˈkad͡ʑit͡ɕ]	[ˈkad͡ʑit͡ɕ]	0.0
polish	pǫ́tь	[ˈpɔɲt͡ɕ]	[ˈpɔɲt͡ɕ]	0.0
polish	dě̀lo	[ˈd͡ʑɛwɔ]	[ˈd͡ʑawɔ]	0.1111111111111111
polish	durьnъjь	[ˈdurnɨ]	[ˈdurnɨ]	0.0
polish	sǫ́dъ	[ˈsɔnt]	[ˈsɔnɔwt]	0.2222222222222222
polish	pьkъlo	[ˈpʲɛkwɔ]	[ˈpʲɛkwɔ]	0.0
polish	kъlъ	[ˈkʲɛw]	[ˈkuw]	0.2857142857142857
polish	nukati	[ˈnukat͡ɕ]	[ˈnukat͡ɕ]	0.0
polish	paxnǫti	[ˈpaxnɔɲt͡ɕ]	[ˈpaxnɔɲt͡ɕ]	0.0
polish	olkomъjьjь	[waˈkɔmɨ]	[waˈkɔmɨ]	0.0
polish	mъnogъjь	[ˈmnɔɡʲi]	[ˈmnɔɡʲi]	0.0
polish	vertenò	[vʐɛˈt͡ɕɔnɔ]	[vʲɛˈʐtɔ̃]	0.5
polish	nasъ	[ˈnas]	[ˈnas]	0.0
polish	pǫ̀to	[ˈpɛntɔ]	[ˈpɛnɔ]	0.125
polish	sy̑nъ	[ˈsɨn]	[ˈsɨn]	0.0
polish	lopàta	[wɔˈpata]	[ˈwɔpata]	0.2222222222222222
polish	bosъjь	[ˈbɔsɨ]	[ˈbɔsɨ]	0.0
polish	olbodà	[lɛˈbʲɔda]	[ˈwɔbɔd]	0.5
polish	ledva	[ˈlɛdvɔ]	[ˈlɛdva]	0.125
polish	mě̑sìti	[ˈmʲɛɕit͡ɕ]	[ˈmʲɛɕit͡ɕ]	0.0
polish	kvȃsъ	[ˈkfas]	[ˈkvas]	0.14285714285714285
polish	kysati	[ˈkʲisat͡ɕ]	[ˈkʲisat͡ɕ]	0.0
polish	pь̑nь	[ˈpʲɛɲ]	[ˈpʲɛɲ]	0.0
polish	klęčati	[ˈklɛnt͡ʂɛt͡ɕ]	[ˈklɛt͡ʂɛt͡ɕ]	0.07142857142857142
polish	edlà	[ˈjɔdwa]	[ˈjɛwdɔw]	0.4444444444444444
polish	sъxnǫti	[ˈsxnɔɲt͡ɕ]	[ˈsxnɔɲt͡ɕ]	0.0
polish	rebrò	[ˈʐɛbrɔ]	[ˈʐɛbrɔ]	0.0
polish	tesъ	[ˈt͡ɕɔs]	[ˈt͡ɕɔs]	0.0
polish	kỳla	[ˈkʲiwa]	[ˈkʲiwa]	0.0
polish	erъjь	[ˈjarɨ]	[ˈjariː]	0.25
polish	kòrsta	[ˈkrɔsta]	[ˈkrɔsta]	0.0
polish	divъ	[ˈd͡ʑif]	[ˈd͡ʑiv]	0.125
polish	oldi	[ˈwut͡ɕ]	[ˈwɔd͡ʑi]	0.4444444444444444
polish	bolnъ	[ˈblɛn]	[ˈbwɔn]	0.2857142857142857
polish	gně̀vъ	[ˈɡɲɛf]	[ˈɡɲɛvʲi]	0.3333333333333333
polish	otъ	[ˈɔt]	[ˈwɔt]	0.16666666666666666
polish	kašьlь	[ˈkaʂɛl]	[ˈkaʂɛl]	0.0
polish	nǫ̀dja	[ˈnɛnd͡za]	[ˈnɔɲd͡ʑa]	0.3
polish	perkъ	[ˈpʂɛkɔ]	[ˈpʲʂʂka]	0.3333333333333333
polish	klekъtati	[ˈklɛktat͡ɕ]	[klɛˈkʲtat͡ɕ]	0.23076923076923078
polish	gromada	[ɡrɔˈmada]	[ɡrɔˈmada]	0.0
polish	obuti	[ˈɔbut͡ɕ]	[ˈɔbut͡ɕ]	0.0
polish	lazъ	[ˈwas]	[ˈwas]	0.0
polish	dē̌žà	[ˈd͡ʑɛʐa]	[ˈd͡ʑɛʐa]	0.0
polish	sunǫti	[ˈsunɔɲt͡ɕ]	[ˈsunɔɲt͡ɕ]	0.0
polish	bȏrgъ	[ˈbruk]	[ˈbruk]	0.0
polish	xvórstъ	[ˈxrust]	[ˈxɔrɕt͡ɕ]	0.5
polish	golemъjь	[ɡɔˈlɛmɨ]	[ˈɡɔlɛmɨ]	0.2222222222222222
polish	malъjь	[ˈmawɨ]	[ˈmawɨ]	0.0
polish	plàkati	[ˈpwakat͡ɕ]	[ˈwakat͡ɕ]	0.09090909090909091
polish	xȏldъ	[ˈxwut]	[ˈxwut]	0.0
polish	dětę	[ˈd͡ʑɛt͡ɕɛ]	[ˈd͡ʑɛt͡ɕ]	0.09090909090909091
polish	klasti	[ˈkwaɕt͡ɕ]	[ˈkwaɕt͡ɕ]	0.0
polish	po	[ˈpɔ]	[ˈpɔ]	0.0
polish	kъn	[ˈku]	[ˈk]	0.2
polish	medvě̀dь	[ˈmʲɛd͡ʑvʲɛt͡ɕ]	[ˈmʲɛd͡ʑfʲ]	0.3333333333333333
polish	perdъ	[ˈpʂɛt]	[ˈprut]	0.2857142857142857
polish	vьrsta	[ˈvrstfa]	[ˈvʲaʐtt͡ɕ]	0.5454545454545454
polish	mogtь	[ˈmɔt͡s]	[ˈmut͡s]	0.125
polish	bòrti sę	[ˈbrut͡ɕ ɕɛ]	[ˈbrɔt͡ɕ ɕɛ]	0.08333333333333333
polish	bȇrgъ	[ˈbʐɛk]	[ˈbʐɛrk]	0.125
polish	glьjь	[ˈɡlɛj]	[ˈɡwɨj]	0.2857142857142857
polish	nȏsъ	[ˈnɔs]	[ˈnɔs]	0.0
polish	bȏlь	[ˈbul]	[ˈbul]	0.0
polish	volkà	[ˈvwuka]	[ˈvwɔka]	0.125
polish	pāxàti	[ˈpaxat͡ɕ]	[ˈpaxat͡ɕ]	0.0
polish	krъvьnъjь	[ˈkrɛvnɨ]	[ˈkrɛvnɨ]	0.0
polish	vortìti	[ˈvrut͡ɕit͡ɕ]	[ˈvrɔt͡ɕit͡ɕ]	0.07692307692307693
polish	sìto	[ˈɕitɔ]	[ˈɕitɔ]	0.0
polish	bo	[ˈbɔ]	[ˈbu]	0.2
polish	lъbъ	[ˈwɛp]	[ˈwɛp]	0.0
russian	grubъjь	[ˈɡrubɨj]	[ˈɡrubɨj]	0.0
russian	māxàti	[mɐˈxatʲ]	[mɐˈxatʲ]	0.0
russian	prę̀dnǫti	[ˈprʲanʊtʲ]	[ˈprʲadnʊtʲ]	0.08333333333333333
russian	vòrna	[vɐˈronə]	[vɐˈronə]	0.0
russian	pȏtъ	[ˈpot]	[ˈpot]	0.0
russian	otjutiti sę	[ɐt͡ɕʉˈtʲit͡sːə]	[ɐt͡ɕɪˈsʲt͡sːə]	0.1875
russian	pьkъlo	[ˈpʲeklə]	[ˈpʲɪklɔ]	0.2222222222222222
russian	mьrziti	[mʲɪrˈzʲitʲ]	[mʲɪrˈza]	0.3333333333333333
russian	svьrběti	[svʲɪrˈbʲetʲ]	[svʲɪrˈbʲetʲ]	0.0
russian	debelъjь	[dʲɪˈbʲelɨj]	[dʲɪˈbʲɵlɨj]	0.08333333333333333
russian	tesla	[tʲɪsˈla]	[tʲɪsˈla]	0.0
russian	žьltъjь	[ˈʐoltɨj]	[ˈʐɵltɨj]	0.1111111111111111
russian	glístъ	[ˈɡlʲist]	[ˈɡlʲistʲ]	0.1
russian	jьkrà	[ɪˈkra]	[jɪˈkra]	0.125
russian	glupъjь	[ˈɡlupɨj]	[ˈɡlupʲɪj]	0.2
russian	vòl̨a	[ˈvolʲə]	[ˈvolʲə]	0.0
russian	elъkъjь	[ˈjɵlkʲɪj]	[ˈjalkʲɪj]	0.1
russian	toliti	[ʊtɐˈlʲitʲ]	[tɐˈlʲitʲ]	0.09090909090909091
russian	žьrny	[ˈʐornəf]	[ˈʐɛrnə]	0.2222222222222222
russian	lě̑sъ	[ˈlʲes]	[ˈlʲes]	0.0
russian	tvȃrь	[ˈtvarʲ]	[ˈtvar]	0.125
russian	dьrba	[dʲɪrˈba]	[dʲɪrˈba]	0.0
russian	drъžati	[drɐˈʐatʲ]	[drɐˈʐatʲ]	0.0
russian	klìknǫti	[ˈklʲiknʊtʲ]	[ˈklʲiknʊtʲ]	0.0
russian	mȏstъ	[ˈmost]	[ˈmost]	0.0
russian	pešьjь	[ˈpʲeʂɨj]	[ˈpʲeʂɨj]	0.0
russian	otъ	[ˈot]	[ˈot]	0.0
russian	pȍl̨e	[ˈpolʲe]	[ˈpolʲɪ]	0.125
russian	lubъjь	[lʲʊˈboj]	[ˈlʲubɨj]	0.4444444444444444
russian	ȏlsь	[ˈlosʲ]	[ˈlosʲ]	0.0
russian	dȍma	[ˈdomə]	[ˈdomə]	0.0
russian	nura	[ˈnurə]	[ˈnurə]	0.0
russian	slỳšati	[ˈslɨʂətʲ]	[ˈslɨʂətʲ]	0.0
russian	kỳla	[kʲɪˈla]	[ˈkʲilə]	0.5
russian	nùdja	[ˈnuʐə]	[ˈnuʐɨdʲə]	0.3
russian	strьženь	[ˈstrʲeʐɨnʲ]	[ˈstrʲeʐɨnʲ]	0.0
russian	lě̀zti	[ˈlʲesʲtʲ]	[ˈlʲesʲtʲ]	0.0
russian	būčàti	[bʊˈt͡ɕætʲ]	[bʊˈt͡ɕatʲ]	0.09090909090909091
russian	černь	[ˈt͡ɕerʲɪnʲ]	[ˈt͡ɕɪrʲɪnʲ]	0.08333333333333333
russian	četverъ	[ˈt͡ɕetvʲɪrə]	[ˈt͡ɕetfʲɪr]	0.15384615384615385
russian	orbòta	[rɐˈbotə]	[rɐˈbotə]	0.0
russian	murъjь	[ˈmurɨj]	[ˈmurɨj]	0.0
russian	gumьnò	[ɡʊˈmno]	[ɡʲɪˈmʲonə]	0.45454545454545453
russian	bylьje	[bɨˈlʲjɵ]	[ˈbʲilʲje]	0.4
russian	mèrža	[mʲɪˈrʲeʐə]	[mʲɪˈrʲeʐə]	0.0
russian	vъnùkъ	[ˈvnuk]	[vɐˈnuk]	0.375
russian	orьmò	[ɐrʲˈmo]	[rʲɪˈmo]	0.25
russian	pèlva	[pɐˈlovə]	[pɐˈlʲɵvə]	0.2
russian	tekъ	[ˈtʲɵk]	[ˈtʲɵk]	0.0
russian	živìca	[ʐɨˈvʲit͡sə]	[ʐɨˈvʲit͡sə]	0.0
russian	sǫ́dъ	[ˈsut]	[ˈsut]	0.0
russian	kysьlъjь	[ˈkʲislɨj]	[ˈkʲislɨj]	0.0
russian	čàjati	[ˈt͡ɕæjɪtʲ]	[ˈt͡ɕajɪtʲ]	0.09090909090909091
russian	krotъjь	[krʊˈtoj]	[krɐˈtoj]	0.1111111111111111
russian	žьdàti	[ˈʐdatʲ]	[ʐɨˈdatʲ]	0.3333333333333333
russian	kortъkъjь	[kɐˈrotkʲɪj]	[kɐˈrotkʲɪj]	0.0
russian	bě̄dìti	[bʲɪˈdʲitʲ]	[bʲɪˈdʲitʲ]	0.0
russian	pìti	[ˈpʲitʲ]	[ˈpʲitʲ]	0.0
russian	česno	[t͡ɕɪsˈnok]	[ˈt͡ɕɪsnə]	0.36363636363636365
russian	vьrěti	[ˈvrʲetʲ]	[ˈvrʲetʲ]	0.0
russian	vȋdъ	[ˈvʲit]	[ˈvʲit]	0.0
russian	orbiti	[ˈrobʲɪtʲɪ]	[rɐˈbʲitʲ]	0.45454545454545453
russian	blъxà	[blɐˈxa]	[blɐˈxa]	0.0
russian	ščítъ	[ˈɕːit]	[ˈɕːʂt]	0.14285714285714285
russian	plotъ	[ˈplot]	[ˈplot]	0.0
russian	krotiti	[krɐˈtʲitʲ]	[krɐˈtʲitʲ]	0.0
russian	junъjь	[ˈjunɨj]	[jʊˈnoj]	0.5
russian	žerbьjь	[ˈʐrʲebʲɪj]	[ˈʐarʲɪj]	0.36363636363636365
russian	rebrò	[rʲɪˈbro]	[rʲɪˈro]	0.1111111111111111
russian	obora	[ɐˈborə]	[ɐbɐˈrorə]	0.3
russian	bǫbьnъ	[ˈbubʲɪn]	[ˈbubnə]	0.3333333333333333
russian	tęgati	[tʲɪˈɡatʲ]	[tʲɪˈɡʲetʲ]	0.18181818181818182
russian	pь̀rstъ	[ˈpʲɪrst]	[ˈpʲerstʲ]	0.2
russian	pь̑rxъ	[ˈpʲerx]	[ˈpʲerx]	0.0
russian	soltina	[səlɐˈtʲinə]	[səlɐtʲɪˈno]	0.3333333333333333
russian	kopa	[kɐˈpa]	[kɐˈpa]	0.0
russian	gnestì	[ɡnʲɪˈsʲtʲi]	[ɡnʲɪˈsʲtʲi]	0.0
russian	l̨ȗdъ	[ˈlʲut]	[ˈlʲʉt]	0.14285714285714285
russian	gòrxъ	[ɡɐˈrox]	[ˈɡorəx]	0.5
russian	nejęsytь	[nʲɪˈjasɨtʲ]	[nʲɪˈst͡ɕɪ]	0.5
russian	cě̄nìti	[t͡sɨˈnʲitʲ]	[t͡sɨˈnʲitʲ]	0.0
russian	glògъ	[ˈɡlok]	[ˈɡlok]	0.0
russian	libavъjь	[lʲʊˈbavɨj]	[lʲɪˈbavɨj]	0.09090909090909091
russian	drǫ́kъ	[ˈdruk]	[ˈdruk]	0.0
russian	puxnǫti	[ˈpuxnʊtʲ]	[ˈpuxnʊtʲ]	0.0
russian	krъvьnъjь	[ˈkrovnɨj]	[ˈkrɨvnʲɪj]	0.2727272727272727
russian	kolo	[kəlʲɪˈso]	[kɐˈlo]	0.5
russian	lǫ̑gъ	[ˈluk]	[ˈluk]	0.0
russian	nedǫ̀gъ	[nʲɪˈduk]	[nʲɪˈdok]	0.1111111111111111
russian	xȏdъ	[ˈxot]	[ˈxot]	0.0
russian	pȏrxъ	[ˈporəx]	[ˈporəx]	0.0
russian	dȗxъ	[ˈdux]	[ˈdux]	0.0
russian	kara	[ˈkarə]	[kɐˈra]	0.5714285714285714
russian	ȅsenь	[ˈɛsʲɪnʲ]	[ˈjɛsʲɪnʲ]	0.1
russian	prǫglo	[ˈpruɡlə]	[ˈprʲɵl]	0.3333333333333333
russian	ȇdlь	[ˈjelʲ]	[ˈjelʲ]	0.0
russian	mȋgъ	[ˈmʲik]	[ˈmʲik]	0.0
russian	orě̀xъ	[ɐˈrʲex]	[ˈrʲex]	0.125
russian	pъtъka	[ˈpotkə]	[ˈpotkə]	0.0
russian	olьxa	[ɐlʲˈxa]	[ˈlolxə]	0.5
russian	na	[ˈna]	[ˈna]	0.0
russian	děvìca	[dʲɪˈvʲit͡sə]	[dʲɪˈvʲit͡sə]	0.0
russian	osmъjь	[vɐsʲˈmoj]	[ˈsomɨj]	0.5
russian	ȍlovo	[ˈoləvə]	[ˈoləvə]	0.0
russian	kòlda	[kɐˈlodə]	[kɐˈladə]	0.1111111111111111
russian	drъžь	[ˈdroʂ]	[ˈdroʂt͡ɕ]	0.3
russian	byvati	[bɨˈvatʲ]	[bɨˈvatʲ]	0.0
russian	kuka	[ˈkukə]	[ˈkukə]	0.0
russian	bȁsn̨a	[ˈbasʲnʲə]	[ˈbasʲəsə]	0.2
russian	vysь	[ˈvɨsʲ]	[ˈvɨsʲ]	0.0
russian	nogà	[nɐˈɡa]	[nɐˈɡa]	0.0
russian	bridь	[ˈbrɨt]	[ˈbrʲitʲ]	0.3333333333333333
russian	govьnò	[ɡɐvˈno]	[ɡɐvˈnʲjn]	0.3
russian	ęčati	[jɪˈt͡ɕætʲ]	[jɪˈt͡ɕætʲ]	0.0
russian	ězda	[ɪzˈda]	[ˈjazdə]	0.625
russian	mižati	[ˈmʐatʲ]	[mʲɪˈʐatʲ]	0.4
russian	pàǭkъ	[pɐˈuk]	[ˈpakək]	0.5
russian	arьmò	[jɪrˈmo]	[jarʲɪˈmo]	0.3
russian	nìtь	[ˈnʲitʲ]	[ˈnʲitʲ]	0.0
russian	nosìti	[nɐˈsʲitʲ]	[nɐˈsʲitʲ]	0.0
russian	mokrъjь	[ˈmokrɨj]	[ˈmokrɨj]	0.0
russian	gnusiti	[ɡnʊˈsʲitʲ]	[ɡnʊˈsʲtʲi]	0.18181818181818182
russian	manǫti	[mɐˈnutʲ]	[ˈmanʊtʲ]	0.4444444444444444
russian	volžiti	[vəlɐˈʐɨtʲ]	[vəlɐˈʐɨtʲ]	0.0
russian	dalь	[ˈdalʲ]	[ˈdalʲ]	0.0
russian	a	[ˈa]	[ˈja]	0.2
russian	korenь	[ˈkorʲɪnʲ]	[kɐˈrʲenʲ]	0.4
russian	dęglь	[ˈdʲæɡʲɪlʲ]	[ˈdʲaɡʲɪlʲ]	0.09090909090909091
russian	edìnъ	[ɐˈdʲin]	[ɐˈdʲin]	0.0
russian	prosějati	[prɐˈsʲejɪtʲ]	[prɐˈsʲatʲ]	0.23076923076923078
russian	brìti	[ˈbrʲitʲ]	[ˈbrʲitʲ]	0.0
russian	moldъjь	[məlɐˈdoj]	[mɐˈlodɨj]	0.5
russian	zębnǫti	[ˈzʲabnʊtʲ]	[zʲɪbnʊtʲ]	0.18181818181818182
russian	klětь	[ˈklʲetʲ]	[ˈklʲetʲ]	0.0
russian	slabъjь	[ˈslabɨj]	[ˈslabɨj]	0.0
russian	kaznь	[ˈkazʲnʲ]	[ˈkoznʲ]	0.2222222222222222
russian	dalekъjь	[dɐˈlʲɵkʲɪj]	[daˈlʲakʲɪj]	0.16666666666666666
russian	lǫ̑kъ	[ˈluk]	[ˈluk]	0.0
russian	žьrьcь	[ˈʐrʲet͡s]	[ˈʐɛrt͡s]	0.3
russian	žìti	[ˈʐɨtʲ]	[ˈʐɨtʲ]	0.0
russian	krasti	[ˈkrasʲtʲ]	[ˈkrasʲtʲ]	0.0
russian	vodà	[vɐˈda]	[vɐˈda]	0.0
russian	naustiti	[nəʊˈsʲtʲitʲ]	[nəˈsʲtʲitʲ]	0.07692307692307693
russian	luščiti	[lʊˈɕːitʲ]	[lʊˈt͡ɕʉtʲ]	0.36363636363636365
russian	onutja	[ɐˈnut͡ɕə]	[ɐnʊˈtʲɵrətʲ]	0.6153846153846154
russian	perti	[pʲɪˈrʲetʲ]	[ˈpʲerʲɪt]	0.45454545454545453
russian	bridъkъjь	[ˈbrʲitkʲɪj]	[ˈbrʲitkʲɪj]	0.0
russian	dunǫti	[ˈdunʊtʲ]	[ˈdunʊtʲ]	0.0
russian	tьnьkъjь	[ˈtonkʲɪj]	[ˈtʲenkʲɪj]	0.18181818181818182
russian	dūšà	[dʊˈʂa]	[dʊˈɡa]	0.14285714285714285
russian	ě̀to	[ˈjat]	[ˈjatə]	0.14285714285714285
russian	blě̑skъ	[ˈblʲesk]	[ˈblʲesk]	0.0
russian	stỳdnǫti	[ˈstɨnʊtʲ]	[ˈstɨnʊtʲ]	0.0
russian	dętelъ	[ˈdʲætʲɪl]	[ˈdʲatʲɪlʲ]	0.18181818181818182
russian	čędъ	[ˈt͡ɕadə]	[ˈt͡ɕætʲ]	0.3333333333333333
russian	grьměti	[ɡrʲɪˈmʲetʲ]	[ˈɡrʲmʲɪtʲ]	0.3333333333333333
russian	zòrdъ	[zɐˈrot]	[zɐˈrot]	0.0
russian	l̨utiti sę	[lʲʉˈtʲit͡sːə]	[lʲʉˈtʲit͡sːə]	0.0
slovak	drě̄màti	[ˈdrjɛmac]	[ˈdrjɛmac]	0.0
slovak	vìděti	[ˈvidec]	[ˈvidɛc]	0.125
slovak	lǫ̑gъ	[ˈɫux]	[ˈɫux]	0.0
slovak	lȏvъ	[ˈɫɔw]	[ˈɫɔw]	0.0
slovak	gàdъ	[ˈɦat]	[ˈɦadiː]	0.375
slovak	vę̄zàti	[ˈvjazac]	[ˈvaːzac]	0.2222222222222222
slovak	znàti	[ˈznac]	[ˈznac]	0.0
slovak	làjati	[ˈɫaːc]	[ˈɫac]	0.14285714285714285
slovak	kara	[ˈkaːra]	[ˈkara]	0.125
slovak	pekti	[ˈpjet͡sʲc]	[ˈpjɛt͡s]	0.2727272727272727
slovak	orkỳta	[ˈrakita]	[ˈrɔkkiː]	0.4444444444444444
slovak	kūrìti	[ˈkuːric]	[ˈkuric]	0.1111111111111111
slovak	vъnùkъ	[ˈʋnuk]	[ˈvnuk]	0.14285714285714285
slovak	xvorъ	[ˈxɔriː]	[ˈxɔriː]	0.0
slovak	desetъjь	[ˈɟɛsjati]	[ˈɟɛsta]	0.3
slovak	sь̑rdьce	[ˈsr̩t͡sɛ]	[ˈsr̩t͡sɛ]	0.0
slovak	ȅzerъ	[ˈjazɛrɔ]	[ˈjɛzɛrɔ]	0.1111111111111111
slovak	morъ	[ˈmɔr]	[ˈmɔr]	0.0
slovak	ògn̨ь	[ˈɔɦɛɲ]	[ˈɔɦɛɲ]	0.0
slovak	kl̨ùka	[ˈkʎuka]	[ˈkʎuka]	0.0
slovak	golěnь	[ˈɦɔlɛɲ]	[ˈɦɔʎɛɲ]	0.125
slovak	glěnъ	[ˈɦʎɛn]	[ˈɦʎɛn]	0.0
slovak	sětь	[ˈsjet]	[ˈsɛc]	0.42857142857142855
slovak	kyslъ	[ˈkisliː]	[ˈkisɫɔ]	0.3333333333333333
slovak	brъzda	[ˈbr̩zda]	[ˈbr̩zda]	0.0
slovak	òlkomъ	[ˈɫakɔmiː]	[ˈɫakɔmiː]	0.0
slovak	stojati	[ˈstaːc]	[ˈstac]	0.125
slovak	jь̑go	[ˈjɦɔ]	[ˈɦɔ]	0.16666666666666666
slovak	xabъ	[ˈxabiː]	[ˈxabiː]	0.0
slovak	zaverti	[ˈzaʋrjɛc]	[ˈzavrjec]	0.2
slovak	trudъ	[ˈtrut]	[ˈtrut]	0.0
slovak	měniti	[ˈmjenic]	[ˈmɛɲic]	0.3333333333333333
slovak	bogàtъ	[ˈbɔɦatiː]	[ˈbɔɦat]	0.2
slovak	tȗrъ	[ˈtur]	[ˈtur]	0.0
slovak	sъxnǫti	[ˈsxnuːci]	[ˈsxnuːc]	0.1
slovak	kòža	[ˈkɔʒa]	[ˈkwɔʒa]	0.125
slovak	nȏsъ	[ˈnos]	[ˈnɔs]	0.16666666666666666
slovak	gńìda	[ˈɦɲida]	[ˈɦɲida]	0.0
slovak	osmъjь	[ˈwosmi]	[ˈuːsmi]	0.25
slovak	sadìti	[ˈsadic]	[ˈsaɟic]	0.125
slovak	olbodà	[ˈɫɔbɔda]	[ˈɫɔbɔda]	0.0
slovak	jьlъ	[ˈiːl]	[ˈiɫ]	0.3333333333333333
slovak	bìti	[ˈbic]	[ˈbijic]	0.25
slovak	brьvъnò	[ˈbr̩vnɔ]	[ˈbr̩vnɔ]	0.0
slovak	àma	[ˈjama]	[ˈjama]	0.0
slovak	žę̀tva	[ˈʒatva]	[ˈʒatvat]	0.1111111111111111
slovak	nekъto	[ˈɲjɛktɔ]	[ˈɲɛɛktɔ]	0.1111111111111111
slovak	čȇrvo	[ˈt͡ʃrɛvɔ]	[ˈt͡ʃrɛvɔ]	0.0
slovak	bě̄dà	[ˈbjeda]	[ˈbjɛda]	0.125
slovak	kòlъ	[ˈkwol]	[ˈkwɔɫ]	0.2857142857142857
slovak	tǫ̑gъ	[ˈtuɦiː]	[ˈtux]	0.375
slovak	pìti	[ˈpic]	[ˈpic]	0.0
slovak	bě̑sъ	[ˈbɛs]	[ˈbɛs]	0.0
slovak	ȍlkъtь	[ˈɫakɔt]	[ˈɫakɔt]	0.0
slovak	pǫčati	[ˈput͡ʃac]	[ˈput͡ʃac]	0.0
slovak	kǫsati	[ˈkuːsac]	[ˈkuːsac]	0.0
slovak	gně̄zdò	[ˈɦɲjɛzdɔ]	[ˈɦɲjɛzda]	0.1
slovak	petъjь	[ˈpjati]	[ˈpjeti]	0.125
slovak	tajìti	[ˈtajic]	[ˈtajic]	0.0
slovak	čęstъ	[ˈt͡ʃastiː]	[ˈt͡ʃastiː]	0.0
slovak	cě̄nà	[ˈt͡sɛna]	[ˈt͡sjana]	0.2
slovak	vòrna	[ˈvrana]	[ˈvrana]	0.0
slovak	greti	[ˈɦrjepsc]	[ˈɦrjac]	0.3
slovak	mȋgъ	[ˈmix]	[ˈmix]	0.0
slovak	tręsti	[ˈtrjasc]	[ˈtrjasc]	0.0
slovak	vъtorъkъ	[ˈutɔrɔk]	[ˈftɔriː]	0.3333333333333333
slovak	gabati	[ˈɦabac]	[ˈɦabac]	0.0
slovak	cè̌sta	[ˈt͡sɛsta]	[ˈt͡sesta]	0.1
slovak	blě̑dъ	[ˈblɛdiː]	[ˈblɛt]	0.3333333333333333
slovak	ȏlsь	[ˈɫɔs]	[ˈɫɔs]	0.0
slovak	pъlkъ	[ˈpɫuk]	[ˈpɫ̩k]	0.14285714285714285
slovak	koterъ	[ˈkɔcɛriː]	[ˈkɔtɛr]	0.3
slovak	natь	[ˈnat]	[ˈnat]	0.0
slovak	nestì	[ˈɲjɛst]	[ˈnɛst]	0.25
slovak	pě̀na	[ˈpɛna]	[ˈpɛna]	0.0
slovak	čel̨adь	[ˈt͡ʃɛɫʲjac]	[ˈt͡ʃɛɫɟɛɟ]	0.3333333333333333
slovak	sě̀nь	[ˈsjeɲ]	[ˈsjɛɲ]	0.14285714285714285
slovak	vodà	[ˈvɔda]	[ˈvɔda]	0.0
slovak	grę̑znǫti	[ˈɦrjaznuc]	[ˈɦraznuːc]	0.18181818181818182
slovak	drъ̏vo	[ˈdr̩vɔ]	[ˈdr̩viː]	0.2222222222222222
slovak	gonìti	[ˈɦɔɲic]	[ˈɦɔnic]	0.125
slovak	gospodinъ	[ˈɦɔspɔɟin]	[ˈɦɔspɔɟin]	0.0
slovak	mamiti	[ˈmamic]	[ˈmamic]	0.0
slovak	bydlo	[ˈbidɫɔ]	[ˈbidɫɔ]	0.0
slovak	klěščiti	[ˈkʎɛʃtic]	[ˈklɛʃcɪc]	0.3
slovak	čarъ	[ˈt͡ʃar]	[ˈt͡ʃar]	0.0
slovak	ě̀snъ	[ˈjasniː]	[ˈjasniː]	0.0
slovak	spě̀ti	[ˈspjec]	[ˈspjec]	0.0
slovak	orě̀xъ	[ˈɔrɛx]	[ˈɔrɛx]	0.0
slovak	melkò	[ˈmʎɛkɔ]	[ˈmɫ̩kɔ]	0.25
slovak	kaziti	[ˈkazic]	[ˈkazic]	0.0
slovak	do	[ˈdɔ]	[ˈdɔ]	0.0
slovak	pь̀sъ	[ˈpɛs]	[ˈpɔs]	0.16666666666666666
slovak	pȏtъ	[ˈpɔt]	[ˈpɔt]	0.0
slovak	sȏlь	[ˈsol]	[ˈswɔʎ]	0.42857142857142855
slovak	děti	[ˈɟɛci]	[ˈdjɛci]	0.25
slovak	lъžь	[ˈɫɔʃ]	[ˈlɛʃ]	0.3333333333333333
slovak	kaliti	[ˈkalic]	[ˈkalit]	0.125
slovak	berstъ	[ˈbrɛst]	[ˈbrɛst]	0.0
slovak	těsnъ	[ˈcɛsniː]	[ˈcɛsniː]	0.0
slovak	gȍlǫbь	[ˈɦɔɫup]	[ˈɦɫuːbiː]	0.5
slovak	glàdъkъ	[ˈɦɫatkiː]	[ˈɦɫadakiː]	0.18181818181818182
slovak	mьlčàti	[ˈmɫ̩t͡ʃac]	[ˈmɫ̩t͡ʃcc]	0.09090909090909091
slovak	bȏsъ	[ˈbɔsiː]	[ˈbɔs]	0.25
slovak	žìti	[ˈʒic]	[ˈʒic]	0.0
slovak	gńìti	[ˈɦɲic]	[ˈɦɲic]	0.0
slovak	ǭtròba	[ˈuːtrɔba]	[ˈutrɔba]	0.1
slovak	mě̑sìti	[ˈmjɛsic]	[ˈmɛsic]	0.1111111111111111
slovak	gỳnǫti	[ˈɦinuːc]	[ˈɦinuːc]	0.0
slovak	dětę	[ˈɟjɛca]	[ˈɟɛc]	0.25
slovene	slàbъ	[slâp]	[slâːp]	0.14285714285714285
slovene	nȃgъ	[nâːk]	[nâːk]	0.0
slovene	mǫ́drъ	[mǒːdər]	[mǒːdər]	0.0
slovene	gromada	[ɡrɔmǎːda]	[ɡrɔmǎːda]	0.0
slovene	gumьnò	[ɡǔːmno]	[ɡǔːmno]	0.0
slovene	strujà	[strǔːja]	[strǔːja]	0.0
slovene	sь̑rdьce	[sərt͡sêː]	[sə̂rt͡sɛ]	0.3
slovene	kurъ	[kûr]	[kûːr]	0.16666666666666666
slovene	mě̄zgà	[měːzɡa]	[měːzɡa]	0.0
slovene	vь̑lkъ	[ʋɔ̂ːʋk]	[ʋɔ̂ːɫk]	0.125
slovene	kašьlь	[kǎːʃəl]	[kâːʃəw]	0.25
slovene	bьčelà	[bʃt͡ʃêːla]	[pt͡ʃɛ̌ːla]	0.36363636363636365
slovene	kl̨učiti	[kljǔːt͡ʃiti]	[klǔːt͡ʃiti]	0.07692307692307693
slovene	bàviti sę	[bǎːʋiti sɛ]	[bǎːʋiti sɛ]	0.0
slovene	studènъ	[studɛ̌n]	[stǔːdɛn]	0.3333333333333333
slovene	minǫti	[minǐːti]	[mǐːniti]	0.4444444444444444
slovene	měniti	[měːniti]	[měːniti]	0.0
slovene	jьmę	[imêː]	[imɛ]	0.3333333333333333
slovene	zelьje	[zěːljɛ]	[zɛlêː]	0.5
slovene	medvě̀dь	[mɛ̌ːdʋ]	[mɛdʋêːt]	0.5555555555555556
slovene	černъ	[t͡ʃrêːn]	[t͡ʃrêːn]	0.0
slovene	lugъ	[lûːk]	[lûːk]	0.0
slovene	čęstъ	[t͡ʃěːsto]	[t͡ʃêːst]	0.2
slovene	plě̑šь	[plêːʃ]	[plêːʃ]	0.0
slovene	gruda	[ɡrǔːda]	[ɡrǔːda]	0.0
slovene	ęti	[jěːti]	[jěːti]	0.0
slovene	mě̑xъ	[mêːx]	[mêːx]	0.0
slovene	desetъjь	[dɛsěːti]	[dɛsɛ̌ːti]	0.2
slovene	pьrga	[pə̌rɡa]	[pə̌ːrɡa]	0.1111111111111111
slovene	vòrna	[ʋrǎːna]	[ʋrǎːna]	0.0
slovene	nȏktь	[nôːt͡ʃ]	[nôːt]	0.25
slovene	načęti	[nat͡ʃěːti]	[nat͡ʃěːti]	0.0
slovene	melti	[mlěːti]	[mlěːti]	0.0
slovene	nestì	[nɛ̌ːsti]	[nɛ̌ːsti]	0.0
slovene	lože	[lǒːʒɛ]	[lɔ̌ːʒɛ]	0.25
slovene	kъxati	[kâːxati]	[kəxǎːti]	0.4444444444444444
slovene	nogъtь	[nôːxət]	[nɔ̂kət]	0.375
slovene	ako	[âko]	[akôː]	0.5
slovene	pràvъ	[prâʋ]	[prâːʋ]	0.14285714285714285
slovene	porti	[prǎːti]	[prǎːti]	0.0
slovene	prídъ	[prît]	[prîːt]	0.14285714285714285
slovene	mèčь	[mɛ̂t͡ʃ]	[mêːt͡ʃ]	0.25
slovene	vьrtě̀ti	[ʋərtěːti]	[ʋə̌ːrtejeti]	0.38461538461538464
slovene	molь	[mɔ̂l]	[môːw]	0.5
slovene	sǫ́dъ	[sǒːt]	[sɔ̃ːt]	0.2857142857142857
slovene	mestì	[mɛ̌ːsti]	[mɛ̌ːsti]	0.0
slovene	pl̨ūtjè	[pljǔːt͡ʃa]	[plǔːt͡ʃɛ]	0.18181818181818182
slovene	krǫglъ	[krǒːɡəw]	[krǒːɡəw]	0.0
slovene	pìtja	[pǐːt͡ʃa]	[pǐːt͡ʃa]	0.0
slovene	globati	[ɡlǒːbati]	[ɡlɔ̌ːbati]	0.18181818181818182
slovene	četỳre	[ʃtǐːrjɛ]	[t͡ʃɛtěːti]	0.6363636363636364
slovene	žàba	[ʒǎːba]	[ʒâːb]	0.2857142857142857
slovene	rě̄kà	[rěːka]	[rěːka]	0.0
slovene	orbòta	[rabôːta]	[rabɔˈta]	0.2222222222222222
slovene	bȏgъ	[bôːk]	[bôːk]	0.0
slovene	rę̑dъ	[rêːt]	[rêːt]	0.0
slovene	gǫžь	[ɡǒːʃ]	[ɡǒːʃ]	0.0
slovene	čerpati	[t͡ʃrěːpati]	[t͡ʃerěːti]	0.25
slovene	vermę	[ʋrɛ̌ːmɛ]	[ʋrɛ̌ːmɛ]	0.0
slovene	pȗstъ	[pûːst]	[pûːst]	0.0
slovene	kozьlъ	[kɔ̌ːzəw]	[kɔ̌ːzəw]	0.0
slovene	tesla	[tɛ̌ːsla]	[tɛ̌ːsla]	0.0
slovene	l̨utъ	[ljûːt]	[ljûːt]	0.0
slovene	bojati sę	[bɔjǎːti sɛ]	[bɔjǎːtiti]	0.25
slovene	blǫ̑dъ	[blôːt]	[blôːt]	0.0
slovene	dòrga	[drǎːɡa]	[drǎːɡa]	0.0
slovene	kъn	[k]	[k]	0.0
slovene	drǫ́gъ	[drôːk]	[drôːk]	0.0
slovene	brìtva	[brîːtʋa]	[brǐːtʋa]	0.1111111111111111
slovene	brězgъ	[brêːsk]	[brêːsk]	0.0
slovene	spě̑xъ	[spêːx]	[spêːx]	0.0
slovene	kъrzno	[kə̌ːrznɔ]	[kə̌rzno]	0.2
slovene	gluma	[ɡlǔːma]	[ɡlǔːma]	0.0
slovene	vь̀rša	[ʋə̌ːrʃa]	[ʋə̌ːrʃa]	0.0
slovene	slỳšati	[slǐːʃati]	[slǐːʃati]	0.0
slovene	vьrěti	[ʋrěːti]	[ʋɛrěːti]	0.1111111111111111
slovene	blьščati	[blěːʃt͡ʃati]	[blə̌ːʃt͡ʃɛti]	0.21428571428571427
slovene	gъ̑rdъ	[ɡə̂ːrt]	[ɡə̂rt]	0.125
slovene	melkò	[mlěːko]	[mlěːko]	0.0
slovene	dojìti	[dɔjǐːti]	[dɔjǐːti]	0.0
slovene	sě̀mę	[sěːmɛ]	[sěːmɛ]	0.0
slovene	družìna	[druʒǐːna]	[druʒǐːna]	0.0
slovene	vьdovà	[ʋdôːʋa]	[ʋdǒːʋa]	0.125
slovene	sъporъ	[spɔ̂r]	[spɔ̂ːr]	0.125
slovene	boln̨a	[blǎːnja]	[blâːnja]	0.1111111111111111
slovene	lomìti	[lɔ̌ːmiti]	[lɔmǐːti]	0.4
slovene	voinъ	[ʋɔjnǐːk]	[ʋɔ̌ːna]	0.5555555555555556
slovene	tęti	[těːti]	[těːti]	0.0
slovene	ěrь	[jâːr]	[jâːr]	0.0
slovene	svekrъ	[sʋěːkər]	[sʋɛ̌ːkər]	0.2
slovene	koliko	[kǒːlikɔ]	[kɔlǐːko]	0.5555555555555556
slovene	māxàti	[mǎːxati]	[mǎːxati]	0.0
slovene	dojidlo	[dɔjǐːlo]	[dɔjˈso]	0.3333333333333333
slovene	krьnica	[kərnǐːt͡sa]	[kərnǐːt͡sa]	0.0
slovene	čitati	[t͡ʃǐːtati]	[t͡ʃǐːtati]	0.0
slovene	pь̀lnъ	[pɔ̂ːwn]	[pɔ̌ːwən]	0.2222222222222222
slovene	mȇdъ	[mêːt]	[mêːt]	0.0
slovene	malъkъ	[mâːlək]	[mǎːlk]	0.25
slovene	kydnǫti	[kǐːniti]	[kǐːniti]	0.0
slovene	ěrę	[jare]	[jarɛ]	0.16666666666666666
slovene	kъrnъ	[kə̂rn]	[kə̌ːrna]	0.3333333333333333
slovene	lъkno	[lɛkno]	[ləknɔ̌ː]	0.4444444444444444
slovene	ni	[nî]	[nî]	0.0
slovene	ěxati	[jâːxati]	[jěːxati]	0.1111111111111111
slovene	ǭtròba	[ɔtrɔ̌ːba]	[nɔtrôːb]	0.4
slovene	lǭkà	[lǒːka]	[lǒːka]	0.0
slovene	dertì	[drěːti]	[drěːti]	0.0
slovene	lě̑xà	[lěːxa]	[lěːxa]	0.0
slovene	měna	[měːna]	[měːna]	0.0
slovene	lǫ̑gъ	[lôːk]	[lôːk]	0.0
slovene	motriti	[mɔ̌ːtriti]	[mɔtrǐːti]	0.36363636363636365
slovene	medjà	[mɛ̌ːja]	[mɛ̌ːja]	0.0
slovene	osmъjь	[ǒːsmi]	[ɔ̂ːsmɔ]	0.375
slovene	lìti	[lǐːti]	[lǐːti]	0.0
slovene	petъjь	[pěːti]	[pɛ̌ːtja]	0.4444444444444444
slovene	lěnìvъ	[leniʋ]	[lěːniʋ]	0.25
slovene	doba	[dɔ̌ːba]	[dɔ̌ːba]	0.0
slovene	dъkti	[xt͡ʃîː]	[də̌ːkti]	0.7777777777777778
slovene	gāsìti	[ɡasǐːti]	[ɡǎːsiti]	0.4444444444444444
slovene	divь	[dǐːʋji]	[dîʋ]	0.5
slovene	tъ	[tâː]	[t]	0.4
slovene	dȗxъ	[dûːx]	[dûːx]	0.0
slovene	sъlojь	[slôj]	[slɔ̂ːj]	0.375
slovene	dě́lъ	[djal]	[děːw]	0.5
slovene	òlkomъ	[lǎːkɔm]	[lǎːkɔm]	0.0
slovene	lьněnъ	[lanêːn]	[lɛnêːn]	0.125
slovene	sě̀jati	[sejǎːti]	[sěːjati]	0.4444444444444444
slovene	l̨ūbìti	[ljǔːbiti]	[ljubǐːti]	0.4
slovene	dūšà	[dǔːʃa]	[dǔːʃa]	0.0
slovene	gъrkati	[ɡə̌rkati]	[ɡə̌ːrkati]	0.09090909090909091
slovene	droždža	[drɔʒjêː]	[drɔʒdâː]	0.2222222222222222
slovene	pozdъ	[pɔst]	[pɔ̂st]	0.14285714285714285
slovene	žę́dja	[ʒěːja]	[ʒêːd͡ʑa]	0.4444444444444444
slovene	ęčati	[jěːt͡ʃati]	[jěːt͡ʃati]	0.0
slovene	męti	[měːti]	[měːti]	0.0
slovene	ežь	[jěːʃ]	[jêːʃ]	0.16666666666666666
slovene	remy	[rɛ̌ːmɛn]	[rɛ̌ːmɛn]	0.0
slovene	l̨ubъ	[ljûːp]	[ljûːp]	0.0
slovene	orsti	[rǎːsti]	[rǎːsti]	0.0
slovene	pь̑rstь	[pə̂ːrst]	[pə̂ːrst]	0.0
slovene	cěvьnica	[t͡sêːʋnit͡sa]	[t͡seʋnʊ]	0.5
slovene	dȍma	[dɔmâː]	[dɔmâː]	0.0
slovene	dě̀va	[děːʋa]	[deːʋiti]	0.4444444444444444
slovene	čь̀rnъ	[t͡ʃə̌ːrn]	[t͡ʃə̌ːrna]	0.09090909090909091
slovene	nòžь	[nɔ̂ʃ]	[nɔ̂ːʃ]	0.14285714285714285
slovene	rębъkъ	[rêːp]	[rɛbəkʊ]	0.625
slovene	gǫžьva	[ɡǒːʒʋa]	[ɡɔ̌ːʒa]	0.375
ukrainian	obora	[ɔˈbɔrɐ]	[ɔbɔˈrɑ]	0.375
ukrainian	olnìta	[lɐˈnɪtɐ]	[ˈlɔnɐt͡sɐ]	0.5454545454545454
ukrainian	kǫtja	[ˈkut͡ʃɐ]	[ˈkut͡ʃka]	0.2
ukrainian	bordà	[bɔrɔˈdɑ]	[bɔrɔˈdɑ]	0.0
ukrainian	medjà	[meˈʒɑ]	[mʲiˈdʲijɐ]	0.6363636363636364
ukrainian	pàǭkъ	[pɐˈwuk]	[ˈpɑjɔn]	0.75
ukrainian	degъtь	[ˈdʲiɦɔtʲ]	[ˈdʲiɦtʲ]	0.1
ukrainian	sòmъ	[ˈsɔm]	[ˈsʲim]	0.2857142857142857
ukrainian	kȏlsъ	[ˈkɔlɔs]	[ˈkɔlɔs]	0.0
ukrainian	vȅčerъ	[ˈʋɛt͡ʃʲir]	[ˈwɛt͡ʃɛr]	0.2727272727272727
ukrainian	gognavъjь	[ɡuˈɡnɑwej]	[ɦɔɦnɐˈwen]	0.6363636363636364
ukrainian	orsti	[rɔˈstɪ]	[rɐˈsʲitʲ]	0.4
ukrainian	rǫ̑bъ	[ˈrub]	[ˈrʲip]	0.42857142857142855
ukrainian	grustь	[ˈɦrusʲtʲ]	[ˈɦrusʲtʲ]	0.0
ukrainian	osìna	[ɔˈsɪnɐ]	[ɔˈsʲinɐ]	0.2222222222222222
ukrainian	xȏdъ	[ˈxʲid]	[ˈxʲid]	0.0
ukrainian	vȏlkъ	[wɔˈlɔkɐ]	[ˈwɔlk]	0.4444444444444444
ukrainian	mъlva	[ˈmɔvɑ]	[ˈmɔwwɐ]	0.375
ukrainian	durь	[ˈdurʲ]	[ˈdurʲ]	0.0
ukrainian	blьščati	[blɪˈʃt͡ʃɑtʲi]	[ˈbɛbɐt͡ʃɐte]	0.5714285714285714
ukrainian	mъrky	[ˈmɔrkʋɐ]	[ˈmɔrkɪk]	0.2222222222222222
ukrainian	lъžь	[lɔˈʐlɛk]	[ˈlɛʒiː]	0.6666666666666666
ukrainian	netopyr̨ь	[netoˈpɪr]	[netɔˈpra]	0.3
ukrainian	gȏrdъ	[ˈɦɔrɔd]	[ˈɦɔrʲid]	0.2222222222222222
ukrainian	lěviti	[ˈlɛʋiti]	[lʲɪˈtɪi]	0.5555555555555556
ukrainian	bòlna	[boˈlɔnɐ]	[bɔlɔˈnɑ]	0.4444444444444444
ukrainian	teslò	[teˈslɔ]	[tʲiˈslɔ]	0.2222222222222222
ukrainian	sǫ̑kъ	[ˈsuk]	[ˈsuk]	0.0
ukrainian	murъjь	[mureˈj]	[ˈmʲirej]	0.4444444444444444
ukrainian	lasъjь	[ˈlɑsej]	[ˈlasej]	0.125
ukrainian	bliskati	[ˈblɪskɐtʲɪ]	[ˈbluskɐt͡s]	0.25
upper_sorbian	cě̄lìti	[ˈt͡sɨlit͡ʃ]	[ˈt͡sɨlʲit͡ʃ]	0.07692307692307693
upper_sorbian	brьna	[ˈbɔɐ̯nɔ]	[ˈbʀona]	0.4444444444444444
upper_sorbian	mě̀ra	[ˈmʲɪʀa]	[ˈmʲɪʀʲa]	0.1111111111111111
upper_sorbian	cě̄dìti	[ˈt͡sɨd͡ʒit͡ʃ]	[ˈt͡ʃɨd͡ʒit͡ʃ]	0.07142857142857142
upper_sorbian	jьměti	[ˈmʲɪt͡ʃ]	[ˈmʲɪt͡ʃ]	0.0
upper_sorbian	kry	[ˈkʀej]	[ˈkʀɨ]	0.2857142857142857
upper_sorbian	kȏlsъ	[ˈkʊs]	[ˈkwʊs]	0.14285714285714285
upper_sorbian	blekъ	[ˈblɛk]	[ˈblɪk]	0.14285714285714285
upper_sorbian	lěgati	[ˈlɪhat͡ʃ]	[ˈleɦt͡ʃɛt͡ʃ]	0.46153846153846156
upper_sorbian	lь̑nъ	[ˈlɛn]	[ˈlan]	0.16666666666666666
upper_sorbian	vȏrgъ	[ˈʀʊ]	[ˈʀʊ]	0.0
upper_sorbian	gȏldъ	[ˈwʊt]	[ˈwʊt]	0.0
upper_sorbian	teti	[ˈt͡ʃɛpat͡ʃ]	[ˈt͡ʃɛt͡ʃ]	0.16666666666666666
upper_sorbian	dvòrъ	[ˈdwʊɐ̯]	[ˈdvʊʀʲ]	0.375
upper_sorbian	ǫgorь	[ˈwuhɔɐ̯]	[ˈwusʊt͡ʃ]	0.5
upper_sorbian	medjà	[ˈmʲɛza]	[ˈmʲɛd͡za]	0.2
upper_sorbian	drobъ	[ˈdʀop]	[ˈdʀop]	0.0
upper_sorbian	dérnъ	[ˈdʀʲɪn]	[ˈdʀʲʊn]	0.125
upper_sorbian	dȇrvo	[ˈdʀʲɛwɔ]	[ˈdʀek]	0.4444444444444444
upper_sorbian	bě̄dà	[ˈbʲɪda]	[ˈbʲɪda]	0.0
upper_sorbian	bìti	[ˈbʲit͡ʃ]	[ˈbʲit͡ʃ]	0.0
upper_sorbian	bȏrъ	[ˈbʊɐ̯]	[ˈbʊʀʲa]	0.375
upper_sorbian	orlьja	[ˈʀɔla]	[ˈʀʊʀʲa]	0.375
upper_sorbian	gorno	[ˈʀɔnɔ]	[ˈɦʀɔnɔ]	0.125
upper_sorbian	vorta	[ˈʀɔta]	[ˈʀɔta]	0.0
