bcs	čàjati	[t͡ʃâjati]	[t͡ʃâjati]	0.0
bcs	lǫ̑gъ	[lûːɡ]	[lûːɡ]	0.0
bcs	kъrknǫti	[kr̂knuti]	[kr̂knuti]	0.0
bcs	bādàti	[bǎːdati]	[bǎːdati]	0.0
bcs	gǫ̑stъ	[ɡûːst]	[ɡûːst]	0.0
bcs	vixъrъ	[ʋîxaːr]	[ʋîːx]	0.375
bcs	loky	[lôkʋa]	[lôka]	0.14285714285714285
bcs	dva	[dʋâː]	[dʋâː]	0.0
bcs	čisti	[t͡ʃǐːsti]	[t͡ʃǐsti]	0.1
bcs	sovà	[sǒːʋa]	[sǒʋa]	0.14285714285714285
bcs	černъ	[t͡srên]	[t͡ʃrêːn]	0.2222222222222222
bcs	do	[dô]	[do]	0.25
bcs	dvьrь	[dʋari]	[dʋâːr]	0.42857142857142855
bcs	strǫkъ	[strûːk]	[strûːk]	0.0
bcs	ę̄drò	[jěːdro]	[jědro]	0.125
bcs	pě̀na	[pjêna]	[pjêna]	0.0
bcs	bě̀gati	[bjêɡati]	[bjěɡati]	0.1111111111111111
bcs	ȍlovo	[ôloʋo]	[ôloʋ]	0.14285714285714285
bcs	stàrъ	[stâːriː]	[stâːr]	0.2222222222222222
bcs	čьto	[ʃtô]	[t͡ʃto]	0.42857142857142855
bcs	bȏgъ	[bôːɡ]	[bôːɡ]	0.0
bcs	mьzdà	[mǎzda]	[mǎzda]	0.0
bcs	mъdьlьnъ	[mlêːdan]	[midalniː]	0.6
bcs	pętъ	[pêːtiː]	[pêːt]	0.25
bcs	krǫ̑gъ	[krûːɡ]	[krûːɡ]	0.0
bcs	lě̑xà	[lijěxa]	[lîja]	0.375
bcs	lȇdъ	[lêːd]	[lêːd]	0.0
bcs	plěsnь	[plîjesan]	[plîjesan]	0.0
bcs	matorъ	[mâtor]	[mâːtor]	0.125
bcs	lě̀to	[ʎêto]	[lîjeto]	0.5
bcs	sȃdъ	[sâːd]	[sâːd]	0.0
bcs	grajati	[ɡrâjati]	[ɡrǎjati]	0.1111111111111111
bcs	zь̀rno	[zr̂no]	[zr̂no]	0.0
bcs	gaditi	[ɡâditi]	[ɡǎːditi]	0.2222222222222222
bcs	šurь	[ʃûːra]	[zîːr]	0.42857142857142855
bcs	vodà	[ʋǒda]	[ʋǒda]	0.0
bcs	klìknǫti	[klîknuti]	[klîknuti]	0.0
bcs	kъlъ	[kâːl]	[kâː]	0.16666666666666666
bcs	xvórstъ	[xrâːst]	[xʋrâːst]	0.1111111111111111
bcs	kl̨učiti	[kʎǔt͡ʃiti]	[kʎut͡ʃiti]	0.09090909090909091
bcs	mǫ́drъ	[mǔːdar]	[mûːdar]	0.125
bcs	polsà	[plâsa]	[plǎːsa]	0.25
bcs	glę̀dati	[ɡlêdati]	[ɡlějedati]	0.2727272727272727
bcs	tȗkъ	[tûːk]	[tûːk]	0.0
bcs	vě̀ra	[ʋjêra]	[ʋjêra]	0.0
bcs	bȍršьno	[brâʃno]	[brâʃno]	0.0
bcs	ob	[o]	[o]	0.0
bcs	razoriti	[razǒriti]	[razǒriti]	0.0
bcs	oba	[ôba]	[oba]	0.2
bcs	bȏrvъ	[brâːʋ]	[brâːʋ]	0.0
bcs	ǫ́žь	[u]	[ûʒa]	0.6
bcs	korỳto	[kǒrito]	[kǒrato]	0.125
bcs	emešь	[jěmeʃ]	[jêmeʃ]	0.14285714285714285
bcs	bèrza	[brêza]	[brêza]	0.0
bcs	krotiti	[krǒtiti]	[krǒtiti]	0.0
bcs	nozdra	[nôzdra]	[nǒzdra]	0.125
bcs	edlà	[jěːla]	[jědla]	0.14285714285714285
bcs	jesìka	[jěsika]	[jěsika]	0.0
bcs	vę̀dnǫti	[ʋênuti]	[ʋěːnuti]	0.2222222222222222
bcs	jьmę	[îme]	[ime]	0.2
bcs	tìskati	[tîskati]	[tîskati]	0.0
bcs	sòlma	[slâma]	[slǎːma]	0.25
bcs	ęti	[jěːti]	[jěːti]	0.0
bcs	zidъ	[zîːd]	[zîd]	0.16666666666666666
bcs	sadìti	[sǎːditi]	[sǎditi]	0.1111111111111111
bcs	žuriti sę	[zǔːriti]	[ʒǔːriti]	0.1111111111111111
bcs	rȗdъ	[rûːd]	[rûːd]	0.0
bcs	drozdъ	[drôːzd]	[drôːz]	0.125
bcs	stojati	[stǎjati]	[st̂͡jati]	0.2
bcs	gověti	[ɡǒʋjeti]	[ɡǒʋjeti]	0.0
bcs	elenъ	[jělen]	[jlǎːn]	0.42857142857142855
bcs	emela	[ǐmela]	[jemela]	0.25
bcs	grę̑zь	[ɡrêːz]	[ɡrêːz]	0.0
bcs	kъto	[tkô]	[kto]	0.6
bcs	màkъ	[mâk]	[mâk]	0.0
bcs	nadъ	[nad]	[nâːda]	0.42857142857142855
bcs	gně̄zdò	[ɡnijězdo]	[ɡɲijězdo]	0.1
bcs	kolti	[klâti]	[klǎːti]	0.25
bcs	krasьnъ	[krâːsan]	[krâsan]	0.1111111111111111
bcs	rě̄kà	[rijěka]	[rijěka]	0.0
bcs	pìtja	[pît͡ɕa]	[pît͡ɕa]	0.0
bcs	goditi	[ɡǒditi]	[ɡǒditi]	0.0
bcs	vъn	[u]	[ʋ]	0.3333333333333333
bcs	gyža	[ɡîʒa]	[ɡîʒa]	0.0
bcs	prosìti	[prǒsiti]	[prǒsiti]	0.0
bcs	làska	[lâska]	[lâska]	0.0
bcs	oborъ	[ǒbor]	[ôbor]	0.16666666666666666
bcs	krotъkъ	[krôtak]	[krôt]	0.25
bcs	męsti	[měːsti]	[měːsti]	0.0
bcs	krupьnъ	[krǔːpan]	[krûːpan]	0.1111111111111111
bcs	sъsàti	[sâti]	[ssâti]	0.14285714285714285
bcs	sъporъ	[spôr]	[spôːr]	0.14285714285714285
bcs	čelověkъ	[t͡ʃǒʋjek]	[t͡ʃelojek]	0.2727272727272727
bcs	sěkti	[sjêt͡ɕi]	[sîjat͡ɕ]	0.3333333333333333
bcs	pȏtъ	[pôːt]	[pôːt]	0.0
bcs	dǭgà	[dǔːɡa]	[dǔːɡa]	0.0
bcs	globati	[ɡlǒbati]	[ɡlǒbati]	0.0
bcs	vъnùkъ	[ǔnuk]	[ʋnûːk]	0.42857142857142855
bcs	prȏstъ	[prôst]	[prôːst]	0.125
bcs	sě̀verъ	[sjêʋeːr]	[sjêʋeːr]	0.0
bcs	grivьna	[ɡrîːʋna]	[ɡrîʋna]	0.1111111111111111
bcs	niknǫti	[nîknuti]	[nîknuti]	0.0
bcs	vȃrъ	[ʋâːr]	[ʋâːr]	0.0
bcs	rъvàti sę	[řʋati]	[rʋâti se]	0.5
bcs	gorьkъ	[ɡǒːrak]	[ɡôrak]	0.25
bcs	bliskati sę	[blîskati se]	[blîskati sɛ]	0.07692307692307693
bcs	měna	[mijěna]	[mijěna]	0.0
bcs	mě̀dь	[mjêd]	[mjêd]	0.0
bcs	želza	[ʒlijězda]	[ʒlêza]	0.4
bcs	aščerъ	[jâster]	[jǎʃteːr]	0.3333333333333333
bcs	konьcь	[kǒnat͡s]	[kǒnat͡s]	0.0
bcs	klěšča	[klijěʃta]	[klijěʃta]	0.0
bcs	drǫ́kъ	[druk]	[drûːk]	0.2857142857142857
bcs	vermę	[ʋrijěme]	[ʋrijěme]	0.0
bcs	rǫ̑bъ	[ruːb]	[rûːb]	0.16666666666666666
bcs	tvȃrь	[tʋâːr]	[tʋâːr]	0.0
bcs	nȏsъ	[nôːs]	[nôːs]	0.0
bcs	ūstà	[ǔːsta]	[ǔsta]	0.14285714285714285
bcs	gvozdъ	[ɡʋôzd]	[ɡʋôːzd]	0.125
bcs	metàti	[mětati]	[mětati]	0.0
bcs	greti	[ɡrěpsti]	[ɡrêti]	0.3333333333333333
bcs	ěra	[jâra]	[jǎːra]	0.2857142857142857
bcs	groziti	[ɡrǒziti]	[ɡrǒziti]	0.0
bcs	tьma	[tǎːma]	[tǎːma]	0.0
bcs	gnȏjь	[ɡnôːj]	[ɡnôːj]	0.0
bcs	xȗdъ	[xûːd]	[xûːd]	0.0
bcs	pę̑stь	[pêst]	[pêːst]	0.14285714285714285
bcs	glīstà	[ɡlǐːsta]	[ɡlǐːsta]	0.0
bcs	blьščati sę	[blijěʃtati se]	[blǎːʃt͡ɕati]	0.5333333333333333
bcs	bьčelà	[pt͡ʃěla]	[bt͡ʃěla]	0.1111111111111111
bcs	mě̑sìti	[mijěsiti]	[mîjesiti]	0.2
bcs	gribati	[ɡribati]	[ɡrîbati]	0.1111111111111111
bcs	zęti	[zěːpsti]	[zěːpa]	0.3333333333333333
bcs	vъ	[u]	[ʋ]	0.3333333333333333
bcs	drě̄màti	[drijěmati]	[drijěːmati]	0.08333333333333333
bcs	bě̑sъ	[bîjes]	[bîjes]	0.0
bcs	sъpati	[spâti]	[spâti]	0.0
bcs	dьnьsь	[dǎnas]	[dân]	0.42857142857142855
bcs	tьlò	[tlô]	[tlâ]	0.2
bcs	nejęsytь	[nesit]	[nějesit]	0.2222222222222222
bcs	gojiti	[ɡǒjiti]	[ɡǒjiti]	0.0
bcs	klęčati	[klěːt͡ʃati]	[klet͡ʃati]	0.16666666666666666
bcs	dunǫti	[dǔːnuti]	[dǔːnuti]	0.0
bcs	gybati	[ɡǐːbati]	[ɡîbati]	0.2222222222222222
belarusian	bèrza	[bʲaˈroza]	[bʲraˈza]	0.3
belarusian	elъkъjь	[ˈjoɫkʲij]	[ˈjaskʲij]	0.2
belarusian	brę̀knǫti	[ˈbrʲaknut͡sʲ]	[brʲɪˈkonʊt͡s]	0.42857142857142855
belarusian	lemexъ	[ˈlʲemʲex]	[lʲaˈmʲex]	0.3
belarusian	kuka	[ˈkuka]	[ˈkuka]	0.0
belarusian	ǭtrò	[nuˈtro]	[ˈnut͡s]	0.5
belarusian	želza	[zaˈɫoza]	[ʐɨˈlʲaza]	0.5
belarusian	gabati	[ɣaˈbat͡sʲ]	[ˈɡabat͡sʲ]	0.2727272727272727
bulgarian	plàčǫ	[ˈpɫat͡ʃə]	[ˈpɫat͡ʃə]	0.0
bulgarian	dȅvętь	[dɛˈvɛti]	[ˈdɛvɛti]	0.2222222222222222
bulgarian	rekǫ	[rɛˈkɤ]	[rɛˈkɤ]	0.0
bulgarian	palьcь	[ˈpalɛt͡s]	[ˈpaɫɛt͡s]	0.1
bulgarian	krǫglъ	[kriˈɡɤɫ]	[ˈkrɤɡəɫ]	0.4444444444444444
bulgarian	tučьnъ	[ˈtut͡ʃɛn]	[ˈtut͡ʃɛn]	0.0
bulgarian	emešь	[ˈɛmɛʃ]	[ˈmɛmɛʃ]	0.125
bulgarian	lъžǫ̀	[ləˈʒa]	[ˈlɛʒə]	0.5714285714285714
bulgarian	sъ̀nъ	[ˈsɤn]	[ˈsɛn]	0.16666666666666666
bulgarian	poltьnò	[plɐtˈno]	[pɫɐˈtnɔ]	0.4444444444444444
bulgarian	korъ	[ˈkɔr]	[ˈkɔr]	0.0
bulgarian	lopàta	[loˈpatə]	[loˈpatə]	0.0
bulgarian	rūnò	[ˈruno]	[ruˈnɔ]	0.42857142857142855
bulgarian	līcè	[liˈt͡sɛ]	[ˈlit͡sɛ]	0.2222222222222222
bulgarian	ězda	[jəzˈda]	[ˈjɛzdə]	0.5
bulgarian	pętъ	[pɛˈti]	[ˈpɛti]	0.2857142857142857
bulgarian	cě̄nà	[t͡sɛˈna]	[t͡sɛˈna]	0.0
bulgarian	mǫ̀čǫ	[ˈmɛt͡ʃə]	[ˈmɛt͡ʃə]	0.0
bulgarian	mъlva	[mɐɫˈvɤ]	[mɤlˈva]	0.375
bulgarian	sъpl̨ǫ	[ˈspʲɤ]	[sˈpɔlʲ]	0.625
bulgarian	vòrna	[ˈvranə]	[ˈvranə]	0.0
bulgarian	klějь	[ˈklɛj]	[ˈklɛj]	0.0
bulgarian	nadъ	[ˈnat]	[ˈnat]	0.0
bulgarian	òrtajь	[ˈratəj]	[ˈrata]	0.25
bulgarian	sỳtъjь	[ˈsit]	[ˈsitij]	0.25
bulgarian	pri	[ˈpri]	[ˈpri]	0.0
bulgarian	bỳstrъ	[ˈbistər]	[ˈbistər]	0.0
bulgarian	perdъ	[ˈprɛt]	[ˈprʲat]	0.25
bulgarian	dьrzъkъ	[dərsəˈkra]	[ˈdrɤsk]	0.6363636363636364
bulgarian	dьržǫ	[dərˈʒa]	[ˈdrɛʒə]	0.5
bulgarian	stojǫ	[stoˈja]	[ˈstɔjə]	0.5
bulgarian	gāšǫ	[ɡɐˈsʲa]	[ˈɡaʃə]	0.75
bulgarian	korà	[koˈra]	[koˈra]	0.0
bulgarian	protivo	[proˈtif]	[proˈtivo]	0.2
bulgarian	bȁba	[ˈbabə]	[ˈbabə]	0.0
bulgarian	gȏstь	[ˈɡost]	[ˈɡɔst]	0.14285714285714285
bulgarian	porà	[ˈpɔrə]	[poˈra]	0.5714285714285714
bulgarian	trě̄và	[trɛˈva]	[trɛˈvɤ]	0.125
bulgarian	snъxà	[snɐˈxa]	[soˈxa]	0.25
bulgarian	sъ̏lnьce	[ˈslint͡sɛ]	[ˈslɤnt͡sɛ]	0.09090909090909091
bulgarian	nòžь	[ˈnɔʃ]	[ˈnɔʃ]	0.0
bulgarian	slàbъ	[ˈslap]	[ˈslap]	0.0
bulgarian	zmь̀jь	[ˈzmɛi]	[ˈzmɛʃ]	0.14285714285714285
bulgarian	sě̀mę	[ˈsɛmɛ]	[ˈsɛmɛ]	0.0
bulgarian	tesla	[tɛˈsla]	[tɛˈsla]	0.0
bulgarian	vodà	[voˈda]	[voˈda]	0.0
bulgarian	pȗstъ	[ˈpust]	[ˈpust]	0.0
bulgarian	debelъ	[dɛˈbɛl]	[dɛˈbɛli]	0.1111111111111111
bulgarian	dь̑nь	[ˈdɛn]	[ˈdɤr]	0.3333333333333333
bulgarian	čarodějь	[t͡ʃəɾoˈdɛj]	[t͡ʃərɔˈdɛj]	0.16666666666666666
bulgarian	mъknǫ	[ˈmɛknə]	[ˈmɤknə]	0.125
bulgarian	glàdъkъ	[ˈɡlatək]	[ˈɡlatək]	0.0
bulgarian	glěnь	[ˈɡlɛn]	[ˈɡlɛn]	0.0
bulgarian	pletjè	[ˈplɛʃti]	[plɛˈt͡ʃɛ]	0.5
bulgarian	pažǫ	[ˈpazʲə]	[pɐˈʒɤ]	0.625
bulgarian	pòrgъ	[ˈprak]	[ˈprak]	0.0
bulgarian	l̨ūbl̨ǫ̀	[ˈlʲubʲə]	[lʲiˈpalʲə]	0.5454545454545454
bulgarian	ȍlovo	[ˈɛləvo]	[ˈolovo]	0.25
bulgarian	svekrъ	[ˈsvɛkər]	[ˈsvɛk]	0.2222222222222222
bulgarian	vertenò	[vrɛˈtɛno̝]	[vrɛtɛˈnɔ]	0.36363636363636365
bulgarian	mirъ	[ˈmir]	[ˈmir]	0.0
bulgarian	pь̑nь	[ˈpɤn]	[ˈpɛn]	0.16666666666666666
bulgarian	pletǫ	[plɛˈtɤ]	[plɛˈtɤ]	0.0
bulgarian	gǫ̀ba	[ˈɡəbɐ]	[ˈɡɛbə]	0.2857142857142857
bulgarian	elbedь	[ˈlɛbɛt]	[ˈlabɛt]	0.125
bulgarian	zabordlo	[zɐˈbraɫo̝]	[zərˈbaɫo]	0.36363636363636365
bulgarian	sušǫ	[soˈʃa]	[ˈsuʃə]	0.5714285714285714
bulgarian	tęžъkъ	[ˈtɛʃək]	[ˈtɛʃək]	0.0
bulgarian	rỳjǫ	[ˈrijə]	[ˈrijə]	0.0
bulgarian	mě̀sęcь	[ˈmɛsɛt͡s]	[ˈmɛsɛt͡s]	0.0
bulgarian	borna	[brəˈna]	[ˈbranə]	0.5
bulgarian	žìca	[ˈʒit͡sə]	[ˈʒit͡sə]	0.0
bulgarian	kъrkati	[kəˈkati]	[kɤrˈkati]	0.2
bulgarian	dǭgà	[dəˈɡa]	[dɛˈɡa]	0.14285714285714285
bulgarian	dȅsętь	[dɛˈsɛti]	[dɛˈsɛti]	0.0
bulgarian	brusьnica	[bruˈsnit͡sə]	[bruˈnit͡sə]	0.07692307692307693
bulgarian	sijàjǫ	[siˈjajə]	[ˈsija]	0.4444444444444444
bulgarian	tvor̨ǫ	[tvoˈriti]	[ˈtvɔrʲə]	0.6
bulgarian	pèlva	[ˈplʲavə]	[ˈplɛvə]	0.2222222222222222
bulgarian	žьrьcь	[ˈʒrɛt͡s]	[ˈʒrɛt͡s]	0.0
bulgarian	topl̨ǫ	[toˈpʲa]	[toˈplʲa]	0.1111111111111111
bulgarian	vъn	[ˈvɤf]	[ˈvɤv]	0.16666666666666666
bulgarian	prídъ	[ˈpritət]	[ˈprit]	0.2222222222222222
bulgarian	kỳla	[ˈkʲilə]	[ˈkiɫə]	0.25
bulgarian	kòšь	[ˈkɔʃ]	[ˈkɔʃ]	0.0
bulgarian	mene	[ˈmɛnɛ]	[mɛˈnɛ]	0.2857142857142857
bulgarian	otъ	[ˈɔt]	[ˈɔt]	0.0
bulgarian	jьgràjǫ	[iˈɡrajə]	[ˈɡrajə]	0.1111111111111111
bulgarian	zmьjà	[zmiˈja]	[ˈzma]	0.5
bulgarian	korỳto	[koˈrito]	[koˈrito̝]	0.1
bulgarian	prošǫ̀	[ˈprɔsʲə]	[prɔˈʃʲa]	0.4444444444444444
bulgarian	kvě̑tъ	[ˈt͡svʲat]	[ˈkvɛt]	0.5
bulgarian	xabьnъ	[ˈxabn]	[ˈxabɛn]	0.125
bulgarian	vòlga	[ˈvɫaɡə]	[ˈvɫaɡə]	0.0
bulgarian	neže	[ˈnɛʒɛ]	[ˈnɛʒɛ]	0.0
bulgarian	pě̀na	[ˈpʲanə]	[ˈpɛnə]	0.25
church_slavic	xabiti	[xabiti]	[xabiti]	0.0
church_slavic	želěti	[ʒɛlæti]	[ʒɛlæti]	0.0
church_slavic	trǫtъ	[trutʊ]	[trɔ̃tʊ]	0.25
church_slavic	ęti	[jati]	[jɛ̃ti]	0.2857142857142857
church_slavic	gǫsti	[ɡɔ̃sti]	[ɡɔ̃sti]	0.0
church_slavic	kotьcь	[kɔtɪt͡sɪ]	[kɔtɪt͡sɪ]	0.0
church_slavic	občersti	[ɔt͡ʃræsti]	[ɔt͡ʃræsti]	0.0
church_slavic	kašьl̨ati	[kaʃɪʎati]	[kaʃɪʎati]	0.0
church_slavic	netopyr̨ь	[nɛtɔpɨrɪ]	[nɛtɔpɪrɨ]	0.2
church_slavic	strьžьnь	[strʊʒɪnɪ]	[strɪʒnɪ]	0.2
church_slavic	doblьjь	[dɔblii]	[dɔbli]	0.125
church_slavic	lękti	[lɛ̃ʃti]	[lɛ̃t͡ʃi]	0.3333333333333333
church_slavic	strъjь	[strʊi]	[str̩i]	0.14285714285714285
church_slavic	lędvьje	[lɛ̃dvijɛ]	[ʎadvijɛ]	0.3
church_slavic	dě́lъ	[dælʊ]	[dælʊ]	0.0
church_slavic	lȏjь	[lɔi]	[ˈlɔj]	0.3333333333333333
church_slavic	bǫbьnъ	[bubɛnʊ]	[bɔ̃bɪnʊ]	0.3333333333333333
church_slavic	polìca	[pɔlit͡sa]	[pɔlit͡sa]	0.0
church_slavic	bàjati	[bajati]	[bajati]	0.0
church_slavic	desiti	[dɛsiti]	[dɛsiti]	0.0
church_slavic	vozìti sę	[vɔziti sɛ̃]	[vɔziti sɛ̃]	0.0
church_slavic	sanь	[sanɪ]	[sanɪ]	0.0
church_slavic	ǫkotь	[ɔ̃kɔtɪ]	[ɔ̃kɔtɪ]	0.0
church_slavic	gatati	[ɡatati]	[ɡatati]	0.0
church_slavic	mȏzgъ	[mɔzɡʊ]	[mɔzɡʊ]	0.0
church_slavic	ǫ̀zlъ	[ɔ̃zlʊ]	[ɔ̃zlʊ]	0.0
church_slavic	polšiti	[plaʃiti]	[plaʃiti]	0.0
church_slavic	kukonosъ	[kukɔnɔsʊ]	[kukɔnɔsʊ]	0.0
church_slavic	mestì	[mɛsti]	[mɛsti]	0.0
church_slavic	žȅlǫdь	[ʒɛludɪ]	[ʒɛludɪ]	0.0
church_slavic	tàjati	[tajati]	[tajati]	0.0
church_slavic	krǫtiti sę	[krɔ̃titi sɛ̃]	[krɔ̃titi sɛ̃]	0.0
church_slavic	stьblò	[stɪblɔ]	[stɪblɔ]	0.0
church_slavic	kъšь	[kʊʃɪ]	[kʊʃ]	0.16666666666666666
church_slavic	duplьjь	[duplii]	[duplɨ]	0.25
church_slavic	pь̑nь	[pɪnɪ]	[pɪnɪ]	0.0
church_slavic	golotь	[ɡɔlɔtɪ]	[ɡɔlɔtʊ]	0.125
church_slavic	gyža	[ɡɨʒa]	[ɡɨʒa]	0.0
church_slavic	trǫdъ	[trɔ̃dʊ]	[trɔ̃dʊ]	0.0
church_slavic	belenъ	[bɛlɛnʊ]	[bɛlɛnʊ]	0.0
czech	mǫ̀ka	[ˈmuka]	[ˈmowka]	0.25
czech	volžiti	[ˈvlaʒɪt]	[ˈvlaʒɪt]	0.0
czech	jùgъ	[ˈjɪx]	[ˈjux]	0.16666666666666666
czech	bìdlo	[ˈbɪdlo]	[ˈbiːdlo]	0.2222222222222222
czech	mьn̨e	[ˈmɛːɲɛ]	[ˈmɛɲɛ]	0.125
czech	krǫtъ	[ˈkrutiː]	[ˈkrutiː]	0.0
czech	klějь	[ˈklɛj]	[ˈklɛj]	0.0
czech	sъxnǫti	[ˈsxnowt]	[ˈsxnowt]	0.0
czech	pę̑dь	[ˈpiːt]	[ˈpjɛt]	0.2857142857142857
czech	obolkъ	[ˈoblak]	[ˈoblak]	0.0
czech	mǭtìti	[ˈmowcɪt]	[ˈmowt]	0.2222222222222222
czech	gaditi	[ˈɦaɟɪt]	[ˈɦaɟɪt]	0.0
czech	brodìti	[ˈbroɟɪt]	[ˈbroɟɪt]	0.0
czech	mьn̨eje	[ˈmɛːɲɛ]	[ˈmɲɛʃɛ]	0.375
czech	i	[ˈɪ]	[ˈɪ]	0.0
czech	būdìti	[ˈbuɟɪt]	[ˈboɟɪt]	0.125
czech	lososь	[ˈlosos]	[ˈlosos]	0.0
czech	moltiti	[ˈmlaːcɪt]	[ˈmlacɪt]	0.1
czech	dobrъ	[ˈdobriː]	[ˈdobr̩]	0.2222222222222222
czech	prȏstъ	[ˈprostiː]	[ˈprost]	0.2
czech	tȏkъ	[ˈtok]	[ˈtok]	0.0
czech	dę̄snь	[ˈdaːsɛɲ]	[ˈɟasɛɲ]	0.2222222222222222
czech	krasьnъ	[ˈkraːsniː]	[ˈkraːsniː]	0.0
czech	poìti	[ˈpojɪt]	[ˈpiːt]	0.375
czech	dъva	[ˈdva]	[ˈdva]	0.0
czech	gnestì	[ˈɦɲiːst]	[ˈɦɲɛːst]	0.1111111111111111
czech	niknǫti	[ˈɲɪknowt]	[ˈnɪknowt]	0.1
czech	pъtákъ	[ˈptaːk]	[ˈptaːk]	0.0
czech	nogъtь	[ˈnɛɦɛt]	[ˈnoxt]	0.375
czech	dérnъ	[ˈdr̝iːn]	[ˈdr̝ɛn]	0.2222222222222222
czech	stě̀nь	[ˈsciːn]	[ˈstɛʃnɛ]	0.4444444444444444
czech	estь	[ˈjɛst]	[ˈjɛst]	0.0
czech	slȗxъ	[ˈslux]	[ˈslux]	0.0
czech	màslo	[ˈmaːslo]	[ˈmaslo]	0.1111111111111111
czech	mirъ	[ˈmiːr]	[ˈmɪr]	0.2857142857142857
czech	gorà	[ˈɦora]	[ˈɦora]	0.0
czech	dȇrvo	[ˈdr̝ɛvɔ]	[ˈdr̝ɛvo]	0.1111111111111111
czech	godina	[ˈɦoɟɪna]	[ˈɦoɟɪna]	0.0
czech	oriti	[ˈobor̝ɪt]	[ˈor̝ɪt]	0.2
czech	gńilъ	[ˈɦɲɪliː]	[ˈɦɲiːl]	0.3333333333333333
czech	kamy	[ˈkaːmɛn]	[ˈkamɪn]	0.2222222222222222
czech	myto	[ˈmiːto]	[ˈmɪto]	0.25
czech	vě̑no	[ˈvjɛno]	[ˈvjɛno]	0.0
czech	kòrsta	[ˈxraːsta]	[ˈkraːsta]	0.1
czech	gỳnǫti	[ˈɦɪnowt]	[ˈɦɪnowt]	0.0
czech	kūrìti	[ˈkowr̝ɪt]	[ˈkor̝ɪt]	0.1
czech	čuditi sę	[ˈt͡ʃuɟɪt]	[ˈt͡ʃuɟɪt sɛ]	0.23076923076923078
czech	velě̀ti	[ˈvɛlɛt]	[ˈvɛliːt]	0.2222222222222222
czech	golgolati	[ˈɦlaɦolat]	[ˈɦlaɦlat]	0.09090909090909091
czech	gǫ̑stъ	[ˈɦustiː]	[ˈɦustiː]	0.0
czech	akъjь	[ˈjakiː]	[ˈjak]	0.25
czech	kotìti sę	[ˈkocɪt sɛ]	[ˈkocɪt sɛ]	0.0
czech	spě̀ti	[ˈspjɛt]	[ˈspiːt]	0.25
czech	lokati	[ˈlokat]	[ˈlokat]	0.0
czech	tèrti	[ˈtr̝̊iːt]	[ˈtr̝̊iːt]	0.0
czech	sětь	[ˈsiːt]	[ˈsɛt]	0.2857142857142857
czech	gǫgnati	[ˈɦuɦɲat]	[ˈɦuɦnat]	0.1111111111111111
czech	grȏmъ	[ˈɦrom]	[ˈɦrom]	0.0
czech	sę̀gati	[ˈsaɦat]	[ˈstɛɦat]	0.2222222222222222
czech	dura	[ˈdura]	[ˈdura]	0.0
czech	vę̄zàti	[ˈvaːzat]	[ˈvazat]	0.1111111111111111
czech	gromada	[ˈɦromada]	[ˈɦroma]	0.2
czech	krojiti	[ˈkrojɪt]	[ˈkrojɪt]	0.0
czech	černь	[ˈtr̝̊ɛɲ]	[ˈt͡ʃɛr̝ɛn]	0.45454545454545453
czech	l̨utiti sę	[ˈliːcɪt sɛ]	[ˈliːt]	0.4166666666666667
czech	pě̀na	[ˈpjɛna]	[ˈpjɛna]	0.0
czech	krovъ	[ˈkrof]	[ˈkrow]	0.14285714285714285
czech	krě̀slo	[ˈkr̝̊ɛslo]	[ˈkr̝̊iːslo]	0.16666666666666666
czech	blě̑skъ	[ˈblɛsk]	[ˈblɛsk]	0.0
czech	bo	[ˈbo]	[ˈbo]	0.0
czech	droždžьje	[ˈdroʒɟiː]	[ˈdroʒɟiː]	0.0
czech	mьně	[ˈmɲɛ]	[ˈmɲɛː]	0.14285714285714285
czech	brьdnǫti	[ˈbr̝ɛdnowt]	[ˈbr̝̩dnowt]	0.08333333333333333
czech	grỳzti	[ˈɦriːst]	[ˈɦrɪst]	0.2222222222222222
czech	zьdь	[ˈzɛtʲ]	[ˈzdɛːt]	0.375
czech	žȋvъ	[ˈʒɪviː]	[ˈʒɪviː]	0.0
czech	ǫzъkъ	[ˈuːskiː]	[ˈusɛk]	0.4444444444444444
czech	znàti	[ˈznaːt]	[ˈznaːt]	0.0
czech	sanь	[ˈsaːɲɛ]	[ˈsaːɲ]	0.125
czech	bùr̨a	[ˈbowr̝ɛ]	[ˈbor̝a]	0.2222222222222222
czech	voskъ	[ˈvosk]	[ˈvosk]	0.0
czech	vy	[ˈvɪ]	[ˈvɪ]	0.0
czech	sьcati	[ˈst͡saːt]	[ˈst͡saːt]	0.0
czech	serdà	[ˈstr̝̊ɛda]	[ˈsr̝iːda]	0.2727272727272727
czech	dūrìti sę	[ˈdur̝iːt sa]	[ˈdor̝ɪt]	0.46153846153846156
czech	stàviti	[ˈstavɪt]	[ˈstavɪt]	0.0
czech	bagno	[ˈbaɦnɔ]	[ˈbaɦno]	0.125
czech	xromъ	[ˈxromiː]	[ˈxrom]	0.2222222222222222
czech	otъ	[ˈot]	[ˈot]	0.0
czech	dьržati	[ˈdr̩ʒɛt]	[ˈdr̩ʒat]	0.1111111111111111
czech	soxà	[ˈsoxa]	[ˈsoxa]	0.0
czech	kuča	[ˈkut͡ʃɛ]	[ˈkowt͡ʃɛ]	0.2
czech	mъnogъ	[ˈmnoɦiː]	[ˈmnoɦiː]	0.0
czech	netopyr̨ь	[ˈnɛtoˌpiːr]	[ˈnɛtopra]	0.3333333333333333
czech	mě̀ra	[ˈmiːra]	[ˈmɲɛra]	0.25
czech	vьlgъkъ	[ˈvl̩xkiː]	[ˈvl̩xkiː]	0.0
czech	ě̑rъ	[ˈjariː]	[ˈjariː]	0.0
czech	òlkomъjь	[ˈlakomiː]	[ˈlakomiː]	0.0
czech	velьkъ	[ˈvɛlkiː]	[ˈvɛlkiː]	0.0
czech	vъpìti	[ˈuːpjɛt]	[ˈvpɪːt]	0.4444444444444444
czech	pьzděti	[ˈbzɟiːt]	[ˈpzɟiːt]	0.1111111111111111
czech	làjati	[ˈlaːcɪ]	[ˈlaːt]	0.25
czech	pozdьnъ	[ˈpozdɲiː]	[ˈpozɟɛn]	0.4
czech	zьrěti	[ˈzraːt]	[ˈzr̝iːt]	0.2222222222222222
czech	brusьnica	[ˈbrusɲɪt͡sɛ]	[ˈbrusnot͡sɛ]	0.15384615384615385
czech	lunà	[ˈluna]	[ˈluna]	0.0
czech	vьlnà	[ˈvl̩na]	[ˈvl̩na]	0.0
czech	sòrka	[ˈstraka]	[ˈsorka]	0.2222222222222222
czech	grivьna	[ˈɦr̝ɪvna]	[ˈɦr̝iːvna]	0.18181818181818182
czech	grozdьno	[ˈɦrozɛn]	[ˈɦruːznɔ]	0.4
czech	spě̑xъ	[ˈspjɛx]	[ˈspɛx]	0.125
czech	pȇlnъ	[ˈplɛn]	[ˈplɛn]	0.0
czech	būčàti	[ˈbut͡ʃɛt]	[ˈbowt͡ʃɛt]	0.18181818181818182
czech	blǭdìti	[ˈblowɟɪt]	[ˈblowɟɪt]	0.0
czech	elbedь	[ˈlabut]	[ˈlɛbɛt]	0.25
czech	mȍr̨e	[ˈmor̝ɛ]	[ˈmor̝ɛ]	0.0
czech	tajìti	[ˈtajiːt]	[ˈtajɪt]	0.2222222222222222
czech	nestì	[ˈnɛtopiːr]	[ˈɲɛːst]	0.6363636363636364
czech	želěti	[ˈʒɛlɛt]	[ˈʒɛlɛt]	0.0
czech	vȏzъ	[ˈvu]	[ˈvos]	0.3333333333333333
czech	lȇdъ	[ˈlɛt]	[ˈlɛt]	0.0
czech	nedǫ̀gъ	[ˈnɛdux]	[ˈnɛdwɛx]	0.2222222222222222
czech	kutiti	[ˈkucɪt]	[ˈkucɪt]	0.0
czech	dьlti	[ˈdl̩pst]	[ˈdliːt]	0.3333333333333333
czech	rǫ̑bъ	[ˈrup]	[ˈrup]	0.0
czech	poltьnò	[ˈplaːtno]	[ˈplatno]	0.1
czech	mъčati	[ˈmt͡ʃɛt]	[ˈmt͡ʃɛcɪ]	0.2
czech	krajь	[ˈkraj]	[ˈkrajɪ]	0.125
czech	nadъ	[ˈnat]	[ˈnat]	0.0
czech	měna	[ˈmɲɛna]	[ˈmɲɛna]	0.0
czech	doltò	[ˈdlaːto]	[ˈdlaːt]	0.1111111111111111
czech	trāvà	[ˈtraːva]	[ˈtraːva]	0.0
czech	nebogъ	[ˈnɛboɦiː]	[ˈnɛboɦiː]	0.0
czech	dǫ̀ti	[ˈdowt]	[ˈdowt]	0.0
czech	dȗxъ	[ˈdux]	[ˈdux]	0.0
czech	blekъ	[ˈblɛk]	[ˈblɛk]	0.0
czech	glìna	[ˈɦliːna]	[ˈɦlina]	0.1111111111111111
czech	ǫ̀glь	[ˈuɦɛl]	[ˈwowɦlɛ]	0.5555555555555556
lower_sorbian	bolnь	[ˈwɔnʲ]	[ˈblɔnʲ]	0.25
lower_sorbian	bě̄dà	[ˈbʲɪda]	[ˈbʲɪda]	0.0
lower_sorbian	lěgati	[ˈlʲɪɡaɕ]	[ˈlɛɡaɕ]	0.2222222222222222
lower_sorbian	gȍr̨e	[ˈɡɨrʲɛ]	[ˈɡɔrʲɛ]	0.125
lower_sorbian	blъxà	[ˈpxa]	[ˈbka]	0.3333333333333333
lower_sorbian	dē̌žà	[ˈʑɪʒa]	[ˈd͡ʑɛza]	0.4444444444444444
lower_sorbian	pętà	[ˈpata]	[ˈpɛta]	0.14285714285714285
lower_sorbian	naustiti	[ˈnahust͡ɕiɕ]	[ˈnast͡ɕiɕ]	0.15384615384615385
lower_sorbian	bèrza	[ˈbrʲaza]	[ˈbʲrɔza]	0.3333333333333333
lower_sorbian	sèdmь	[ˈsɛdɨm]	[ˈsɛdmʲi]	0.3333333333333333
lower_sorbian	osъ̀tъ	[ˈɔsɛt]	[ˈwɔst]	0.2857142857142857
lower_sorbian	bādàti	[ˈbadaɕ]	[ˈbadaɕ]	0.0
lower_sorbian	sě̀ti	[ˈsɛɕ]	[ˈsɛɕ]	0.0
old_church_slavic	pȗstъ	[pustʊ]	[pustʊ]	0.0
old_church_slavic	vъ	[vʊ]	[vʊ]	0.0
old_church_slavic	mȏstъ	[mɔstʊ]	[mɔstʊ]	0.0
old_church_slavic	tàjati	[tajati]	[tajati]	0.0
old_church_slavic	pòlmy	[plamɨ]	[plamɨ]	0.0
old_church_slavic	orz	[raz]	[raza]	0.16666666666666666
old_church_slavic	volstь	[vlastɪ]	[vlastɪ]	0.0
old_church_slavic	čùti	[t͡ʃuti]	[t͡ʃuti]	0.0
old_church_slavic	nebogъ	[nɛbɔɡʊ]	[nɛbɔɡʊ]	0.0
old_church_slavic	pь̑rstь	[pr̩stɪ]	[pr̩stijɔ̃]	0.36363636363636365
old_church_slavic	r̨uti	[rɛvɨ]	[rri]	0.5
old_church_slavic	pȍl̨e	[pɔʎɛ]	[pɔʎɛ]	0.0
old_church_slavic	čędь	[t͡ʃɛ̃dɪ]	[t͡ʃɛ̃dɪ]	0.0
old_church_slavic	ǭtròba	[ɔ̃trɔba]	[nɔ̃trɔ]	0.3333333333333333
old_church_slavic	kūrìti sę	[kuritʊ sɛ̃]	[kuriti sɛ̃]	0.08333333333333333
old_church_slavic	pręsti	[prɛ̃dɔ̃tʊ]	[prɛ̃sti]	0.36363636363636365
old_church_slavic	lemešь	[lɛmɛʃɪ]	[lɛmɛrɪ]	0.125
old_church_slavic	pri	[pri]	[pri]	0.0
old_church_slavic	sỳtъ	[sɨta]	[sɨtʊ]	0.16666666666666666
old_church_slavic	slàva	[slava]	[slava]	0.0
old_church_slavic	grěti	[ɡræjati]	[ɡræti]	0.2222222222222222
old_church_slavic	dȅsnъ	[dɛsnʊ]	[dɛsnʊ]	0.0
old_church_slavic	dvojь	[dʊvɔi]	[dvɔi]	0.14285714285714285
old_church_slavic	trȗpъ	[trupʊ]	[trupʊ]	0.0
old_church_slavic	rȏdъ	[rɔdʊ]	[rɔdʊ]	0.0
old_church_slavic	sětь	[sætɪ]	[sætɪ]	0.0
old_church_slavic	gvě̄zdà	[d͡zvæzda]	[ɡvæzda]	0.3
old_church_slavic	lь̑stь	[lɪstɪ]	[lɪstɪ]	0.0
old_church_slavic	čь̀rnъ	[t͡ʃr̩nʊ]	[t͡ʃr̩nʊ]	0.0
old_church_slavic	pȇktь	[pɛʃtɪ]	[pɛʃtɪ]	0.0
old_church_slavic	krěpъ	[kræpʊ]	[kræpʊ]	0.0
old_church_slavic	želsti	[ʒlæsti]	[ʒlæsti]	0.0
old_church_slavic	děti	[dæti]	[dæti]	0.0
old_church_slavic	nasъ	[nasʊ]	[nasʊ]	0.0
old_church_slavic	vъsuje	[vʊsujɛ]	[vʊsujɛ]	0.0
old_church_slavic	dě̀va	[dæva]	[dæva]	0.0
old_church_slavic	dvьrь	[dvɪrɪ]	[dvɪrɪ]	0.0
old_church_slavic	truti	[natruti]	[truti]	0.2222222222222222
old_church_slavic	lǭčìti	[lɔ̃t͡ʃiti]	[lɔ̃t͡ʃiti]	0.0
old_church_slavic	estь	[jɛstʊ]	[jɛstɪ]	0.14285714285714285
old_church_slavic	svě̑tъ	[svætʊ]	[svætʊ]	0.0
old_church_slavic	dỳmъ	[dɨmʊ]	[dɨmʊ]	0.0
old_church_slavic	tęgati	[tɛ̃ʒi]	[tɛ̃ɡati]	0.3333333333333333
old_church_slavic	prokъjь	[prɔkɨi]	[prɔkʊ]	0.25
old_church_slavic	kotorъ	[kɔtɔrʊi]	[kɔtɔrʊ]	0.1111111111111111
old_church_slavic	zelènъ	[zɛlɛnʊ]	[zɛlɛnʊ]	0.0
old_church_slavic	l̨ubo	[ʎubɔ]	[ʎubɔ]	0.0
old_church_slavic	minǫti	[minɔ̃ti]	[minɔ̃ti]	0.0
old_church_slavic	ty	[tɨ]	[tɨ]	0.0
old_church_slavic	stornà	[strana]	[strana]	0.0
old_church_slavic	razoriti	[razɔriti]	[razɔriti]	0.0
old_church_slavic	věděti	[vædæti]	[vædæti]	0.0
old_church_slavic	kysělъ	[kɨsælu]	[kɨsælʊ]	0.125
old_church_slavic	pь̀lnъ	[pl̩nʊ]	[pl̩nʊ]	0.0
old_church_slavic	dòlnь	[dlanɪ]	[dlanɪ]	0.0
old_church_slavic	sȗxъ	[suxʊ]	[suxʊ]	0.0
old_church_slavic	sǫ́dъ	[sɔ̃dʊ]	[sɔ̃dʊ]	0.0
old_church_slavic	obuti	[ɔbuti]	[ɔbuti]	0.0
old_church_slavic	žìla	[ʒila]	[ʒila]	0.0
old_church_slavic	glumъ	[ɡlumʊ]	[ɡlumʊ]	0.0
old_church_slavic	kobь	[kɔbɪ]	[kɔbɪ]	0.0
old_church_slavic	otъ	[ɔtʊ]	[ɔtʊ]	0.0
old_church_slavic	pǫ̀to	[pɔ̃ta]	[pɔ̃tɔ]	0.14285714285714285
old_church_slavic	prȏstъ	[prɔstʊ]	[prɔstʊ]	0.0
old_church_slavic	bridъkъ	[bridʊkʊ]	[bridʊkʊ]	0.0
old_church_slavic	tajìti	[taiti]	[tajati]	0.25
old_church_slavic	smьjàti sę	[smijati sɛ̃]	[smɪjati sɛ̃]	0.07692307692307693
old_church_slavic	ni	[ni]	[ni]	0.0
old_church_slavic	orbъ	[rabʊ]	[rabʊ]	0.0
old_church_slavic	voliti	[vɔliti]	[vɔliti]	0.0
old_church_slavic	pętà	[pɛ̃ta]	[pɛ̃ta]	0.0
old_church_slavic	gobino	[ɡɔbinæ]	[ɡɔbinɔ]	0.125
old_church_slavic	čȇrvo	[t͡ʃrævɔ]	[t͡ʃrævɔ]	0.0
old_church_slavic	cěvьnica	[t͡sævɪnit͡sa]	[t͡sævɪnit͡sa]	0.0
old_church_slavic	strȗpъ	[strupʊ]	[strupʊ]	0.0
old_church_slavic	drǫ́gъ	[drɔ̃ɡɨ]	[drɔ̃ɡa]	0.125
old_church_slavic	žę̀tva	[ʒɛ̃tva]	[ʒɛ̃tva]	0.0
old_church_slavic	ěsti	[jasti]	[jasti]	0.0
old_church_slavic	čermъšь	[t͡ʃræmɔʃɪ]	[t͡ʃræmæi]	0.2727272727272727
old_church_slavic	klasti	[klasti]	[klasti]	0.0
old_church_slavic	žegti	[ʒɛʃti]	[ʒɛt͡ʃi]	0.375
old_church_slavic	kamy	[kamɨ]	[kamɨ]	0.0
old_church_slavic	zaverti	[zavɪri]	[zavræti]	0.3333333333333333
old_church_slavic	oldi	[aldii]	[ladi]	0.42857142857142855
old_church_slavic	myto	[mɨtɔ]	[mɨtɔ]	0.0
old_church_slavic	dojidlica	[dɔilit͡sɪ]	[dɔilit͡sa]	0.09090909090909091
old_church_slavic	legti	[lɛʃti]	[lɛʃti]	0.0
old_church_slavic	korbī	[krabii]	[krabi]	0.125
old_church_slavic	čisti	[t͡ʃisti]	[t͡ʃisti]	0.0
old_church_slavic	dělati	[dælati]	[dælati]	0.0
old_church_slavic	posětiti	[pɔsætiti]	[pɔsætiti]	0.0
old_church_slavic	čel̨adь	[t͡ʃɛlædijɔ̃]	[t͡ʃɛʎadɪ]	0.46153846153846156
old_church_slavic	sěkti	[sæʃti]	[sæt͡ʃi]	0.375
old_church_slavic	kasati sę	[kasati sɛ̃]	[kasati sɛ̃]	0.0
old_church_slavic	lomìti	[lɔmiti]	[lɔmiti]	0.0
old_church_slavic	lixo	[lixɔ]	[lixɔ]	0.0
old_church_slavic	sestrà	[sɛstra]	[sɛstra]	0.0
old_church_slavic	gǫgnivъ	[ɡɔ̃ɡʊnivʊ]	[ɡɔ̃ɡnivʊ]	0.09090909090909091
old_church_slavic	velkti	[vlæʃti]	[vlæti]	0.125
old_church_slavic	pelna	[pɛlɛna]	[plænɨ]	0.375
old_church_slavic	krotiti	[krɔtiti]	[krɔtiti]	0.0
old_church_slavic	minovati	[minɔvati]	[minɔvati]	0.0
old_church_slavic	desiti	[dɛsiti]	[dɛsiti]	0.0
old_church_slavic	ȍko	[ɔkɔ]	[ɔkɔ]	0.0
old_church_slavic	strujà	[struja]	[struja]	0.0
old_church_slavic	metàti	[mɛtati]	[mɛtati]	0.0
old_church_slavic	olnìta	[lanita]	[lanita]	0.0
old_church_slavic	ěrostь	[jarɔstɪ]	[jarɔstɪ]	0.0
old_church_slavic	dovьlěti	[dɔvɪlæti]	[dɔvɪræti]	0.1
old_church_slavic	pьrěti	[pɪræti]	[pɪræti]	0.0
polish	ovьcà	[ˈɔft͡sa]	[ˈɔvʲɛt͡sa]	0.2727272727272727
polish	morъ	[ˈmur]	[ˈmɔr]	0.16666666666666666
polish	kǫ̑sъ	[ˈkɛ̃s]	[ˈkɔ̃s]	0.14285714285714285
polish	dvьrь	[ˈd͡ʐvʲi]	[ˈd͡ʑɛrʂ]	0.4444444444444444
polish	mъxъ	[ˈmɛx]	[ˈmɛx]	0.0
polish	mȏzgъ	[ˈmusk]	[ˈmʲusk]	0.125
polish	sъporъ	[ˈspɔrɨ]	[ˈspur]	0.25
polish	rǫ̑bъ	[ˈrɔmp]	[ˈrɔp]	0.14285714285714285
polish	otьcь	[ˈɔjt͡ɕɛt͡s]	[ˈt͡ɕɛt͡ɕɛt͡s]	0.2857142857142857
polish	stỳdnǫti	[ˈstɨɡnɔɲt͡ɕ]	[ˈst͡stnɔɲt͡ɕ]	0.21428571428571427
polish	děti	[ˈd͡ʑɛt͡ɕi]	[ˈd͡ʑɛt͡ɕ]	0.09090909090909091
polish	mòrzъ	[ˈmrus]	[ˈmrɔs]	0.14285714285714285
polish	tesnъjь	[ˈt͡ɕasnɨ]	[ˈt͡ɕɔsnɨ]	0.1
polish	žedьnъjь	[ˈʐɔndnɨ]	[ˈʐɛdnɨ]	0.2222222222222222
polish	grỳzti	[ˈɡrɨɕt͡ɕ]	[ˈɡrɨɕt͡ɕ]	0.0
polish	zmьjà	[ˈʐmʲija]	[ˈʑmɛ]	0.5555555555555556
polish	orbòta	[rɔˈbɔta]	[ˈrɔbɔta]	0.2222222222222222
polish	sỳrъ	[ˈsɛr]	[ˈsɨr]	0.16666666666666666
polish	rě̄kà	[ˈʐɛka]	[ˈʐɛka]	0.0
polish	jьlъkъjь	[ˈjɛwkʲij]	[ˈiwkʲi]	0.3
polish	tǭgà	[ˈtɛŋɡa]	[ˈt͡sɔŋka]	0.4
polish	pòrgъ	[ˈpruk]	[ˈprɔk]	0.14285714285714285
polish	tvьrdъjь	[ˈtfardɨ]	[ˈt͡ʑfrdɨ]	0.3
polish	remy	[ˈʐɛmʲɛɲ]	[ˈʐɛmʲɛɲ]	0.0
polish	kotъ	[ˈkɔt]	[ˈkɔt]	0.0
polish	globìti	[ˈɡwɔbʲit͡ɕ]	[ˈɡwɔbʲit͡ɕ]	0.0
polish	dȏmъ	[ˈdɔm]	[ˈdum]	0.16666666666666666
polish	tьma	[ˈt͡ɕma]	[ˈt͡ɕɛma]	0.1111111111111111
polish	trudъ	[ˈtrut]	[ˈtrut]	0.0
polish	studìti	[ˈstud͡ʑit͡ɕ]	[ˈstud͡ʑit͡ɕ]	0.0
polish	nȏktь	[ˈnɔt͡s]	[ˈnɔt͡s]	0.0
polish	gъnǫti	[ˈɡʲɔɲt͡ɕ]	[ˈɡnɔɲt͡ɕ]	0.1
polish	orь̀lъ	[ˈɔʐɛw]	[ˈɔʐɛw]	0.0
polish	šurь	[ˈʂuʐɨ]	[ˈʂur]	0.2857142857142857
polish	l̨ūbìti	[ˈlubʲit͡ɕ]	[ˈlupʲit͡ɕ]	0.09090909090909091
polish	stornà	[ˈstrɔna]	[ˈstrɔna]	0.0
polish	krě̀slo	[ˈkʂɛswɔ]	[ˈkʂɛswɔ]	0.0
polish	bě̄dà	[ˈbʲɛda]	[ˈbʲɛda]	0.0
polish	gȍr̨e	[ˈɡɔʐɛ]	[ˈɡɔrɛ]	0.14285714285714285
polish	tě̀mę	[ˈt͡ɕɛmʲɛ]	[ˈt͡ɕɛmʲɛ]	0.0
polish	nozdr̨a	[ˈnɔzd͡ʐɛ]	[ˈnɔʑd͡ʐɛ]	0.1
polish	bȏrvъ	[ˈbrɔvɛk]	[ˈbruf]	0.4444444444444444
polish	vy	[ˈvɨ]	[ˈvɨ]	0.0
polish	kòšь	[ˈkɔʂ]	[ˈkɔʂ]	0.0
polish	olkomъjь	[waˈkɔmɨ]	[waˈkɔmɨ]	0.0
polish	nuditi	[ˈnud͡ʑit͡ɕ]	[ˈnud͡ʑit͡ɕ]	0.0
polish	gvozdъ	[ˈɡvuɕt͡ɕ]	[ˈɡvɔ̃st]	0.5
polish	vy	[ˈvɨ]	[ˈvɨ]	0.0
polish	pǫpъ	[ˈpɛmp]	[ˈpɔp]	0.2857142857142857
polish	dòl̨a	[ˈdɔla]	[ˈdɔla]	0.0
polish	ęčati	[ˈjɛnt͡ʂɛt͡ɕ]	[ˈjɛnt͡ʂɛt͡ɕ]	0.0
polish	mьrziti	[ˈmʲɛrʑit͡ɕ]	[ˈmʲɛʐɨt͡ɕ]	0.25
polish	pasti	[ˈpaɕt͡ɕ]	[ˈpaɕt͡ɕ]	0.0
polish	sněgъ	[ˈɕɲɛk]	[ˈɕɲak]	0.14285714285714285
polish	žely	[ˈʐuwf]	[ˈʐɔwfʲ]	0.25
polish	bez	[ˈbɛs]	[ˈbɛs]	0.0
polish	ȏsь	[ˈɔɕ]	[ˈɔɕ]	0.0
polish	grějati	[ˈɡʐat͡ɕ]	[ˈɡʐɛt͡ɕ]	0.1111111111111111
polish	bujьnъjь	[ˈbujnɨ]	[ˈbujnɨ]	0.0
polish	kopati	[ˈkɔpat͡ɕ]	[ˈkɔpat͡ɕ]	0.0
polish	kǫpina	[kɛmˈpʲina]	[kɔˈpʲina]	0.18181818181818182
polish	grȏmъ	[ˈɡrɔm]	[ˈɡrum]	0.14285714285714285
polish	greti	[ˈɡʐɛɕt͡ɕ]	[ˈɡʐɛt͡ɕ]	0.1
polish	lȏjь	[ˈwuj]	[ˈwuj]	0.0
polish	zadьrnǫti	[zaˈd͡ʑɛʐɡnɔɲt͡ɕ]	[ˈzad͡rnɔɲt͡ɕ]	0.35294117647058826
polish	òrkъ	[ˈrak]	[ˈrɔk]	0.16666666666666666
polish	ę̄drò	[ˈjɔndrɔ]	[ˈjɛdrɔ]	0.2222222222222222
polish	mimo	[ˈmʲimɔ]	[ˈmʲimɔ]	0.0
polish	cě̄dìti	[ˈt͡sɛd͡ʑit͡ɕ]	[ˈt͡sɛd͡ʑit͡ɕ]	0.0
polish	duplò	[ˈd͡ʑupwɔ]	[ˈdupwɔ]	0.2
polish	kolti	[ˈkwut͡ɕ]	[ˈkwɔt͡ɕ]	0.1111111111111111
polish	esetь	[ˈjɛɕɛt͡ɕ]	[ˈjɛɕɛt͡ɕ]	0.0
polish	dьrgati	[ˈd͡ʑɛrɡat͡ɕ]	[ˈd͡ʑɛrɡat͡ɕ]	0.0
polish	rǭkà	[ˈrɛŋka]	[ˈrɛŋka]	0.0
polish	onъ	[ˈɔn]	[ˈɔn]	0.0
polish	kropъjь	[ˈkrɛmpɨ]	[ˈkrɔpnɨ]	0.3333333333333333
polish	kǫtja	[ˈkut͡ʂka]	[ˈkɔnt͡sa]	0.4
polish	novákъ	[ˈnɔvak]	[ˈnɔvak]	0.0
polish	bìtva	[ˈbʲitfa]	[ˈbʲitva]	0.1111111111111111
polish	telktì	[ˈtwut͡s]	[ˈtlɛt͡s]	0.2222222222222222
polish	dȃnь	[ˈdaɲ]	[ˈdaɲ]	0.0
polish	měniti sę	[ˈmʲɛɲit͡ɕ ɕɛ]	[ˈmʲɛɲit͡ɕ ɕɛ]	0.0
polish	brězgъ	[ˈbʐask]	[ˈbrɔsk]	0.25
polish	dorgъjь	[ˈdrɔɡʲi]	[ˈdrɔɡʲi]	0.0
polish	plě̑šь	[ˈplɛʂ]	[ˈplɛʂ]	0.0
polish	osnòvā	[ɔsˈnɔva]	[ɔˈsnɔva]	0.2222222222222222
polish	gńìti	[ˈɡɲit͡ɕ]	[ˈɡɲit͡ɕ]	0.0
polish	ěsti	[ˈjɛɕt͡ɕ]	[ˈjaɕt͡ɕ]	0.1111111111111111
polish	làziti	[ˈwaʑit͡ɕ]	[ˈwaʑit͡ɕ]	0.0
polish	būčàti	[ˈbut͡ʂɛt͡ɕ]	[ˈbut͡ʂat͡ɕ]	0.08333333333333333
polish	òrtajь	[ˈrataj]	[ˈrataj]	0.0
polish	xorniti	[ˈxrɔɲit͡ɕ]	[ˈxrɔɲit͡ɕ]	0.0
polish	voskъ	[ˈvɔsk]	[ˈvɔsk]	0.0
polish	pȏtъ	[ˈpɔt]	[ˈpɔt]	0.0
polish	pȇlnъ	[ˈplɔn]	[ˈplɛn]	0.14285714285714285
polish	motati	[ˈmɔtat͡ɕ]	[ˈmɔt͡ɕɛt͡ɕ]	0.25
polish	sě̑no	[ˈɕanɔ]	[ˈɕanɔ]	0.0
polish	sьcati	[ˈʂt͡ʂat͡ɕ]	[ˈɕt͡sat͡ɕ]	0.18181818181818182
polish	kokošь	[ˈkɔkɔʂ]	[ˈkɔkɔʂ]	0.0
polish	gasnǫti	[ˈɡasnɔɲt͡ɕ]	[ˈɡasnɔɲt͡ɕ]	0.0
polish	pě́stъ	[ˈpʲasta]	[ˈpʲast]	0.1111111111111111
polish	porti	[ˈprut͡ɕ]	[ˈprut͡ɕ]	0.0
polish	černъ	[ˈt͡ʂɔn]	[ˈt͡ʂɛn]	0.125
polish	želdъ	[ˈʐwut]	[ˈʐut]	0.14285714285714285
polish	naglъjь	[ˈnaɡwɨ]	[ˈnaɡʲɪlɨ]	0.3
polish	lutъjь	[ˈlutɨ]	[ˈwutɨ]	0.14285714285714285
polish	lȏvъ	[ˈwuf]	[ˈwuf]	0.0
polish	tučьnъjь	[ˈtut͡ʂnɨ]	[ˈtut͡ʂnɨ]	0.0
polish	čelověkъ	[ˈt͡ʂwɔvʲɛk]	[t͡ʂɛˈwɔvʲɛk]	0.23076923076923078
polish	serъjь	[ˈʂarɨ]	[ˈɕɔrʲi]	0.5
polish	àma	[ˈjama]	[ˈjama]	0.0
polish	glъtati	[ˈɡlutat͡ɕ]	[ˈɡɛtat͡ɕ]	0.18181818181818182
polish	jь̑go	[ˈjuɡɔ]	[ˈiɡɔ]	0.2857142857142857
polish	gǫsti	[ˈɡɔ̃ɕt͡ɕ]	[ˈɡũɕt͡ɕ]	0.1
polish	lьnǫti	[ˈlɡnɔɲt͡ɕ]	[ˈlnɔɲt͡ɕ]	0.09090909090909091
polish	jьlьmъ	[ˈilm]	[ˈilm]	0.0
polish	pretivъ	[ˈpʂɛt͡ɕɛf]	[ˈpʂɛt͡ɕit]	0.18181818181818182
polish	kъjь	[ˈkʲi]	[ˈkɨ]	0.3333333333333333
polish	melkò	[ˈmlɛkɔ]	[ˈmlɛkɔ]	0.0
polish	slabъjь	[ˈswabɨ]	[ˈswabɨ]	0.0
polish	zȍlto	[ˈzwɔtɔ]	[ˈzwɔtɔ]	0.0
polish	glezna	[ˈɡlɔzna]	[ˈɡlɛzna]	0.1111111111111111
polish	sъ̏lnьce	[ˈswɔɲt͡sɛ]	[ˈswɔɲt͡sɛ]	0.0
polish	šestъjь	[ˈʂustɨ]	[ˈʂɛstɨ]	0.125
polish	bòlna	[ˈbwɔna]	[ˈbwɔna]	0.0
polish	pȇktь	[ˈpʲɛt͡s]	[ˈpʲɛt͡s]	0.0
polish	nadъ	[ˈnat]	[ˈnat]	0.0
polish	ǫ̀glь	[ˈvɛŋɡʲɛl]	[ˈvɛŋɡɛl]	0.1
polish	arьmò	[ˈjaʐmɔ]	[ˈjarmɔ]	0.125
russian	mekъkъjь	[ˈmʲæxkʲɪj]	[ˈmʲekkʲɪj]	0.18181818181818182
russian	etì	[ɪˈtʲi]	[ɐˈtʲi]	0.14285714285714285
russian	bojati sę	[bɐˈjat͡sʲːə]	[bɐˈjatʲ sː]	0.3076923076923077
russian	gorěti	[ɡɐˈrʲetʲ]	[ɡɐˈrʲetʲ]	0.0
russian	zelьje	[ˈzʲelʲje]	[zʲɪˈlʲej]	0.5
russian	rūnò	[rʊˈno]	[rʊˈno]	0.0
russian	bìti	[ˈbʲitʲ]	[ˈbʲitʲ]	0.0
russian	glumiti sę	[ˈɡlumʲɪt͡sʲːə]	[ɡlʊˈmʲit͡sːə]	0.3333333333333333
russian	vě̀jati	[ˈvʲejɪtʲ]	[ˈvʲejɪtʲ]	0.0
russian	krъxa	[krɐˈxa]	[ˈkroxə]	0.5
russian	mestì	[mʲɪˈsʲtʲi]	[mʲɪˈsʲtʲi]	0.0
russian	krūpà	[krʊˈpa]	[krʊˈpa]	0.0
russian	mȃzь	[ˈmasʲ]	[ˈmasʲ]	0.0
russian	lekъjь	[ˈlʲækʲɪj]	[ˈlʲɵkʲɪj]	0.1
russian	gāsìti	[ɡɐˈsʲitʲ]	[ɡɐˈsʲitʲ]	0.0
russian	kolkolъ	[ˈkoləkəl]	[kɐˈlok]	0.6
russian	cělovàti	[t͡sɨlɐˈvatʲ]	[t͡sɨlɐˈvatʲ]	0.0
russian	orz	[ˈros]	[ˈros]	0.0
russian	legti	[ˈlʲet͡ɕ]	[ˈlʲet͡ɕ]	0.0
russian	krě̀slo	[ˈkrʲeslə]	[krʲɪˈslo]	0.4
russian	lunà	[lʊˈna]	[lʊˈna]	0.0
russian	trǫtъ	[ˈtrutʲɪnʲ]	[ˈtrut]	0.36363636363636365
russian	dьbrь	[ˈdʲebrʲɪ]	[ˈdʲebrʲ]	0.1
russian	lětь	[ˈlʲetʲ]	[ˈlʲetʲ]	0.0
russian	dьlgъjь	[ˈdolɡʲɪj]	[ˈdolɡɨj]	0.2
russian	brьvъnò	[brʲɪvˈno]	[brʲɪˈvno]	0.2
russian	dьlti	[dɐlˈbʲitʲɪ]	[ˈdlotʲ]	0.5833333333333334
russian	palьcь	[ˈpalʲɪt͡s]	[ˈpalʲɪt͡s]	0.0
russian	zěvati	[zʲɪˈvatʲ]	[ˈzʲɪvətʲ]	0.3
russian	volstь	[ˈvoləsʲtʲ]	[ˈvoləsʲtʲ]	0.0
russian	krasьnъjь	[ˈkrasnɨj]	[ˈkrasnɨj]	0.0
russian	gně̀vъ	[ˈɡnʲef]	[ˈɡnʲef]	0.0
russian	pǫčina	[pʊˈt͡ɕinə]	[ˈput͡ɕənə]	0.36363636363636365
russian	nadъ	[ˈnat]	[ˈnat]	0.0
russian	sovati	[sɐˈvatʲ]	[sɐˈvatʲ]	0.0
russian	kobь	[ˈkopʲ]	[ˈkopʲ]	0.0
russian	gajati	[ˈɡajɪtʲ]	[ˈɡajɪtʲ]	0.0
russian	kaziti	[kɐˈzʲitʲ]	[kɐˈzʲitʲ]	0.0
russian	divъ	[ˈdʲif]	[ˈdʲif]	0.0
russian	kašьl̨ati	[ˈkaʂlʲɪtʲ]	[ˈkaʂlʲɪtʲ]	0.0
russian	vypь	[ˈvɨpʲ]	[ˈvɨpʲ]	0.0
russian	gaditi	[ˈɡadʲɪtʲ]	[ɡɐˈdʲitʲ]	0.4
russian	ūzdà	[ʊzˈda]	[ʊzˈza]	0.14285714285714285
russian	dъždžь	[ˈdoʂtʲ]	[ˈdʐːt͡ɕ]	0.4444444444444444
russian	ūslò	[ʊsˈlo]	[ʊsˈlo]	0.0
russian	pāxàti	[pɐˈxatʲ]	[pɐˈxatʲ]	0.0
russian	sьcati	[ˈst͡satʲ]	[ˈst͡satʲ]	0.0
russian	glěnь	[ˈɡlʲenʲ]	[ˈɡlʲenʲ]	0.0
russian	elbedь	[ˈlʲebʲɪtʲ]	[ˈlʲabʲɪtʲ]	0.09090909090909091
russian	konъ	[ˈkon]	[ˈkon]	0.0
russian	xudъjь	[xʊˈdoj]	[ˈudɨj]	0.5
russian	znьjati	[zʲnʲɪˈjætʲ]	[ˈznajɪtʲ]	0.5
russian	bydlo	[ˈbɨdlə]	[ˈbɨlə]	0.125
russian	kyslъjь	[ˈkʲislɨj]	[ˈkʲislɨj]	0.0
russian	gatь	[ˈɡatʲ]	[ˈɡatʲ]	0.0
russian	sě̀verъ	[ˈsʲevʲɪr]	[ˈsʲevʲɪr]	0.0
russian	vitь	[ˈvʲitʲ]	[ˈvʲitʲ]	0.0
russian	medvě̀dь	[mʲɪdˈvʲetʲ]	[mʲɪˈdvʲetʲ]	0.16666666666666666
russian	bodàti	[bɐˈdatʲ]	[bɐˈdatʲ]	0.0
russian	dòrga	[dɐˈroɡə]	[dɐˈroɡə]	0.0
russian	pȅpelъ	[ˈpʲepʲɪl]	[ˈpʲepʲɪl]	0.0
russian	pьxati	[pʲɪˈxatʲ]	[ˈplaxətʲ]	0.5
russian	ūstà	[ʊˈsta]	[ʊˈsta]	0.0
russian	mъxa	[ˈmoxə]	[ˈmox]	0.14285714285714285
russian	kyxati	[ˈkʲixətʲ]	[kʲɪˈxatʲ]	0.4
russian	polъ	[ˈpol]	[ˈpol]	0.0
russian	mьrknǫti	[ˈmʲerknʊtʲ]	[ˈmʲɵrknʊtʲ]	0.08333333333333333
russian	ǫ́sъ	[ˈus]	[ˈus]	0.0
russian	vę̄zàti	[vʲɪˈzatʲ]	[vʲɪˈzatʲ]	0.0
russian	elьcь	[ɪˈlʲet͡s]	[ˈjɛlʲt͡s]	0.4
russian	rě̄kà	[rʲɪˈka]	[rʲɪˈka]	0.0
russian	lisìca	[lʲɪˈsʲit͡sə]	[lʲɪˈsʲit͡sə]	0.0
russian	čь̑stь	[ˈt͡ɕesʲtʲ]	[ˈt͡ɕesʲtʲ]	0.0
russian	pǫditi	[ˈpudʲɪtʲ]	[ˈpudʲɪtʲ]	0.0
russian	tatь	[ˈtatʲ]	[ˈtatʲ]	0.0
russian	kry	[ˈkrofʲ]	[ˈkrɨfʲa]	0.2222222222222222
russian	lososь	[lɐˈsosʲ]	[ˈlosəsʲ]	0.4444444444444444
russian	lě̑xà	[lʲɪˈxa]	[ˈlʲexə]	0.5
russian	pīščàti	[pʲɪˈɕːætʲ]	[pʲɪˈʂt͡ɕætʲ]	0.3076923076923077
russian	porà	[pɐˈra]	[pɐˈra]	0.0
russian	zъvati	[zɐˈvatʲ]	[ˈzvatʲ]	0.3333333333333333
russian	lysъjь	[ˈlɨsɨj]	[ˈlɨsɨj]	0.0
russian	per	[ˈpʲerʲe]	[ˈpʲerʲɪ]	0.1111111111111111
russian	čę̑stь	[ˈt͡ɕæsʲtʲ]	[ˈt͡ɕasʲtʲ]	0.09090909090909091
russian	bytьje	[bɨˈtʲjɵ]	[ˈbɨtʲjɪ]	0.3333333333333333
russian	dь̑nь	[ˈdʲɪnʲ]	[ˈdʲenʲ]	0.125
russian	cě̑vь	[ˈkʲefʲ]	[ˈt͡sɛfʲ]	0.4444444444444444
russian	bùr̨a	[ˈburʲə]	[ˈburʲə]	0.0
russian	niže	[ˈnʲiʐɨ]	[ˈnʲiʂ]	0.25
russian	kȏstь	[ˈkosʲtʲ]	[ˈkosʲtʲ]	0.0
russian	tenetò	[tʲɪˈnʲɵtə]	[tʲɪˈnʲatə]	0.09090909090909091
russian	drobězga	[drəbʲɪzˈɡa]	[drɐˈbʲezə]	0.5
russian	gorà	[ɡɐˈra]	[ˈɡorə]	0.5714285714285714
russian	ȍko	[ˈokə]	[ˈokə]	0.0
russian	xvoja	[ˈxvojə]	[ˈxvojə]	0.0
russian	gluxъjь	[ɡlʊˈxoj]	[ˈɡluxɨj]	0.4444444444444444
russian	gybati	[ˈɡʲibətʲ]	[ɡɨˈbatʲ]	0.4
russian	dǫ̀ti	[ˈdutʲ]	[ˈdutʲ]	0.0
russian	lȇdъ	[ˈlʲɵt]	[ˈlʲet]	0.14285714285714285
russian	mъšica	[ˈmʂɨt͡sə]	[ˈmʂɨt͡sə]	0.0
russian	lьga	[ˈlʲɡa]	[ˈlʲɵɡə]	0.25
russian	koltiti	[kəlɐˈtʲitʲ]	[kɐˈlʲitʲ]	0.25
russian	plъ̀tъ	[ˈplot]	[ˈplot]	0.0
russian	minǫti	[mʲɪˈnutʲ]	[ˈmʲinʊtʲ]	0.4
russian	natь	[nɐˈtʲinə]	[ˈnatʲ]	0.6
russian	čьrpati	[ˈt͡ɕerpətʲ]	[t͡ɕɪrˈpatʲ]	0.3333333333333333
russian	drьkolьje	[ˈdrʲekəlʲ]	[ˈdrʲikəlɨj]	0.25
russian	mъxъ	[ˈmox]	[ˈmox]	0.0
russian	gńìti	[ˈɡnʲitʲ]	[ˈɡnʲitʲ]	0.0
russian	stojati	[stɐˈjætʲ]	[stɐˈjatʲ]	0.1
russian	těnь	[ˈtʲenʲ]	[ˈtʲenʲ]	0.0
russian	ȅzerъ	[ˈozʲɪrə]	[ˈjezʲɵr]	0.4444444444444444
russian	xabiti	[ˈxabʲɪtʲ]	[xɐˈbʲitʲ]	0.4
russian	lъgati	[ˈlɡatʲ]	[ˈlɡatʲ]	0.0
russian	golotь	[ˈɡolətʲ]	[ˈɡolətʲ]	0.0
russian	brъstь	[ˈbrosʲtʲ]	[ˈbrosʲtʲ]	0.0
russian	pasti	[ˈpasʲtʲ]	[ˈpasʲtʲ]	0.0
russian	stȏržь	[ˈstorəʂ]	[ˈstorəʂ]	0.0
russian	zьrěti	[ˈzrʲetʲ]	[ˈzrʲetʲ]	0.0
russian	zъly	[zɐˈlofkə]	[ˈzlofʲ]	0.5
russian	sytъjьjь	[ˈsɨtɨj]	[ˈsɨtɨj]	0.0
russian	či	[ˈt͡ɕi]	[ˈt͡ɕi]	0.0
russian	konьcь	[kɐˈnʲet͡s]	[kɐˈnʲet͡s]	0.0
russian	mъnogъjь	[ˈmnoɡʲɪj]	[ˈmnolʲɪj]	0.1
russian	tъrgati	[rəstɐrˈɡatʲ]	[ˈtorɡətʲ]	0.46153846153846156
russian	mьstь	[ˈmʲestʲ]	[ˈmʲesʲtʲ]	0.1
russian	aviti	[jɪˈvʲitʲ]	[ˈvʲɪvʲɪtʲ]	0.45454545454545453
russian	pjьvàti	[plʲɪˈvatʲ]	[pɪˈlʲatʲ]	0.36363636363636365
russian	gȏldъ	[ˈɡolət]	[ˈɡolət]	0.0
russian	gladъkъjь	[ˈɡlatkʲɪj]	[ˈɡlatkʲɪj]	0.0
russian	perkъ	[pəpʲɪˈrʲɵk]	[ˈpʲerk]	0.5
russian	ętry	[ˈjatrəfʲ]	[ˈjatrɨfʲ]	0.1
russian	edinakъjь	[ɐdʲɪˈnakʲɪj]	[ɐpˈdʲinəkɨj]	0.5384615384615384
russian	mirъ	[ˈmʲir]	[ˈmʲir]	0.0
russian	čùti	[ˈt͡ɕʉjɪtʲ]	[ˈt͡ɕutʲ]	0.2727272727272727
russian	vьlgъkъjь	[ˈvolkkʲɪj]	[ˈvolʲkʲɪj]	0.09090909090909091
russian	blizna	[ˈblʲiznə]	[blʲɪzˈna]	0.4
russian	xromъjь	[xrɐˈmoj]	[ˈrosmɨj]	0.4444444444444444
russian	ludъ	[ˈlut]	[ˈlut]	0.0
russian	sěděti	[sʲɪˈdʲetʲ]	[ˈsʲedʲɪtʲ]	0.36363636363636365
russian	čerdìti	[t͡ɕɪrʲɪˈdʲitʲ]	[t͡ɕɪrʲɪˈdʲitʲ]	0.0
russian	pȇlnъ	[pɐˈlon]	[ˈpʲelʲɪn]	0.5
russian	perdъ	[ˈpʲɪrʲɪt]	[ˈpʲerʲɪt]	0.1
russian	grǫziti	[ɡrʊˈzʲitʲ]	[ɡrʊˈzʲitʲ]	0.0
russian	stergti	[sʲtʲɪˈrʲet͡ɕ]	[sʲɪˈrʲet͡ɕ]	0.14285714285714285
russian	lixъjь	[lʲɪˈxoj]	[ˈlʲixɨj]	0.4444444444444444
russian	bostì	[ˈbosʲtʲ]	[bɐˈsʲtʲi]	0.4
russian	onъ	[ˈon]	[ˈno]	0.4
russian	bȏlь	[ˈbolʲ]	[ˈbolʲ]	0.0
russian	pręsti	[ˈprʲasʲtʲ]	[ˈbrʲɪsʲtʲ]	0.18181818181818182
russian	dȅsętь	[ˈdʲesʲɪtʲ]	[ˈdʲesʲɪtʲ]	0.0
russian	gròzdъ	[ˈɡrosʲtʲ]	[ˈɡrost]	0.2
russian	pǫgъvica	[ˈpuɡəvʲɪt͡sə]	[pʊˈɡovʲɪt͡sə]	0.2857142857142857
russian	dьrzъjь	[ˈdʲerzɨj]	[ˈdʲɵrzɨj]	0.1
russian	tъ	[ˈtot]	[ˈt]	0.3333333333333333
russian	pālìti	[pɐˈlʲitʲ]	[pɐˈlʲitʲ]	0.0
russian	evìnъ	[ɐˈvʲin]	[ɐˈvʲin]	0.0
russian	mъrgati	[mɐrˈɡat ˈor]	[ˈmorɡətʲ]	0.6153846153846154
slovak	vȏlkъ	[ˈʋɫak]	[ˈvɫak]	0.14285714285714285
slovak	pěsъ̀kъ	[ˈpjesɔk]	[ˈpɛsɛk]	0.3333333333333333
slovak	mǭtìti	[ˈmuːtic]	[ˈmuːtic]	0.0
slovak	devetъjь	[ˈɟɛvjati]	[ˈɟɛvjɛti]	0.1
slovak	sъlàti	[ˈpɔsɫac]	[ˈsɫac]	0.2222222222222222
slovak	pālìti	[ˈpalic]	[ˈpalic]	0.0
slovak	prijatelь	[ˈprjacɛʎ]	[ˈpriːjat]	0.5
slovak	grỳzti	[ˈɦriːsc]	[ˈɦriːsc]	0.0
slovak	šìti	[ˈʃic]	[ˈʃic]	0.0
slovak	krъxъ	[ˈkr̩x]	[ˈkr̩x]	0.0
slovak	svekrъ	[ˈsvɔkɔr]	[ˈsvɛkriː]	0.4
slovak	ȁgoda	[ˈjaɦɔda]	[ˈaɦɔda]	0.1111111111111111
slovak	zь̀rno	[ˈzr̩no̞]	[ˈzr̩nɔ]	0.2222222222222222
slovak	lъbъ	[ˈlɛp]	[ˈɫɛb]	0.3333333333333333
slovak	kъrmъ	[ˈkr̩m]	[ˈkr̩m]	0.0
slovak	čelò	[ˈt͡ʃɛɫɔ]	[ˈt͡ʃɛɫɔ]	0.0
slovak	lěpiti	[ˈlɛpic]	[ˈʎɛpic]	0.125
slovak	jьgъlà	[ˈiɦɫa]	[ˈɦɫaːɦa]	0.4444444444444444
slovak	drozdъ	[ˈdrɔst]	[ˈdrɔzɛt]	0.2222222222222222
slovak	strycь	[ˈstriːt͡s]	[ˈstrit͡s]	0.09090909090909091
slovak	glьjь	[ˈɡlej]	[ˈɡlej]	0.0
slovak	tỳti	[ˈtic]	[ˈtic]	0.0
slovak	vьrtě̀ti	[ˈʋr̩tɛc]	[ˈvr̩cjɛc]	0.3
slovak	vorta	[ˈvraːta]	[ˈvrata]	0.1111111111111111
slovak	slùšati	[ˈsɫuʃac]	[ˈsɫuːʃac]	0.1
slovak	xabiti	[ˈxabic]	[ˈxabic]	0.0
slovak	però	[ˈpɛrɔ]	[ˈpɛrɔ]	0.0
slovak	tỳlъ	[ˈtiɫɔ]	[ˈtiːl]	0.2857142857142857
slovak	tě̀mę	[ˈcɛmɛ]	[ˈtjɛmæ]	0.375
slovak	esètrъ	[ˈjɛsɛcɛr]	[ˈjɛsɛtr̩]	0.3
slovak	merti	[ˈmrjec]	[ˈmrjɛc]	0.125
slovak	męknǫti	[ˈmɛknuːc]	[ˈmjaknuːc]	0.18181818181818182
slovak	ȍlovo	[ˈɔɫɔvɔ]	[ˈɔɫɔvɔ]	0.0
slovak	dē̌žà	[ˈɟjɛʒa]	[ˈɟjɛʒa]	0.0
slovak	godьnъ	[ˈɦɔdniː]	[ˈɦɔdniː]	0.0
slovak	rosà	[ˈrosa]	[ˈrɔsa]	0.14285714285714285
slovak	mèčь	[ˈmɛt͡ʃ]	[ˈmɛt͡ʃ]	0.0
slovak	rìnǫti sę	[ˈrinuːt]	[ˈrinuːc]	0.1111111111111111
slovak	lazъ	[ˈɫazi]	[ˈɫaːs]	0.2857142857142857
slovak	motyka	[ˈmɔtika]	[ˈmɔtiːka]	0.1
slovak	gorà	[ˈɦɔra]	[ˈɦɔra]	0.0
slovak	čerpti	[ˈt͡ʃrjɛc]	[ˈt͡ʃrjec]	0.1
slovak	gȏjь	[ˈɦɔj]	[ˈɦɔj]	0.0
slovak	varìti	[ˈvaric]	[ˈvaric]	0.0
slovak	emelo	[ˈɦɛmɛlo]	[ˈjɛmɛɫ]	0.3333333333333333
slovak	pьsàti	[ˈpiːsac]	[ˈpsac]	0.2222222222222222
slovak	bȏgъ	[ˈbɔx]	[ˈbɔx]	0.0
slovak	dỳmъ	[ˈdim]	[ˈdim]	0.0
slovak	zmьjà	[ˈzmija]	[ˈzmja]	0.125
slovak	telktì	[ˈtl̩t͡sʲ]	[ˈtʎat͡sʲ]	0.2
slovak	tъ	[ˈtɛn]	[ˈt]	0.3333333333333333
slovak	kopati	[ˈkɔpac]	[ˈkɔpac]	0.0
slovak	l̨ȗdьje	[ˈʎuɟja]	[ˈʎut͡ʃɛ]	0.4444444444444444
slovak	čakati	[ˈt͡ʃakac]	[ˈt͡ʃakac]	0.0
slovak	juže	[ˈuʒ]	[ˈjuʒɛ]	0.2857142857142857
slovak	onъ	[ˈɔn]	[ˈɔn]	0.0
slovak	puxnǫti	[ˈpuxnuːc]	[ˈpuːxnuc]	0.2
slovak	krūpà	[ˈkruːpi]	[ˈkrupa]	0.2222222222222222
slovak	pȋvo	[ˈpivo]	[ˈpivɔ]	0.14285714285714285
slovak	smȏrdъ	[ˈsmrat]	[ˈsmrat]	0.0
slovak	elbǭtь	[ˈɫabuc]	[ˈjabuːɲ]	0.3333333333333333
slovak	rodìti	[ˈrɔdic]	[ˈrɔdic]	0.0
slovak	čerdà	[ˈt͡ʃrjɛda]	[ˈt͡ʃr̝ɛda]	0.09090909090909091
slovak	gvě̄zdà	[ˈɦvjɛzda]	[ˈvvjazda]	0.2
slovak	kruxъ	[ˈkrux]	[ˈkrux]	0.0
slovak	nòžь	[ˈnwoʃ]	[ˈnoʃ]	0.14285714285714285
slovak	kokošь	[ˈkɔkɔʃ]	[ˈkɔkɔʃ]	0.0
slovak	tě̑sto	[ˈt͡sɛstɔ]	[ˈcɛstɔ]	0.3
slovak	pȏlzъ	[ˈpɫas]	[ˈpɫaːs]	0.125
slovak	dīvìti sę	[ˈɟivit]	[ˈɟiviti sɛ]	0.3333333333333333
slovak	dȗxъ	[ˈdux]	[ˈduxiː]	0.25
slovak	ęčьmy	[ˈjat͡ʃmɛɲ]	[ˈjat͡ʃmɛɲ]	0.0
slovak	zьlčь	[ˈʒl̩t͡ʃ]	[ˈzɫ̩t͡ʃ]	0.2222222222222222
slovak	gumьnò	[ˈɦumnɔ]	[ˈɦumnɔ]	0.0
slovak	dérnъ	[ˈdrjɛɲ]	[ˈdrɛn]	0.25
slovak	vьrěti	[ˈʋrjɛc]	[ˈvrjec]	0.25
slovak	kùditi	[ˈkudic]	[ˈkuɟic]	0.125
slovak	ǫtrь	[ˈvnuːtri]	[ˈvɔcɛr]	0.5
slovak	dьlti	[ˈdɫ̩ːpsc]	[ˈdɫ̩t]	0.4
slovak	obuti	[ˈobuc]	[ˈɔbuc]	0.14285714285714285
slovak	obětjati	[ˈobet͡sac]	[ˈɔbɛt͡sac]	0.18181818181818182
slovak	rokъ	[ˈrɔk]	[ˈrɔk]	0.0
slovak	mỳdlo	[ˈmidɫɔ]	[ˈmidɫɔ]	0.0
slovak	blǭdìti	[ˈbɫuːdic]	[ˈbuːɟic]	0.2
slovak	ǫ̀glь	[ˈuɦol]	[ˈukɛʎ]	0.42857142857142855
slovak	šibati	[ˈʃibac]	[ˈʃibac]	0.0
slovak	būčàti	[ˈbut͡ʃac]	[ˈbut͡ʃac]	0.0
slovak	dь̀lgъ	[ˈdl̩ɦiː]	[ˈdɫ̩ɡiː]	0.2222222222222222
slovak	myto	[ˈmiːtɔ]	[ˈmiːtɔ]	0.0
slovak	vȃrъ	[ˈvar]	[ˈvar]	0.0
slovak	vòl̨a	[ˈvwɔɫja]	[ˈvwɔʎa]	0.2222222222222222
slovak	stàrъ	[ˈstariː]	[ˈstariː]	0.0
slovak	glupъ	[ˈɦlupiː]	[ˈɦɫupiː]	0.1111111111111111
slovak	ostrъ	[ˈɔstriː]	[ˈɔstriː]	0.0
slovak	bỳstrъ	[ˈbistriː]	[ˈbistriː]	0.0
slovak	voldati	[ˈvɫaːdac]	[ˈvɫaːdac]	0.0
slovak	vě̀jati	[ˈvjac]	[ˈvjac]	0.0
slovak	sérn̨ь	[ˈsrjɛɲ]	[ˈsrjɛna]	0.2222222222222222
slovak	medvě̀dь	[ˈmɛdvɛc]	[ˈmɛdvjet]	0.3
slovak	kropiti	[ˈkrɔpic]	[ˈkrɔpic]	0.0
slovak	ǫ̑gъlъ	[ˈuɦɔɫ]	[ˈuɦɫ̩ɦ]	0.375
slovak	bìdlo	[ˈbidɫɔ]	[ˈbidɫɔ]	0.0
slovak	elьxa	[ˈjɛɫxa]	[ˈjaʎa]	0.375
slovak	pętà	[ˈpɛta]	[ˈpjeta]	0.25
slovak	kǫtja	[ˈkut͡ʃka]	[ˈkuːt͡ʃa]	0.2
slovak	trȗpъ	[ˈtrup]	[ˈtrup]	0.0
slovak	žьlna	[ˈʒɫ̩na]	[ˈʒɫ̩na]	0.0
slovak	òrtajь	[ˈrataj]	[ˈrataʃ]	0.125
slovak	pàmętь	[ˈpamæc]	[ˈpamæt]	0.125
slovak	ženà	[ˈʒena]	[ˈʒɛna]	0.14285714285714285
slovene	vȏrgъ	[ʋrâːk]	[ʋrâːk]	0.0
slovene	orě̀xъ	[ɔ̌ːr]	[ɔrěːx]	0.42857142857142855
slovene	bȏsъ	[bôːs]	[bôːs]	0.0
slovene	ěrьcь	[jâːrət͡s]	[jâːrət͡s]	0.0
slovene	pasti	[pǎːsti]	[pǎːsti]	0.0
slovene	spě̀ti	[spěːti]	[spěːti]	0.0
slovene	lososь	[lɔ̀ːsɔs]	[lɔ̂ːsk]	0.3333333333333333
slovene	stornà	[strâːn]	[strǎːna]	0.2222222222222222
slovene	aščerъ	[jâːʃt͡ʃɛrit͡sa]	[jǎːʃtri]	0.5
slovene	plàviti	[plaʋǐːti]	[plǎːʋiti]	0.4
slovene	ničati	[nǐːt͡ʃati]	[nǐːt͡ʃati]	0.0
slovene	drevьnъ	[drɛ̌ːʋɛn]	[drěːʋən]	0.3
slovene	gleznъ	[ɡlěːʒən]	[ɡlɛ̌ːsən]	0.3
slovene	vixъrъ	[ʋǐːxər]	[ʋîːxər]	0.125
slovene	govorъ	[ɡɔ̂ːʋɔr]	[ɡɔʋôːr]	0.4444444444444444
slovene	olbodà	[lɔ̌ːbɔda]	[lɔbɔda]	0.2
slovene	vъn	[ʋ]	[ʋ]	0.0
slovene	erębina	[jɛrɛbǐːna]	[jɛrɛbǐːna]	0.0
slovene	ovъ	[ǒːʋ]	[ɔ̂ʋ]	0.4
slovene	tǫ̑gъ	[tôːk]	[tôːk]	0.0
slovene	žalь	[ʒâw]	[ʒâːʋ]	0.3333333333333333
slovene	i	[î]	[î]	0.0
slovene	pȇlnъ	[plêːn]	[plêːn]	0.0
slovene	žerti	[ʒrěːti]	[ʒrěːti]	0.0
slovene	tьma	[təmâ]	[tmâː]	0.3333333333333333
slovene	ę̄drò	[jɛ̌ːdro]	[jěːdro]	0.2222222222222222
slovene	pȍrsę	[prasɛ]	[prǎːsɛ]	0.25
slovene	glǫbòkъ	[ɡlɔbɔ̂k]	[ɡlɔbɔ̂k]	0.0
slovene	lъža	[laʒa]	[lǎːʒa]	0.2857142857142857
slovene	prȏstъ	[prɔ̂st]	[prôːst]	0.25
slovene	tъ̀ščь	[tə̂ʃt͡ʃ]	[təʃt]	0.3333333333333333
slovene	kamy	[kǎːmɛn]	[kǎːmɛn]	0.0
slovene	ěrostь	[jarôːst]	[jarôːst]	0.0
slovene	mojь	[mǒːj]	[mɔ̂j]	0.3333333333333333
slovene	bridъkъ	[brǐːdək]	[brǐːdək]	0.0
slovene	čȇrpъ	[t͡ʃrêːp]	[t͡ʃrêːp]	0.0
slovene	akъ	[jâːk]	[jâːk]	0.0
slovene	svě̑tъ	[sʋêːt]	[sʋêːt]	0.0
slovene	bujьnъ	[bǔːjən]	[bǔːjən]	0.0
slovene	lьjati	[lɛ̌ːja]	[lijǎːti]	0.5555555555555556
slovene	povorzъ	[pɔʋrâs]	[pɔ̌ːrsaʋ]	0.5
slovene	bỳti	[bǐːti]	[bǐːti]	0.0
slovene	korenь	[kɔrêːn]	[kɔ̌ːrɛn]	0.4444444444444444
slovene	bȏlgъ	[blâːk]	[blâːk]	0.0
slovene	xȏldъ	[xlâːt]	[xlâːt]	0.0
slovene	kūrìti	[kǔːriti]	[kǔːriti]	0.0
slovene	sь	[sɛj]	[s]	0.4
slovene	ajьce	[jǎːjt͡sɛ]	[jǎːt͡sɛ]	0.1
slovene	lǫ̑kъ	[lôːk]	[lôːk]	0.0
slovene	zęti	[zěːpsti]	[zěːpa]	0.3333333333333333
slovene	esètrъ	[jɛsɛ̀ːtər]	[ɛsěːtər]	0.2727272727272727
slovene	nadъ	[nât]	[nâːt]	0.16666666666666666
slovene	pъlkъ	[pɔ̂ːuk]	[pɔ̂ːk]	0.125
slovene	dupina	[dupǐːna]	[dupnǎːna]	0.2
slovene	sъ̏lnьce	[sɔ̂ːwnt͡sɛ]	[sɔlnêːt͡s]	0.4166666666666667
slovene	kujati sę	[kǔːjati sɛ]	[kujǎːti sɛ]	0.3333333333333333
slovene	gъ̀rdlo	[ɡərlo]	[ɡə̌ːrlo]	0.2222222222222222
slovene	bordatъ	[bradât]	[brǎːdat]	0.3333333333333333
slovene	čemerika	[t͡ʃɛmɛrǐːka]	[t͡ʃɛmɛrǐːka]	0.0
slovene	dьrnǫti	[də̌ːrɡniti]	[də̌ːrniti]	0.08333333333333333
slovene	dǭgà	[dǒːɡa]	[dɔ̌ːɡa]	0.25
slovene	kòrsta	[krǎːsta]	[krǎːsta]	0.0
slovene	čьrvь	[t͡ʃə̂ːrʋ]	[t͡ʃr̂ːʋ]	0.2
slovene	bodъlь	[bɔ̂ːdəl]	[bɔ̂ːt]	0.3333333333333333
slovene	majati	[mǎːjati]	[majǎːti]	0.4444444444444444
slovene	màti	[mǎːti]	[mǎːti]	0.0
slovene	moldъ	[mlâːt]	[mlâːt]	0.0
slovene	bě̄dà	[běːda]	[běːda]	0.0
slovene	tìskati	[tǐːskati]	[tǐːskati]	0.0
slovene	strьženь	[stərʒêːn]	[stə̌ːrʒɛn]	0.36363636363636365
slovene	ǫ̑gъlъ	[ôːɡəw]	[ʋôːɡəw]	0.125
slovene	šibati	[ʃǐːbati]	[ʃǐːbati]	0.0
slovene	xvórstъ	[xrǎːst]	[xrǎːst]	0.0
slovene	dvogubъ	[dʋɔɡûp]	[dʋɔ̂ːɡən]	0.4
slovene	zaverti	[zaʋrěːti]	[zǎːʋrjati]	0.36363636363636365
slovene	àgnę	[jǎːɡnjɛ]	[jǎːɡna]	0.2222222222222222
slovene	klъcati	[kɔwt͡sati]	[kəwt͡sǎːti]	0.25
slovene	pъtìca	[ptǐːt͡sa]	[ptǐːt͡sa]	0.0
slovene	gybati	[ɡǐːbati]	[ɡǐːbati]	0.0
slovene	vesnà	[ʋêːsna]	[ʋɛ̌ːsna]	0.2222222222222222
slovene	mъldni	[mɔ̌ːwnja]	[mɔ̌ːni]	0.3
slovene	mьněti	[mněːti]	[məneti]	0.375
slovene	ludъ	[lûːt]	[lûːt]	0.0
slovene	dьrpati	[də̌ːrpati]	[də̌ːrpati]	0.0
slovene	drъ̏vo	[də̌ːrʋo]	[dərʋa]	0.3333333333333333
slovene	kuka	[kǔːka]	[kǔːka]	0.0
slovene	sǫditi	[sə̌ːditi]	[sɔdǐːti]	0.5
slovene	bolzìna	[blazǐːna]	[blazǐːna]	0.0
slovene	stìgnǫti	[stǐːɡniti]	[stǐːɡniti]	0.0
slovene	gȏrdъ	[ɡrâːt]	[ɡrâːt]	0.0
slovene	polěti	[pɔlěːti]	[pɔlěːti]	0.0
slovene	čadъ	[t͡ʃâːt]	[t͡ʃâːt]	0.0
slovene	mìlъ	[mîːw]	[mîːl]	0.16666666666666666
slovene	svinьjà	[sʋǐːnja]	[sʋîːnja]	0.1111111111111111
slovene	golota	[ɡɔlôːta]	[ɡɔlǒːta]	0.1111111111111111
slovene	gỳnǫti	[ɡǐːniti]	[ɡǐːniti]	0.0
slovene	brìti	[brǐːti]	[brǐːti]	0.0
slovene	gadati	[ɡǎːdati]	[ɡǎːdati]	0.0
slovene	cěstiti	[listjɛ]	[t͡sěːstiti]	0.6666666666666666
slovene	lunà	[lǔːna]	[lǔːna]	0.0
slovene	màslo	[mǎːslo]	[mǎːslo]	0.0
slovene	dъvojь	[dʋôːi]	[dʋôːj]	0.14285714285714285
slovene	mǫ̑žь	[môːʃ]	[mǒːʃ]	0.16666666666666666
slovene	dȅsnъ	[děːsən]	[dɛ̌ːsən]	0.2222222222222222
slovene	zъlъ	[zə̂ʊ]	[zə̂w]	0.16666666666666666
slovene	tъ̀ščьjь	[tə̂ʃt͡ʃ]	[təʃt͡ʃi]	0.2222222222222222
slovene	svętъ	[sʋêːt]	[ssêːt]	0.14285714285714285
slovene	tvorìti	[tʋɔrǐːti]	[tʋɔrǐːti]	0.0
slovene	stàviti	[stǎːʋiti]	[stǎːʋiti]	0.0
slovene	grìva	[ɡrǐːʋa]	[ɡrǐːʋa]	0.0
slovene	godьnъ	[ɡɔ̌ːdən]	[ɡɔ̌ːdən]	0.0
slovene	kosà	[kɔ̌ːsa]	[kɔ̌ːsa]	0.0
slovene	tȗrъ	[tûːr]	[tûːr]	0.0
slovene	sъtȏ	[stôː]	[stǒːt]	0.2857142857142857
slovene	trǫtъ	[trôːt]	[trôːt]	0.0
slovene	žely	[ʒɛ̂ːwʋa]	[ʒɛ̌ːʋla]	0.3333333333333333
slovene	suti	[sǔːti]	[sǔːti]	0.0
slovene	gǫ̑sь	[ɡôːs]	[ɡôːs]	0.0
slovene	osnòvā	[ɔsnɔ̂ːʋa]	[ɔsnɔʋǎːʋa]	0.18181818181818182
slovene	rekti	[rɛ̌ːt͡ʃi]	[rɛ̌ːt͡ʃi]	0.0
slovene	ěbàti	[jɛ̌ːbati]	[jâːbati]	0.2
slovene	gàdъ	[ɡât]	[ɡât]	0.0
slovene	gȍr̨e	[ɡɔrjêː]	[ɡɔrjêː]	0.0
slovene	ešče	[ʃɛ̂]	[ɛʃt͡ʃɛ]	0.625
slovene	godina	[ɡôːdina]	[ɡɔ̌ːdina]	0.2
slovene	bьrati	[brǎːti]	[brǎːti]	0.0
slovene	polъ	[pôːl]	[pɔ̂ːw]	0.42857142857142855
slovene	vìděti	[ʋǐːditi]	[ʋiːděːti]	0.3
slovene	ȁgoda	[jǎːɡɔda]	[jaɡɔdǎː]	0.4444444444444444
slovene	edьnakъ	[ɛdnǎːk]	[ɛʒnâ]	0.5
slovene	pǫčina	[pɔt͡ʃǐːna]	[pɔ̌ːt͡ʃina]	0.3333333333333333
slovene	slȗxъ	[slûːx]	[slûːx]	0.0
slovene	ęga	[jěːza]	[jěːɡa]	0.14285714285714285
slovene	korỳto	[kɔrǐːto]	[kɔrǐːto]	0.0
slovene	šurь	[ʃurjǎːk]	[ʃûːr]	0.5555555555555556
slovene	sȗxъ	[sûːx]	[sûːx]	0.0
slovene	mě̑sìti	[měːsiti]	[meːsǐːti]	0.3
slovene	čerěnъ	[t͡ʃɛrên]	[t͡ʃɛrěːn]	0.2
slovene	elъkъ	[jɛ̌ːrək]	[lɛ̂k]	0.5555555555555556
slovene	tǭgà	[tǒːɡa]	[tǒːɡa]	0.0
slovene	paxati	[pǎːxati]	[pâːxati]	0.1111111111111111
slovene	klęčati	[klěːt͡ʃati]	[klěːt͡ʃati]	0.0
slovene	strigti	[strǐːt͡ʃi]	[strǐːt͡ʃi]	0.0
slovene	nosìti	[nɔ̌ːsiti]	[nɔ̌ːsiti]	0.0
slovene	oje	[ɔjêː]	[ɔjêː]	0.0
slovene	čìstъ	[t͡ʃîst]	[t͡ʃîst]	0.0
slovene	dòlnь	[dlân]	[dlâːn]	0.14285714285714285
ukrainian	glota	[ɡlɔˈtɑ]	[ɦlɔˈtɑ]	0.125
ukrainian	ȅsenь	[ˈɔsʲinʲ]	[ˈjɔsʲɪnʲ]	0.2
ukrainian	bydlo	[ˈbɪdɫɔ]	[ˈbɪɫɔ]	0.125
ukrainian	žeravь	[ʒurɑˈwɛlʲ]	[ʒɑˈrɑve]	0.5454545454545454
ukrainian	podъ	[ˈpʲid]	[ˈpɔd]	0.2857142857142857
ukrainian	čelověkъ	[t͡ʃɔlɔˈwʲik]	[t͡ʃeˈlɔvʲɛk]	0.38461538461538464
ukrainian	glìva	[ˈɦlʲiwɐ]	[ˈɦlɪʋɐ]	0.3333333333333333
ukrainian	olni	[ˈlɔne]	[ˈlɔne]	0.0
ukrainian	čérdъ	[ˈt͡ʃɛrɛd]	[t͡ʃeˈrɛʃ]	0.4
ukrainian	strȗpъ	[ˈstrup]	[ˈstrup]	0.0
ukrainian	blekotъ	[ˈblɛkʲit]	[ˈblɛkɔt]	0.2
ukrainian	kotora	[kɔtɔˈrɑ]	[kɔˈtɔrɐ]	0.3333333333333333
ukrainian	làjati	[ˈlɐjɪtʲɪ]	[ˈlɑjɐtʲi]	0.3
ukrainian	męzdro	[mʲizˈdrɔ]	[mʲɪzˈrɔdrɔ]	0.25
ukrainian	dura	[ˈdʲurɐ]	[ˈdurɐ]	0.125
ukrainian	mlinъ	[ˈmlʲin]	[ˈmɪn]	0.375
ukrainian	brȏdъ	[ˈbrʲid]	[ˈbrʲid]	0.0
ukrainian	elbedь	[ˈlɛbʲidʲ]	[ˈlɛbʲidʲ]	0.0
ukrainian	dužьjь	[ˈduʒɪj]	[ˈduʒij]	0.125
ukrainian	mъldni	[mɐlɐdʲˈnʲɑ]	[ˈmɔnɪnʲi]	0.6666666666666666
ukrainian	nyr̨ati	[neˈrʲɑte]	[ˈnɪrɐte]	0.5
ukrainian	serъjь	[ˈsʲirej]	[ˈsɛrej]	0.2222222222222222
ukrainian	slùxati	[ˈsluxɐte]	[ˈsluxɐte]	0.0
ukrainian	čȇrvo	[ˈt͡ʃɛrewɔ]	[t͡ʃeˈrɛwɔ]	0.36363636363636365
ukrainian	blьknǫti	[ˈblɛknʊte]	[blɪˈnute]	0.36363636363636365
ukrainian	drobìna	[drɔbeˈnɑ]	[ˈdrɔbɪ]	0.5
ukrainian	bledъjь	[blʲiˈdɪj]	[ˈblɛde]	0.6
ukrainian	ese	[ɔˈsɛ]	[ˈɔsʲi]	0.5714285714285714
ukrainian	bobrъ	[ˈbʲibr]	[ˈbɔbɔr]	0.375
ukrainian	dьl̨a	[dʲiˈlʲɑ]	[ˈdlʲɑ]	0.4444444444444444
ukrainian	bràtъ	[ˈbrɑt]	[ˈbrɑt]	0.0
upper_sorbian	rodìti	[ˈʀod͡ʒit͡ʃ]	[ˈʀɔd͡ʒit͡ʃ]	0.08333333333333333
upper_sorbian	ěti	[ˈjɪt͡ʃ]	[ˈjɪt͡ʃ]	0.0
upper_sorbian	ȇ̌dъ	[ˈjɪt]	[ˈjɪt]	0.0
upper_sorbian	drobìna	[ˈdʀobʲina]	[ˈdʀobʲina]	0.0
upper_sorbian	vòlga	[ˈwoha]	[ˈwoha]	0.0
upper_sorbian	čerslò	[ˈt͡ʃʀʲʊswɔ]	[ˈt͡ʃʀʲɛʀwɔ]	0.16666666666666666
upper_sorbian	blizъkъjь	[ˈbliskʲi]	[ˈbɨskʲik͡ʃ]	0.4166666666666667
upper_sorbian	plotъ	[ˈpʊt]	[ˈpwɔt]	0.2857142857142857
upper_sorbian	čь̑stь	[ˈt͡ʃɛst͡ʃ]	[ˈt͡ʃɛst͡ʃ]	0.0
upper_sorbian	ežь	[ˈjɪʃ]	[ˈjɛʃ]	0.16666666666666666
upper_sorbian	akъ	[ˈjaknɨ]	[ˈjak]	0.25
upper_sorbian	redъkъjь	[ˈʀʲɪtkʲi]	[ˈʀʲɪtkʲi]	0.0
upper_sorbian	kòlda	[ˈkwʊda]	[ˈkwoda]	0.125
upper_sorbian	vixъrъ	[ˈwʲixɔɐ̯]	[ˈwʲix]	0.3
upper_sorbian	sěkti	[ˈsɨt͡s]	[ˈsɨt͡ʃ]	0.125
upper_sorbian	gòrxъ	[ˈʀox]	[ˈʀʊx]	0.16666666666666666
upper_sorbian	ȁsenь	[ˈjasen]	[ˈjesɛnɨ]	0.3333333333333333
upper_sorbian	ležàti	[ˈleʒɛt͡ʃ]	[ˈlʲaʒat͡ʃ]	0.2727272727272727
upper_sorbian	dȏmъ	[ˈdom]	[ˈdʊmʊ]	0.2857142857142857
upper_sorbian	pȇktь	[ˈpʲɪt͡s]	[ˈpʲet͡s]	0.1111111111111111
upper_sorbian	moldьnъjь	[ˈmʊdnɨ]	[ˈmʊwdɨj]	0.3333333333333333
upper_sorbian	brȏdъ	[ˈbʀʊt]	[ˈbʀʊt]	0.0
upper_sorbian	mь̀čь	[ˈmet͡ʃ]	[ˈmʊt͡ʃ]	0.125
upper_sorbian	eterъ	[ˈwotʀɨ]	[ˈjɛt͡ʃɛʀɨ]	0.45454545454545453
upper_sorbian	olkomъjьjь	[ˈwakomɨ]	[ˈwakomɨɨ]	0.1
