bcs	žędьnъ	[ʒěːdan]	[ʒêdan]	0.25
bcs	mȃstь	[mâːst]	[mâːst]	0.0
bcs	lobъzati	[lobzbât]	[lobâsati]	0.4
bcs	kỳla	[kîla]	[kîla]	0.0
bcs	xorniti	[xrǎːniti]	[xrǎːniti]	0.0
bcs	sъlojь	[slôːj]	[slôːj]	0.0
bcs	tesàti	[těsati]	[těsati]	0.0
bcs	mižati	[mǐːʒdati]	[mîʒati]	0.3
bcs	dérnъ	[drîjen]	[drîjen]	0.0
bcs	gatati	[ɡǎːtati]	[ɡâtati]	0.2222222222222222
bcs	ot	[od]	[ot]	0.25
bcs	ěrъka	[jârka]	[jârka]	0.0
bcs	grozà	[ɡrǒza]	[ɡrǒza]	0.0
bcs	grozdьje	[ɡrôːʑd͡ʑe]	[ɡrôːzdja]	0.36363636363636365
bcs	nasъ	[nâːs]	[nâːs]	0.0
bcs	gomol̨a	[ɡǒmoʎa]	[ɡômoʎa]	0.125
bcs	sъ	[s]	[s]	0.0
bcs	gospodinъ	[ɡospǒdin]	[ɡosplodˈna]	0.3333333333333333
bcs	glumiti	[ɡlǔːmiti]	[ɡlǔːmiti]	0.0
bcs	mirъ	[mîːr]	[mîr]	0.16666666666666666
bcs	òrtajь	[rǎtaj]	[râtaːj]	0.25
bcs	glògъ	[ɡlôɡ]	[ɡlôːɡ]	0.14285714285714285
bcs	blęsti	[blesti]	[blěːsti]	0.2222222222222222
bcs	palica	[pâlit͡sa]	[pâlit͡sa]	0.0
bcs	mьlčàti	[mǔːt͡ʃati]	[mǔːt͡ʃati]	0.0
bcs	kypě̀ti	[kǐːpjeti]	[kǐːpati]	0.2
bcs	kruxъ	[krûx]	[krûːx]	0.14285714285714285
bcs	kvisti	[t͡sʋǎsti]	[t͡sʋîːst]	0.3
bcs	vь̀rxъ	[ʋr̂ːx]	[ʋr̂ːx]	0.0
bcs	rȏdъ	[rôːd]	[rôːd]	0.0
bcs	čerslò	[t͡ʃrijěslo]	[t͡srijěslo]	0.08333333333333333
bcs	jьmàti	[ǐmati]	[imâti]	0.2857142857142857
bcs	gǫ̀ba	[ɡûba]	[ɡûba]	0.0
bcs	sỳtъjь	[sît]	[sîta]	0.16666666666666666
bcs	prijati	[prǐjati]	[prǐːjati]	0.1
bcs	grъměždžь	[křmeːʎ]	[ɡr̂meje]	0.5555555555555556
bcs	basnь	[bâsan]	[bâːsan]	0.125
bcs	krīdlò	[krǐːlo]	[krǐːlo]	0.0
bcs	sȏkъ	[sôːk]	[sôːk]	0.0
bcs	dīvìti sę	[dǐːʋiti]	[dǐːʋiti]	0.0
bcs	gàziti	[ɡâziti]	[ɡâziti]	0.0
bcs	čerzъ	[t͡ʃrêz]	[t͡srîjez]	0.4
bcs	sě̀nь	[sjên]	[sjên]	0.0
bcs	pę̑dь	[pêːd]	[pêːd]	0.0
bcs	ovъ	[ǒʋaːj]	[od]	0.7142857142857143
bcs	rỳti	[rîti]	[rîti]	0.0
bcs	grǫziti	[ɡrûziti]	[ɡrǔːziti]	0.2
bcs	grobъ	[ɡrôb]	[ɡrôːb]	0.14285714285714285
bcs	moldъ	[mlâːd]	[mlâːd]	0.0
bcs	sьršenь	[sr̂ʃʎeːɲ]	[sr̂ʃen]	0.3
bcs	stьdzà	[stǎza]	[st͡zâza]	0.3333333333333333
bcs	majati	[mâjati]	[mâjati]	0.0
bcs	mǫ̑žь	[mûːʒ]	[mûːʒ]	0.0
bcs	ǫtrь	[unǔːtar]	[utra]	0.5555555555555556
bcs	motriti	[mǒtriti]	[mǒtriti]	0.0
bcs	byvati	[bǐːʋati]	[bǐːʋati]	0.0
bcs	gumьnò	[ɡǔːmno]	[ɡǔːmno]	0.0
bcs	tỳti	[tîti]	[tîti]	0.0
bcs	trāvìti	[trǎːʋiti]	[trǎːʋiti]	0.0
bcs	šȇstь	[ʃêːst]	[ʃêsti]	0.2857142857142857
bcs	bèrmę	[brême]	[brîjem]	0.375
bcs	kòn̨ь	[kôɲ]	[kôɲ]	0.0
bcs	pràvъ	[prâʋ]	[prâʋ]	0.0
bcs	luska	[ʎûska]	[ʎûska]	0.0
bcs	voldati	[ʋlǎːdati]	[ʋlǎːdati]	0.0
bcs	dě́lъ	[dîjel]	[djao]	0.42857142857142855
bcs	běžàti	[bjěʒati]	[běʒati]	0.1111111111111111
bcs	slàbъ	[slâb]	[slâb]	0.0
bcs	màti	[mâti]	[mâti]	0.0
bcs	tъ̀ščьjь	[tâʃt]	[tâʃt͡sa]	0.3333333333333333
bcs	jьkrà	[îkra]	[ǐkra]	0.16666666666666666
bcs	kropiti	[krǒpiti]	[krǒpiti]	0.0
bcs	deltò	[dlijěto]	[dlito]	0.2222222222222222
bcs	poriti	[pǒriti]	[pǒriti]	0.0
bcs	vodìti	[ʋǒditi]	[ʋǒditi]	0.0
bcs	pȍjāsъ	[pôjaːs]	[pôːs]	0.25
bcs	kopьje	[kǒpʎe]	[kôpi]	0.42857142857142855
bcs	kukonosъ	[kukǒnos]	[kǔːkno]	0.4444444444444444
bcs	bèrdjь	[brêd͡ʑ]	[brêd͡ʑa]	0.1111111111111111
bcs	kadìdlo	[kǎdilo]	[kǎdilo]	0.0
bcs	tě̑sto	[tîjesto]	[tjêsto]	0.2222222222222222
bcs	kazati	[kǎːzati]	[kǎzati]	0.1111111111111111
bcs	čìstiti	[t͡ʃîstiti]	[t͡ʃîstit͡s]	0.16666666666666666
bcs	sъmьrtь	[smr̂t]	[smr̂ːt]	0.125
bcs	vȏlsъ	[ʋlâːs]	[ʋlâːs]	0.0
bcs	xlǫdъ	[xlǔːd]	[xlûːd]	0.14285714285714285
bcs	rȏgъ	[rôːɡ]	[rôːɡ]	0.0
bcs	mỳti	[mîti]	[mîti]	0.0
bcs	ežina	[jěʒina]	[jěʒina]	0.0
bcs	kādìti	[kǎːditi]	[kǎːditi]	0.0
bcs	rębica	[rebit͡sa]	[rebit͡sa]	0.0
bcs	tajìti	[tǎːjiti]	[tajǐti]	0.3333333333333333
bcs	ěrina	[jârina]	[jârina]	0.0
bcs	lȏvъ	[lôːʋ]	[lôːʋ]	0.0
bcs	vortìti	[ʋrǎːtiti]	[ʋrǎːtiti]	0.0
bcs	mȏltъ	[mlâːt]	[mlâːt]	0.0
bcs	kъrkati	[křːkati]	[křːkati]	0.0
bcs	žely	[ʒêlʋa]	[ʒěːʎi]	0.5714285714285714
bcs	dȃnь	[dan]	[dâːn]	0.3333333333333333
bcs	nestì	[něsti]	[něsti]	0.0
bcs	krȋkъ	[krîːk]	[krîːk]	0.0
bcs	desiti	[děsiti]	[děsiti]	0.0
bcs	polìca	[pǒlit͡sa]	[pǒlit͡sa]	0.0
bcs	radi	[râdi]	[rrǎːdi]	0.375
bcs	ědro	[jêdro]	[jâdro]	0.14285714285714285
bcs	čь̑stь	[t͡ʃâːst]	[t͡ʃêːst]	0.1111111111111111
bcs	žarъ	[ʒâːr]	[ʒâːr]	0.0
bcs	zaverti	[zǎʋrjeti]	[zaʋrjěti]	0.2
bcs	dьl̨a	[dijel]	[dǐʎa]	0.5714285714285714
bcs	rǭkà	[rǔːka]	[rǔːka]	0.0
bcs	studìti	[stǔːditi]	[stǔːditi]	0.0
bcs	kъsьnъ	[kâsan]	[kâsan]	0.0
bcs	četverъ	[t͡ʃêtʋer]	[t͡ʃětʋer]	0.1
bcs	žìla	[ʒîla]	[ʒîla]	0.0
bcs	nikati	[nîkat]	[nikěːti]	0.4444444444444444
bcs	smȏrdъ	[smrâːd]	[smrâːd]	0.0
bcs	lemešь	[lěmeʃ]	[lêmeːʃ]	0.25
bcs	dьržati	[dřʒati]	[drʒati]	0.125
bcs	ògn̨ь	[ǒɡaɲ]	[ôɡɲa]	0.5
bcs	mèrža	[mrêʒa]	[mrêʒa]	0.0
bcs	vȏzъ	[ʋôːz]	[ʋôːz]	0.0
bcs	drȗgъ	[drûːɡ]	[drûːɡ]	0.0
bcs	lъža	[lǎʒa]	[lǎːʒa]	0.14285714285714285
bcs	pь̀lnъ	[pûn]	[pûn]	0.0
bcs	dьlti	[dǔːpsti]	[dǔːti]	0.2222222222222222
bcs	dьrpati	[dřːpati]	[dřpati]	0.1111111111111111
bcs	cè̌sta	[t͡sêsta]	[t͡sêsta]	0.0
bcs	pěšь	[pjêʃe]	[pâjeʃ]	0.42857142857142855
bcs	ě̀snъ	[jâsan]	[jâsan]	0.0
bcs	teplъ	[tôpao]	[těpʎa]	0.42857142857142855
bcs	bo	[bo]	[bô]	0.25
bcs	tęgъ	[têːɡ]	[têːɡ]	0.0
bcs	morvi	[mrâːʋ]	[mrâʋ]	0.14285714285714285
bcs	bojь	[bôːj]	[bôːj]	0.0
bcs	ebàti	[jěbati]	[jǒbati]	0.125
bcs	kukati	[kûkati]	[kûkati]	0.0
bcs	bǫbьnъ	[bûːbaɲ]	[bǔːban]	0.25
bcs	krǫtiti	[krǔːtiti]	[krǔːtiti]	0.0
bcs	ȁgoda	[jâɡoda]	[jâɡdod]	0.25
bcs	plỳti	[plîti]	[plîti]	0.0
bcs	òrdlo	[râlo]	[roblo]	0.2857142857142857
bcs	strigti	[strît͡ɕi]	[strǐːt͡ɕi]	0.18181818181818182
bcs	vědrò	[ʋjědro]	[ʋijědro]	0.1111111111111111
bcs	akъjь	[jâːk]	[jâkaː]	0.42857142857142855
belarusian	dura	[d͡zʲuˈra]	[ˈdura]	0.5
belarusian	berstъ	[ˈbʲerast]	[ˈbʲerest]	0.1
belarusian	glístъ	[ˈɣlʲist]	[ˈɣlʲist]	0.0
belarusian	blekotъ	[ˈblʲokat]	[ˈblʲakət]	0.2
belarusian	strȗpъ	[ˈstrup]	[ˈstrup]	0.0
belarusian	ǫty	[ˈut͡sʲ]	[ˈut͡sat͡ɕ]	0.36363636363636365
belarusian	bȏlь	[ˈbolʲ]	[ˈbolʲ]	0.0
belarusian	dužьjь	[ˈduʐɨ]	[ˈduʐɨj]	0.125
bulgarian	nòvъ	[ˈnɔf]	[ˈnɔf]	0.0
bulgarian	eto	[ˈɛto̝]	[ɛˈtɔ]	0.5714285714285714
bulgarian	pěga	[ˈpɛɡə]	[ˈpʲarɡə]	0.3333333333333333
bulgarian	čudjǫ	[ˈt͡ʃudʲə]	[ˈt͡ʃudə]	0.1
bulgarian	màkъ	[ˈmak]	[ˈmak]	0.0
bulgarian	tęga	[ˈtʲaɡə]	[tɛˈɡa]	0.5
bulgarian	nevodъ	[ˈnɛvot]	[nɛˈvɔt]	0.375
bulgarian	žьltъ	[ˈʒɤɫt]	[ˈʒlɤt]	0.2857142857142857
bulgarian	bě̄dà	[bɛˈda]	[bɛˈdɤ]	0.14285714285714285
bulgarian	jùgъ	[ˈjuk]	[ˈjuk]	0.0
bulgarian	orstǫ	[rɐˈsta]	[ˈrastə]	0.5
bulgarian	òrkъ	[ˈrak]	[ˈrak]	0.0
bulgarian	rebrò	[rɛˈbrɔ]	[rɛˈbrɔ]	0.0
bulgarian	ě̀to	[ˈjato]	[ˈjato]	0.0
bulgarian	gàžǫ	[ˈɡazʲə]	[ˈɡaʒə]	0.25
bulgarian	màjǫ	[ˈmajə]	[ˈmajə]	0.0
bulgarian	vě̀jǫ	[ˈvɛjə]	[ˈvɛjə]	0.0
bulgarian	blъxà	[bɤlˈxa]	[bləˈxa]	0.25
bulgarian	stòlъ	[ˈstɔl]	[ˈstoɫ]	0.2857142857142857
bulgarian	bū̑čǫ	[buˈt͡ʃa]	[buˈt͡ʃa]	0.0
bulgarian	smȏrdъ	[ˈsmrat]	[ˈsmrat]	0.0
bulgarian	ęga	[ɛnˈza]	[jɛˈɡa]	0.42857142857142855
bulgarian	bě̑sъ	[ˈbjas]	[ˈbʲas]	0.14285714285714285
bulgarian	dȏjǫ	[dɔˈja]	[ˈdɔjə]	0.42857142857142855
bulgarian	dūšà	[duˈʃa]	[ˈduʃə]	0.42857142857142855
bulgarian	tьlějǫ	[ˈtlɛjə]	[ˈtlijə]	0.125
bulgarian	blьščǫ	[ˈblɛʃtʲə]	[ˈbliʃtə]	0.2
bulgarian	mǫ̀ka	[ˈmŋka]	[ˈmɛkə]	0.2857142857142857
bulgarian	klokotjǫ	[kɫoˈkɔtəti]	[kləˈkotʲ]	0.5
bulgarian	velìkъ	[vɛˈlik]	[vɛˈlik]	0.0
bulgarian	dě̀lo	[ˈdɛlo]	[ˈdɛɫo]	0.14285714285714285
bulgarian	govьnò	[ɡovˈnɔ]	[ɡoˈvnɔ]	0.25
bulgarian	drebьnъ	[ˈdrɛbɛn]	[ˈdrɛbɛn]	0.0
bulgarian	drobl̨ǫ	[droˈbʲa]	[droˈbʲa]	0.0
bulgarian	sèdmь	[ˈsɛdmi]	[ˈsɛdmi]	0.0
bulgarian	gorà	[ɡoˈra]	[ɡoˈra]	0.0
bulgarian	vȏlkъ	[ˈvlak]	[ˈvlak]	0.0
bulgarian	gńìda	[ˈɡnidə]	[ˈɡnidə]	0.0
bulgarian	golěmъ	[ɡoˈʎam]	[ˈɡɔlɛm]	0.625
bulgarian	gospodь	[ˈɡɔspot]	[ɡˈspɔtʲ]	0.4444444444444444
bulgarian	xomǫtъ	[xoˈmɔt]	[xoˈmat]	0.125
bulgarian	nùdja	[ˈnuʒdə]	[ˈnʲidə]	0.25
bulgarian	i	[ˈi]	[ˈi]	0.0
bulgarian	trudъ	[ˈtrut]	[ˈtrut]	0.0
bulgarian	vȅčerъ	[ˈvɛt͡ʃɛr]	[ˈvɛrɛʃ]	0.4
bulgarian	lь̑nъ	[ˈlʲɛn]	[ˈlin]	0.2857142857142857
bulgarian	àblъka	[ˈjapəlkə]	[ˈjabɫəə]	0.4
bulgarian	klěšča	[ˈklɛʃti]	[ˈklɛʃt͡ʃɛ]	0.2727272727272727
bulgarian	pěšь	[ˈpɛʃ]	[ˈpɛʃi]	0.14285714285714285
bulgarian	dě̀va	[ˈdɛvə]	[ˈdɛvə]	0.0
bulgarian	mě̑šǫ̀	[ˈmɛsʲə]	[ˈmɛʃə]	0.25
bulgarian	akъ	[ˈjakʲij]	[ˈak]	0.4444444444444444
bulgarian	čarъ	[ˈt͡ʃar]	[ˈt͡ʃaɫ]	0.125
bulgarian	dīvl̨ǫ	[diˈvʲa]	[diˈvʲa]	0.0
bulgarian	esètra	[ɛˈsɛtrə]	[ɛˈsɛtrə]	0.0
bulgarian	tvь̑rdъ	[ˈtfɔrt]	[ˈtvərs]	0.375
bulgarian	dročǫ	[ˈdrɔt͡ʃə]	[drɐˈt͡ʃɤr]	0.45454545454545453
bulgarian	bor̨ǫ̀	[ˈbɔrʲə]	[ˈbɔrʲə]	0.0
bulgarian	deltò	[dlɛˈtɔ]	[dɛlˈtɔ]	0.25
bulgarian	vetъxъ	[ˈvɛt͡sxi]	[ˈvɛtxiː]	0.3
bulgarian	radjǫ	[rɐˈdʲa]	[ˈrad͡ʃə]	0.6666666666666666
bulgarian	òdrъ	[ˈɔdər]	[ˈodər]	0.14285714285714285
bulgarian	dȅsnъ	[ˈdɛsɛn]	[ˈdɛsən]	0.125
bulgarian	grějǫ	[ˈɡrɛjə]	[ˈɡrɛjə]	0.0
bulgarian	otъvor̨ǫ̀	[otˈvɔrʲə]	[otˈvrʲa]	0.2
bulgarian	ob	[ˈɔ]	[ˈɔ]	0.0
bulgarian	bèrza	[brɛˈza]	[ˈbrɛzə]	0.375
bulgarian	gně̀vъ	[ˈɡnʲaf]	[ˈɡnɛf]	0.25
bulgarian	drěml̨ǫ̀	[ˈdrɛmʲə]	[drɛˈmʲa]	0.3333333333333333
bulgarian	pь̀rstъ	[ˈprɤst]	[ˈprɤst]	0.0
bulgarian	po	[ˈpo]	[ˈpɔ]	0.2
bulgarian	sočǫ	[soˈt͡ʃa]	[soˈt͡sɛ]	0.2222222222222222
bulgarian	màlъ	[ˈmaɫ]	[ˈmaɫ]	0.0
bulgarian	devętъ	[dɛˈvɛti]	[dɛˈvɛti]	0.0
bulgarian	zìnǫ	[ˈzinə]	[ˈzinə]	0.0
bulgarian	làpa	[ˈlapə]	[ˈlapə]	0.0
bulgarian	grozьnъ	[ˈɡrɔzɛn]	[ˈɡrɔzɛn]	0.0
bulgarian	govor̨ǫ	[ɡoˈvɔrʲə]	[ɡovoˈrʲa]	0.4
bulgarian	velkǫ	[vlɛˈkə]	[ˈvlʲakə]	0.3333333333333333
bulgarian	žędьnъ	[ˈʒadɛn]	[ʒɛdˈna]	0.5
bulgarian	pȇktь	[ˈpɛʃt]	[ˈpɛt͡ʃ]	0.375
bulgarian	dьnьsь	[ˈdnɛs]	[ˈdɛn]	0.2857142857142857
bulgarian	sǫ́dъ	[ˈsɤ]	[ˈsɤt]	0.16666666666666666
bulgarian	lě̑vъ	[ˈlʲaf]	[ˈlʲaf]	0.0
bulgarian	bū̑djǫ	[ˈbudʲə]	[ˈbudə]	0.125
bulgarian	vȏrnъ	[ˈvran]	[ˈvran]	0.0
bulgarian	žьnǫ	[ˈʒɛn]	[ˈʒna]	0.3333333333333333
bulgarian	dupę	[ˈdupɛ]	[ˈduɛ]	0.14285714285714285
bulgarian	sìvъ	[ˈsif]	[ˈsif]	0.0
bulgarian	osmъ	[ˈɔsmi]	[ˈɔsəm]	0.2857142857142857
bulgarian	òrmę	[ˈramo]	[ˈramɛ]	0.14285714285714285
bulgarian	čьto	[ˈʃtɔ]	[ˈt͡ʃɛto]	0.4444444444444444
bulgarian	mižǫ	[miˈʒa]	[ˈmiʒə]	0.42857142857142855
bulgarian	čędъ	[ˈt͡ʃɛdo]	[ˈt͡ʃɛt]	0.2222222222222222
bulgarian	vel̨ǫ	[ˈvɛlʲə]	[vɛˈlʲa]	0.375
bulgarian	nicь	[ˈniit͡som]	[ˈnit͡s]	0.2727272727272727
church_slavic	kruxъ	[kruxʊ]	[kruxʊ]	0.0
church_slavic	netьjь	[nɛtii]	[nɛt͡ʃijɛ]	0.4
church_slavic	sokъ	[sɔkʊ]	[sɔkɔkʊ]	0.25
church_slavic	krьnǫti	[krɪnuti]	[krʊnɔ̃ti]	0.3
church_slavic	nъně	[nʊnæ]	[nʊnæ]	0.0
church_slavic	matorъ	[matɔrʊ]	[matɔrʊitʊ]	0.2727272727272727
church_slavic	černovitъ	[t͡ʃrænɔvitʊ]	[t͡ʃrænɔvʊ]	0.15384615384615385
church_slavic	krъxa	[krʊxa]	[krʊxa]	0.0
church_slavic	edrъjь	[jadrɨi]	[ɛ̃drii]	0.375
church_slavic	čùti	[t͡ʃuti]	[t͡ʃuti]	0.0
church_slavic	męti	[mɛ̃ti]	[mɛ̃ti]	0.0
church_slavic	lě̑pъ	[læpʊ]	[læpʊ]	0.0
church_slavic	vedrъ	[vɛdrʊ]	[vɛdrʊ]	0.0
church_slavic	kǫdě	[kɔ̃dæ]	[kɔ̃dæ]	0.0
church_slavic	lokati	[lɔkati]	[lɔkati]	0.0
church_slavic	pȍrsę	[prasɛ̃]	[prasɛ̃]	0.0
church_slavic	lisìca	[lisit͡sa]	[lisit͡sa]	0.0
church_slavic	lětь	[lætɪ]	[lætɪ]	0.0
church_slavic	kremy	[krɛmɨ]	[krɛmɛnʊ]	0.3333333333333333
church_slavic	bъrzdъ	[bɔrzdɔ]	[brɔzdʊ]	0.375
church_slavic	gobino	[ɡɔbinɔ]	[ɡɔbinɔ]	0.0
church_slavic	ěra	[jara]	[jara]	0.0
church_slavic	čędь	[t͡ʃadɪ]	[t͡ʃɛ̃dɪ]	0.2222222222222222
church_slavic	ě̀to	[jatɔ]	[jætɔ]	0.16666666666666666
church_slavic	dьlti	[dʊlbsti]	[dɪluti]	0.3333333333333333
church_slavic	glumiti	[ɡlumiti]	[ɡlumiti]	0.0
church_slavic	čerdìti	[t͡ʃræditi]	[t͡ʃræditi]	0.0
church_slavic	pǫpъ	[pupʊ]	[pɔ̃pʊ]	0.2857142857142857
church_slavic	lь̑nъ	[lɪnʊ]	[lɪnʊ]	0.0
church_slavic	zěvati	[zævati]	[zævati]	0.0
church_slavic	sьcati	[sɪt͡sati]	[st͡sati]	0.1
church_slavic	jьzgàziti	[izɡaziti]	[izɡaziti]	0.0
church_slavic	solovikъ	[slavii]	[sɔlɔviti]	0.3
church_slavic	basnь	[basnɪ]	[basnɪ]	0.0
church_slavic	bȏrvъ	[bravʊ]	[bravʊ]	0.0
church_slavic	mьšelъ	[mɪʃɛlʊ]	[mɪʃɛlʊ]	0.0
church_slavic	goditi	[ɡɔditi]	[ɡɔditi]	0.0
church_slavic	blьskъ	[blɪskʊ]	[blɪskʊ]	0.0
church_slavic	nukati	[nukati]	[nukati]	0.0
church_slavic	gъnǫti	[ɡʊnuti]	[ɡʊnɔ̃ti]	0.2222222222222222
czech	vòl̨a	[ˈvuːlɛ]	[ˈvolla]	0.375
czech	vьsь	[ˈvɛs]	[ˈvɛs]	0.0
czech	rȗx	[ˈrux]	[ˈrox]	0.16666666666666666
czech	bridъkъ	[ˈbr̝ɪtkiː]	[ˈbrɪtkiː]	0.09090909090909091
czech	cě̄nà	[ˈt͡sɛna]	[ˈt͡sɛna]	0.0
czech	plástъ	[ˈplaːst]	[ˈplast]	0.1111111111111111
czech	plěsnь	[ˈpliːsɛɲ]	[ˈplɛsɛɲ]	0.2
czech	govьnò	[ˈɦovno]	[ˈɦovnɛ]	0.125
czech	vixъrъ	[ˈvɪxr̩]	[ˈvɪxriː]	0.2222222222222222
czech	òlkomъ	[ˈlakomiː]	[ˈlakom]	0.2
czech	ob	[ˈo]	[ˈobo]	0.3333333333333333
czech	migati	[ˈmiːɦat]	[ˈmɪɡat]	0.3333333333333333
czech	ròjь	[ˈroj]	[ˈroj]	0.0
czech	kasati	[ˈkasat]	[ˈkaːsat]	0.1111111111111111
czech	kyjь	[ˈkɪj]	[ˈkiːjɪt]	0.4444444444444444
czech	xomǫtъ	[ˈxomowt]	[ˈxomaːt]	0.2222222222222222
czech	kysati	[ˈkɪsat]	[ˈkiːsat]	0.2222222222222222
czech	černъ	[ˈt͡ʃɛr̝ɛn]	[ˈtr̝̊ɛno]	0.45454545454545453
czech	lě̀zti	[ˈlɛːst]	[ˈlɛːst]	0.0
czech	zъvati	[ˈzvaːt]	[ˈzvaːt]	0.0
czech	glьjь	[ˈɡljɛj]	[ˈɦliːt]	0.5
czech	golgolъ	[ˈɦlaɦol]	[ˈɦlaɦol]	0.0
czech	lomìti	[ˈlomɪt]	[ˈlomɪt]	0.0
czech	kъlka	[ˈkɛlka]	[ˈklok]	0.375
czech	sъmè̌ti	[ˈsm̩ɲɛt]	[ˈsmjɛt]	0.2222222222222222
czech	motati	[ˈmotat]	[ˈmotat]	0.0
czech	rekti	[ˈr̝iːt͡sɪ]	[ˈr̝ɛːt͡sɪ]	0.09090909090909091
czech	orbiti	[ˈrobɪt]	[ˈrabɪt]	0.125
czech	òsmь	[ˈosm̩]	[ˈosɛm]	0.2857142857142857
czech	dě̀lo	[ˈɟiːlo]	[ˈɟiːlo]	0.0
czech	sъlàti	[ˈslaːt]	[ˈslaːt]	0.0
czech	ěsti	[ˈjiːst]	[ˈjɛst]	0.25
czech	zęti	[ˈzaːpst]	[ˈzɛt]	0.4444444444444444
czech	lȏjь	[ˈluːj]	[ˈluːt]	0.14285714285714285
czech	četvьrtъ	[ˈt͡ʃtvr̩tiː]	[ˈt͡ʃtɛvrɪtʲ]	0.3076923076923077
czech	obora	[ˈobora]	[ˈobora]	0.0
czech	po	[ˈpo]	[ˈpo]	0.0
czech	děti	[ˈɟɛcɪ]	[ˈɟiːt]	0.42857142857142855
czech	lьněnъ	[ˈlɲɛniː]	[ˈlɲɛniː]	0.0
czech	pàra	[ˈpaːra]	[ˈpaːra]	0.0
czech	gъrbъ	[ˈɦr̩p]	[ˈɦr̩p]	0.0
czech	polvъ	[ˈplaviː]	[ˈpoplaf]	0.5555555555555556
czech	kašьl̨ati	[ˈkaʃlat]	[ˈkaʃlaːt]	0.1
czech	lъbъ	[ˈlɛpka]	[ˈlɛp]	0.25
czech	vь̀lna	[ˈvl̩na]	[ˈvl̩na]	0.0
czech	golotь	[ˈɦolot ɦo ɦolot]	[ˈɦolot]	0.5294117647058824
czech	grę̑znǫti	[ˈɦr̝ɛznowt]	[ˈɦr̝aznot]	0.16666666666666666
czech	nȏktь	[ˈnot͡s]	[ˈnot͡s]	0.0
czech	slìva	[ˈsliːva]	[ˈsliːva]	0.0
czech	tǭgà	[ˈtowɦa]	[ˈtuɦa]	0.25
czech	snъxà	[ˈsnaxa]	[ˈsnaː]	0.25
czech	ěti	[ˈjɛt]	[ˈjɛt]	0.0
czech	pę̑stь	[ˈpjɛst]	[ˈpaːst]	0.25
czech	bǫbьniti	[ˈbubɛnɪt]	[ˈbubɲiː]	0.4
czech	òrtajь	[ˈrataj]	[ˈrataj]	0.0
czech	mě̀dь	[ˈmɲɛt]	[ˈmɲɛt]	0.0
czech	sě̀verъ	[ˈsɛvɛr]	[ˈsiːvɛr]	0.2222222222222222
czech	jьlъ	[ˈjiːl]	[ˈjɪl]	0.2857142857142857
czech	dъvojь	[ˈdvojiː]	[ˈdɛvo]	0.4444444444444444
czech	mьstiti	[ˈmsciːt]	[ˈmsɛst͡ʃ]	0.5
czech	ȁgoda	[ˈjaɦoda]	[ˈjaɦoda]	0.0
czech	xoditi	[ˈxoɟɪt]	[ˈxoɟɪt]	0.0
czech	mę	[ˈmɲɛ]	[ˈmɛn]	0.3333333333333333
czech	pustìti	[ˈpuscɪt]	[ˈpuscɪt]	0.0
czech	bèrdjь	[ˈbr̝ɛziː]	[ˈbr̝ɛda]	0.3
czech	krȋkъ	[ˈkr̝̊ɪk]	[ˈkriːka]	0.4444444444444444
czech	blě̑dъ	[ˈblɛdiː]	[ˈblɛt]	0.3333333333333333
czech	molь	[ˈmol]	[ˈmuːl]	0.2857142857142857
czech	sъ	[ˈs]	[ˈs]	0.0
czech	kara	[ˈkaːra]	[ˈkaːra]	0.0
czech	slìna	[ˈslɪna]	[ˈsliːna]	0.2222222222222222
czech	rokъ	[ˈrok]	[ˈrok]	0.0
czech	krotiti	[ˈkrocɪt]	[ˈkrocɪt]	0.0
czech	věděti	[ˈvjɛɟɛt]	[ˈvɛɟɛt]	0.1111111111111111
czech	stenàti	[ˈstɛːnat]	[ˈstɛnat]	0.1
czech	medjà	[ˈmɛzɛ]	[ˈmɛzɛ]	0.0
czech	prijatelь	[ˈpr̝̊iːtɛl]	[ˈpr̝̊aːtɛt]	0.16666666666666666
czech	gasnǫti	[ˈɦasnowt]	[ˈɦasnowt]	0.0
czech	divьnъ	[ˈɟɪvniː]	[ˈɟɪvniː]	0.0
czech	sъlojь	[ˈslɔj]	[ˈsloj]	0.14285714285714285
czech	pìti	[ˈpiːt]	[ˈpiːt]	0.0
czech	bojati sę	[ˈbaːt sɛ]	[ˈbaːt sɛ]	0.0
czech	lьgъkъ	[ˈlɛxkiː]	[ˈlɪɦɛk]	0.5555555555555556
czech	tęga	[ˈciːɦa]	[ˈcaːɦa]	0.125
czech	ęčьmy	[ˈjɛt͡ʃmɛn]	[ˈjɛt͡ʃɛm]	0.18181818181818182
czech	gǫ̀ba	[ˈɦowba]	[ˈɦowba]	0.0
czech	nòžь	[ˈnu]	[ˈnuʃ]	0.16666666666666666
czech	ovьcà	[ˈoft͡sɛ]	[ˈovt͡sɛ]	0.1111111111111111
czech	ě̀snъ	[ˈjasniː]	[ˈjasniː]	0.0
czech	jьgъlà	[ˈjɛɦla]	[ˈjiɦla]	0.125
czech	lytъka	[ˈliːtko]	[ˈliːtka]	0.1111111111111111
czech	virъ	[ˈviːr]	[ˈviːr]	0.0
czech	mъxъ	[ˈmɛx]	[ˈmɛx]	0.0
czech	ȍlkъtь	[ˈlɔkɛt]	[ˈlokto]	0.375
czech	gȏldъ	[ˈɦlat]	[ˈɦoljat]	0.2222222222222222
czech	lučiti	[ˈlut͡ʃɪt]	[ˈluːt͡ʃɪt]	0.09090909090909091
czech	lozà	[ˈloza]	[ˈloza]	0.0
czech	zelènъ	[ˈzɛlɛniː]	[ˈzɛlɛniː]	0.0
czech	lišiti	[ˈsɛ]	[ˈliːʃɪt]	0.6666666666666666
czech	gruda	[ˈɦrowda]	[ˈɦruda]	0.2222222222222222
czech	tь̏nьkъ	[ˈtɛŋkiː]	[ˈt͡ʃɛnɛk]	0.6
czech	kǫ̑sъ	[ˈkus]	[ˈkus]	0.0
czech	pǫpъ	[ˈpupɛk]	[ˈpowp]	0.5
czech	stỳdnǫti	[ˈstɪdnowt]	[ˈstɪdnowt]	0.0
czech	teplъ	[ˈtɛpliː]	[ˈtɛpliː]	0.0
czech	plesti	[ˈplɛːst]	[ˈplɛːst]	0.0
czech	gně̄zdò	[ˈɦɲiːzdo]	[ˈɦɲiːzdo]	0.0
czech	rǫbìti	[ˈrowbɪt]	[ˈrowbɪt]	0.0
czech	pìtja	[ˈpiːt͡sɛ]	[ˈpɪt͡sa]	0.3
czech	polè̌no	[ˈpolɛno]	[ˈpolɛno]	0.0
czech	čekati	[ˈt͡ʃɛkat]	[ˈt͡ʃɛkaːt]	0.09090909090909091
czech	kъlъ	[ˈkɛl]	[ˈkɛːl]	0.14285714285714285
czech	pèlva	[ˈplɛva]	[ˈplɛvɛ]	0.125
czech	esètrъ	[ˈjɛsɛtɛr]	[ˈjɛsɛtr]	0.1
czech	zębnǫti	[ˈzaːbnowt]	[ˈsɛbat]	0.5454545454545454
czech	bìčь	[ˈbɪt͡ʃ]	[ˈbɪt͡ʃ]	0.0
czech	nukati	[ˈnukat]	[ˈnuːkat]	0.1111111111111111
czech	sìto	[ˈsiːto]	[ˈsɪto]	0.25
czech	osnòvā	[ˈosnova]	[ˈosnovaː]	0.1
czech	bojaznь	[ˈbaːzɛɲ]	[ˈbojaːzaː]	0.36363636363636365
czech	měniti	[ˈmɲɛɲɪt]	[ˈmɲɛɲɪt]	0.0
czech	konьcь	[ˈkonɛt͡s]	[ˈkonɛt͡s]	0.0
czech	lemešь	[ˈlɛmɛʃ]	[ˈlɛmɛʃ]	0.0
czech	nuditi	[ˈnuɟɪt]	[ˈnuɟɪt]	0.0
czech	bezъ	[ˈbɛs]	[ˈbɛs]	0.0
czech	pàǭkъ	[ˈpavowk]	[ˈpavuk]	0.2222222222222222
czech	tęgnǫti	[ˈtaːɦnowt]	[ˈtaːɦnowt]	0.0
czech	krasà	[ˈkraːsa]	[ˈkraːsa]	0.0
czech	košarъ	[ˈkoʃaːr]	[ˈkoʃaː]	0.1111111111111111
czech	čelověkъ	[ˈt͡ʃlovjɛk]	[ˈt͡ʃɛlɛkiː]	0.5
czech	čìstъ	[ˈt͡ʃɪstiː]	[ˈt͡ʃɛstiː]	0.09090909090909091
czech	dūšà	[ˈduʃɛ]	[ˈdowʃɛ]	0.25
czech	žezlъ	[ˈʒɛzlo]	[ˈʒiːzl]	0.375
czech	glístъ	[ˈɦliːst]	[ˈɦliːst]	0.0
czech	bry	[ˈbr̩va]	[ˈbr̝ɛv]	0.375
czech	pьšenò	[ˈpʃɛno]	[ˈʃʃɛnno]	0.2222222222222222
czech	gornъ	[ˈɦranɪ]	[ˈɦraːn]	0.25
czech	mòrzъ	[ˈmraːs]	[ˈmras]	0.125
lower_sorbian	bьčelà	[ˈt͡sɔwa]	[ˈpɕt͡ɕɔwa]	0.2727272727272727
lower_sorbian	ajьce	[ˈjajkɔ]	[ˈjak]	0.25
lower_sorbian	bràtrъ	[ˈbratr]	[ˈbratrɨ]	0.1111111111111111
lower_sorbian	teplъjь	[ˈɕɔpɨ]	[ˈt͡ʃɛpwɨ]	0.5
lower_sorbian	blizъkъjь	[ˈbliskʲi]	[ˈblisk]	0.2
lower_sorbian	kotorъ	[ˈkɨtarɨ]	[ˈkɔtɔrɨ]	0.2222222222222222
lower_sorbian	àstrę̄bъ	[ˈjast͡ɕɛp]	[ˈjastrak]	0.36363636363636365
lower_sorbian	davě	[ˈdarɛ]	[ˈdawʲɪ]	0.375
lower_sorbian	orbiti	[ˈrɔbʲiɕ]	[ˈrɔbʲiɕ]	0.0
lower_sorbian	čьrvь	[ˈt͡sɛrf]	[ˈt͡ɕɛrɕfʲ]	0.2727272727272727
lower_sorbian	teti	[ˈɕɛpaɕ]	[ˈstʲɛɕ]	0.5
lower_sorbian	bosъjь	[ˈbɔsɨ]	[ˈbɔsɨ]	0.0
lower_sorbian	čьrnъjь	[ˈt͡sarnɨ]	[ˈt͡ʃarnɨ]	0.1
old_church_slavic	làjati	[lajati]	[lajati]	0.0
old_church_slavic	šȇstь	[ʃɛstɪ]	[ʃɛstɪ]	0.0
old_church_slavic	gnǫsьnъ	[ɡnɔ̃sɪnʊ]	[ɡnɔ̃sɪnʊ]	0.0
old_church_slavic	rǭkà	[rɔ̃ka]	[rɔ̃ka]	0.0
old_church_slavic	vьlnà	[vl̩na]	[vl̩na]	0.0
old_church_slavic	jȗnъ	[junʊ]	[junʊ]	0.0
old_church_slavic	morъ	[mɔrʊ]	[mɔrʊ]	0.0
old_church_slavic	ležàti	[lɛʒati]	[lɛʒati]	0.0
old_church_slavic	tretьjь	[trɛtii]	[trɛtiɪ]	0.125
old_church_slavic	jьmę	[imɛ̃]	[imɛ̃]	0.0
old_church_slavic	ęti	[jɛ̃ti]	[jɛ̃ti]	0.0
old_church_slavic	vy	[vɨ]	[vɨ]	0.0
old_church_slavic	lovìti	[lɔviti]	[lɔviti]	0.0
old_church_slavic	dь̑nь	[dɪnɪ]	[dɪnɪ]	0.0
old_church_slavic	veslò	[vɛsla]	[vɛslɔ]	0.14285714285714285
old_church_slavic	svędnǫti	[prisvɛ̃nɔ̃ti]	[svɛ̃dnɔ̃ti]	0.2857142857142857
old_church_slavic	kozà	[kɔza]	[kɔza]	0.0
old_church_slavic	žę̄dàti	[ʒɛ̃dati]	[ʒɛ̃diti]	0.1111111111111111
old_church_slavic	sъrěsti	[sʊræsti]	[sʊræsti]	0.0
old_church_slavic	àma	[jama]	[jama]	0.0
old_church_slavic	mъldni	[ml̩ni]	[mlædʊni]	0.3333333333333333
old_church_slavic	jь̑go	[iɡɔ]	[iɡɔ]	0.0
old_church_slavic	sujь	[suæa]	[sui]	0.3333333333333333
old_church_slavic	kùditi	[kudɛ̃tʊ]	[kuditi]	0.3333333333333333
old_church_slavic	edinakъ	[jɛdinakɔ]	[ɛdiːnakʊ]	0.3
old_church_slavic	pomьrznǫti	[pɔmrʊznɔ̃ti]	[pɔmrniznɔ̃ti]	0.14285714285714285
old_church_slavic	mene	[mɛnɛ]	[mɛnɛ]	0.0
old_church_slavic	slȗxъ	[sluxʊ]	[sluxʊ]	0.0
old_church_slavic	ȇ̌dъ	[jadʊ]	[jadʊ]	0.0
old_church_slavic	oskъrdъ	[ɔskr̩dʊ]	[ɔskradʊ]	0.1111111111111111
old_church_slavic	jьzlàziti	[izlaziti]	[izlaziti]	0.0
old_church_slavic	mě̀riti	[mæriti]	[mæriti]	0.0
old_church_slavic	mьlčàti	[ml̩t͡ʃati]	[ml̩t͡ʃati]	0.0
old_church_slavic	zar̨à	[zarʲa]	[zara]	0.14285714285714285
old_church_slavic	kъrma	[kr̩ma]	[krʊma]	0.14285714285714285
old_church_slavic	vьčera	[vɪt͡ʃɛra]	[vɪt͡ʃɛra]	0.0
old_church_slavic	rě̑čь	[ræt͡ʃɪ]	[ræt͡ʃɪ]	0.0
old_church_slavic	dūšà	[duʃa]	[duʃa]	0.0
old_church_slavic	ovьcà	[ɔvɪt͡sa]	[ɔvɪt͡sa]	0.0
old_church_slavic	ubadlovati	[ubalɔvati]	[ubalɔvati]	0.0
old_church_slavic	ostrъ	[ɔstrʊ]	[ɔstrʊ]	0.0
old_church_slavic	lьgъkъ	[lɪɡʊkʊ]	[lɪɡʊkʊ]	0.0
old_church_slavic	česàti	[t͡ʃɛsati]	[t͡ʃɛsati]	0.0
old_church_slavic	grozьnъ	[ɡrɔzʊnʊ]	[ɡrɔzɪnʊ]	0.1111111111111111
old_church_slavic	žìto	[ʒitɔ]	[ʒitɔ]	0.0
old_church_slavic	ščítъ	[ʃtitʊ]	[ʃtitʊ]	0.0
old_church_slavic	gospodь	[ɡɔspɔdɪ]	[ɡɔspɔdɪ]	0.0
old_church_slavic	lȇdъ	[lɛdʊ]	[lɛdʊ]	0.0
old_church_slavic	mę	[mɛ̃]	[mɛ]	0.2
old_church_slavic	sь	[sɪ]	[sɪ]	0.0
old_church_slavic	gȏrdъ	[ɡradʊ]	[ɡradʊ]	0.0
old_church_slavic	gъ̑rstь	[ɡr̩stijɔ̃]	[ɡr̩stɪ]	0.36363636363636365
old_church_slavic	vorta	[vrata]	[vrata]	0.0
old_church_slavic	bliskъ	[bliskʊ]	[bliskʊ]	0.0
old_church_slavic	azъ	[azʊ]	[jazʊ]	0.16666666666666666
old_church_slavic	mǫ̑žь	[mɔ̃ʒɪ]	[mɔ̃ʒɪ]	0.0
old_church_slavic	bràtьja	[bratrija]	[bratijɔ]	0.2
old_church_slavic	kórtъ	[kratʊ]	[kratʊ]	0.0
old_church_slavic	bȏlь	[bɔlɪ]	[bɔlɪ]	0.0
old_church_slavic	letěti	[lɛtæti]	[lɛtæti]	0.0
old_church_slavic	sněgъ	[snæɡʊ]	[snæɡʊ]	0.0
old_church_slavic	bìti	[biti]	[biti]	0.0
old_church_slavic	plàkati sę	[plakati sɛ̃]	[plakati sɛ̃]	0.0
old_church_slavic	obьtjь	[ɔbɪʃtɪ]	[ɔbɪti]	0.25
old_church_slavic	žalь	[ʒalɪ]	[ʒaʎi]	0.3333333333333333
old_church_slavic	čelò	[t͡ʃɛlɔ]	[t͡ʃɛlæ]	0.125
old_church_slavic	tekti	[tɛʃti]	[tɛt͡ʃiti]	0.3
old_church_slavic	muditi	[muditi]	[muditi]	0.0
old_church_slavic	dȃnь	[danɪ]	[danɪ]	0.0
old_church_slavic	dǫ̑bъ	[dɔ̃bʊ]	[dɔ̃bʊ]	0.0
old_church_slavic	vъpìti	[vʊpiti]	[vʊpiti]	0.0
old_church_slavic	rebrò	[rɛbrɔ]	[rɛbrɔ]	0.0
old_church_slavic	gubìti	[ɡubiti]	[ɡubiti]	0.0
old_church_slavic	dadja	[daʒda]	[daʒa]	0.14285714285714285
old_church_slavic	lǭkà	[lɔ̃ka]	[lɔ̃ka]	0.0
old_church_slavic	vъnъ	[vʊnʊ]	[vʊnʊ]	0.0
old_church_slavic	volsti	[vlasti]	[vlasti]	0.0
old_church_slavic	viti	[viti]	[viti]	0.0
old_church_slavic	mьglà	[mɪɡla]	[mɪɡla]	0.0
old_church_slavic	ojьminъ	[ɔimi]	[ɔimina]	0.25
old_church_slavic	glę̀dati	[ɡlɛ̃dati]	[ɡlɛ̃dɔ̃ti]	0.18181818181818182
old_church_slavic	gȏldъ	[ɡladʊ]	[ɡladʊ]	0.0
old_church_slavic	žel̨a	[ʒɛʎa]	[ʒɛʎa]	0.0
old_church_slavic	čь̑stь	[t͡ʃɪstɪ]	[t͡ʃɪstɪ]	0.0
old_church_slavic	stàrъ	[starʊ]	[starʊ]	0.0
old_church_slavic	dajati	[dajati]	[dajati]	0.0
old_church_slavic	seló	[sɛlɔ]	[sɛlɔ]	0.0
old_church_slavic	poìti	[pɔilʊ]	[pɔiti]	0.2857142857142857
old_church_slavic	divьnъ	[divɪnʊ]	[divɪnʊ]	0.0
old_church_slavic	lędvьja	[lɛ̃dvijɛ̃]	[lɛ̃dvija]	0.18181818181818182
old_church_slavic	smьrdě̀ti	[smr̩dæti]	[smr̩dæviti]	0.16666666666666666
old_church_slavic	močìti	[mɔt͡ʃiti]	[mɔt͡ʃiti]	0.0
old_church_slavic	stergti	[stræʃti]	[stræʃti]	0.0
old_church_slavic	sèdmъ	[sɛdmʊ]	[sɛdmʊ]	0.0
old_church_slavic	nadъ	[nadʊ]	[nadʊ]	0.0
old_church_slavic	dьnьsь	[dɪnɪsɪ]	[dɪnɪsɪ]	0.0
old_church_slavic	sušìti	[suʃiti]	[suʃiti]	0.0
old_church_slavic	palica	[palit͡sa]	[palit͡sɛ̃]	0.18181818181818182
old_church_slavic	vodà	[vɔda]	[vɔda]	0.0
old_church_slavic	sъmè̌ti	[sʊmæti]	[sʊmæti]	0.0
old_church_slavic	kl̨učiti sę	[kʎut͡ʃiti sɛ̃]	[kʎut͡ʃiti sɛ̃]	0.0
old_church_slavic	pěsъ̀kъ	[pæsʊkʊ]	[pæsɨ]	0.375
old_church_slavic	gordjь	[ɡraʒdʊ]	[ɡrad͡ʑi]	0.4444444444444444
old_church_slavic	mȇdъ	[mɛdʊ]	[mɛdʊ]	0.0
old_church_slavic	otrokъ	[ɔtrɔkʊ]	[ɔtrɔkʊ]	0.0
old_church_slavic	ědro	[jadra]	[jadrɔ]	0.14285714285714285
old_church_slavic	devętъ	[dɛvɛ̃tʊ]	[dɛvɛ̃tʊ]	0.0
old_church_slavic	zeml̨à	[zɛmʎa]	[zɛmlɛ]	0.2857142857142857
old_church_slavic	čelověkъ	[t͡ʃlɔvækʊ]	[t͡ʃɛlɔvækʊ]	0.08333333333333333
old_church_slavic	drъ̏vo	[drʊva]	[drɪvɔ]	0.2857142857142857
polish	zębnǫti	[ˈʑɛmbnɔɲt͡ɕ]	[ˈʑɛbɛnbɔɲt͡ɕ]	0.21428571428571427
polish	žȅlǫdь	[ˈʐɔwɔɲt͡ɕ]	[ˈʐɔɲda]	0.45454545454545453
polish	dūrìti	[ˈduʐɨt͡ɕ]	[ˈduʐɨt͡ɕ]	0.0
polish	ȍlovo	[ˈɔwuf]	[ˈɔwɔvɔ]	0.375
polish	emežь	[ˈjɛmʲɛʂ]	[ˈjɛmʲɛʂ]	0.0
polish	děliti	[ˈd͡ʑɛlʲit͡ɕ]	[ˈd͡ʑɛlʲit͡ɕ]	0.0
polish	solnъjь	[ˈswɔnɨ]	[ˈswɔnɨ]	0.0
polish	jьmę	[ˈimʲɛ]	[ˈimʲɛ]	0.0
polish	akъ	[ˈjakʲi]	[ˈjak]	0.25
polish	lùža	[ˈwuʐa]	[ˈwuʐa]	0.0
polish	mǫ̀ka	[ˈmɛŋka]	[ˈmɛŋka]	0.0
polish	legti	[ˈlɛt͡s]	[ˈlɛt͡s]	0.0
polish	medjà	[ˈmʲɛd͡za]	[ˈmʲɛd͡za]	0.0
polish	dūšà	[ˈduʂa]	[ˈduʂa]	0.0
polish	bràtьja	[ˈbrat͡ɕa]	[ˈbrata]	0.2
polish	mara	[ˈmara]	[ˈmara]	0.0
polish	kozà	[ˈkɔza]	[ˈkɔʑa]	0.14285714285714285
polish	sadìti	[ˈsad͡ʑit͡ɕ]	[ˈsad͡ʑit͡ɕ]	0.0
polish	vъnùkъ	[ˈvnuk]	[ˈunuk]	0.14285714285714285
polish	moldenьcь	[mwɔˈd͡ʑɛɲɛt͡s]	[ˈmwɔd͡ʑɛɲt͡s]	0.2
polish	orlьja	[ˈrɔla]	[ˈɔra]	0.2857142857142857
polish	ęzỳkъ	[ˈjɛ̃zɨk]	[ˈjɛzɛk]	0.2222222222222222
polish	kòlda	[ˈkwɔda]	[ˈkwɔda]	0.0
polish	plotъ	[ˈpwɔt]	[ˈplɔt]	0.14285714285714285
polish	pę̑stь	[ˈpʲɛ̃ɕt͡ɕ]	[ˈpʲɛ̃ɕt͡ɕ]	0.0
polish	kara	[ˈkara]	[ˈkara]	0.0
polish	pešьjь	[ˈpʲɛʂɨ]	[ˈpʲɛʂɨ]	0.0
polish	drъ̏vo	[ˈdrva]	[ˈdrɛvɔ]	0.25
polish	kosmъ	[ˈkɔsm]	[ˈkɔsm]	0.0
polish	ritь	[ˈʐɨt͡ɕ]	[ˈʐɨt͡ɕ]	0.0
polish	bỳti	[ˈbɨt͡ɕ]	[ˈbɨt͡ɕ]	0.0
polish	stьblò	[ˈʑd͡ʑbwɔ]	[ˈɕt͡ɕɛbwɔ]	0.36363636363636365
polish	ovъ	[ˈuf]	[ˈɔf]	0.2
polish	kremy	[ˈkʂɛmʲɛɲ]	[ˈkʂɛmʲɛɲ]	0.0
polish	sěkti	[ˈɕɛt͡s]	[ˈɕɛt͡s]	0.0
polish	vъtorъjьjь	[ˈfturɨ]	[ˈftɔrɨ]	0.125
polish	kuzn̨a	[ˈkuʑɲa]	[ˈkuʑɲa]	0.0
polish	pьlnъjь	[ˈpɛwnɨ]	[ˈpwnɨ]	0.125
polish	mьglà	[ˈmɡwa]	[ˈmʲɛɡwa]	0.2222222222222222
polish	vь̀rxъ	[ˈvʲɛʂx]	[ˈvʲɛrxa]	0.2222222222222222
polish	tèrti	[ˈt͡ʂɛt͡ɕ]	[ˈt͡ʂɛt͡ɕ]	0.0
polish	zę̀tь	[ˈʑɛɲt͡ɕ]	[ˈʑɛɲt͡ɕ]	0.0
polish	sedъlò	[ˈɕɔdwɔ]	[ˈɕɔdwɔ]	0.0
polish	bèrza	[ˈbʐɔza]	[ˈbʐɛza]	0.125
polish	česàti	[ˈt͡ʂɛsat͡ɕ]	[ˈt͡ʂɔsat͡ɕ]	0.08333333333333333
polish	gospodь	[ˈɡɔsput]	[ˈɡɔspɔt]	0.1111111111111111
polish	obьlъjь	[ˈɔbwɨ]	[ˈɔbʲɛw]	0.375
polish	čadъ	[ˈt͡ʂat]	[ˈt͡ʂat]	0.0
polish	sérnъ	[ˈʂrɔn]	[ˈɕrɔn]	0.14285714285714285
polish	strǫkъ	[ˈstrɔŋk]	[ˈstrɔŋk]	0.0
polish	činìti	[ˈt͡ʂɨɲit͡ɕ]	[ˈt͡ʂɨɲit͡ɕ]	0.0
polish	brьdnǫti	[ˈbrnɔɲt͡ɕ]	[ˈbr̩dnɔɲt͡ɕ]	0.15384615384615385
polish	gȏlsъ	[ˈɡwɔs]	[ˈɡwɔs]	0.0
polish	davьnъjь	[ˈdavnɨ]	[ˈdavnɨ]	0.0
polish	bledъjь	[ˈbladɨ]	[ˈblɛndɨ]	0.2222222222222222
polish	xorbrъjь	[ˈxrɔbrɨ]	[ˈxrubar]	0.3333333333333333
polish	tě̑sto	[ˈt͡ɕastɔ]	[ˈt͡ɕastɔ]	0.0
polish	ědro	[ˈjadrɔ]	[ˈjadrɔ]	0.0
polish	pālìti	[ˈpalʲit͡ɕ]	[ˈpalʲit͡ɕ]	0.0
polish	klekotъ	[ˈklɛkɔt]	[ˈklɛkɔt]	0.0
polish	godьnъjь	[ˈɡɔdnɨ]	[ˈɡɔdnɨ]	0.0
polish	kǫsati	[ˈkɔ̃sat͡ɕ]	[ˈkɔ̃sta]	0.2727272727272727
polish	ložìti	[ˈwɔʐɨt͡ɕ]	[ˈwɔʐɨt͡ɕ]	0.0
polish	tvȃrь	[ˈtfaʂ]	[ˈtfar]	0.14285714285714285
polish	vòl̨a	[ˈvɔla]	[ˈvɔla]	0.0
polish	mъlviti	[ˈmuvʲit͡ɕ]	[ˈmɛɫut͡ɕ]	0.36363636363636365
polish	màkъ	[ˈmak]	[ˈmak]	0.0
polish	mě̀dь	[ˈmʲɛt͡ɕ]	[ˈmʲɛt͡ɕ]	0.0
polish	korьcь	[ˈkɔʐɛt͡s]	[ˈkɔʐɛt͡s]	0.0
polish	dъnò	[ˈdnɔ]	[ˈdnɔ]	0.0
polish	sočìti	[ˈsɔt͡ʂɨt͡ɕ]	[ˈsɔt͡ʂɨt͡ɕ]	0.0
polish	tìskati	[ˈt͡ɕiskat͡ɕ]	[ˈt͡ɕiskat͡ɕ]	0.0
polish	nъně	[ˈɲiɲɛ]	[ˈnɨɲ]	0.42857142857142855
polish	dǫ̑bъ	[ˈdɔmp]	[ˈdɔmpiː]	0.2222222222222222
polish	levъjь	[ˈlɛvɨ]	[ˈlɛvɔm]	0.25
polish	kukati	[ˈkukat͡ɕ]	[ˈkukat͡ɕ]	0.0
polish	ȍko	[ˈɔkɔ]	[ˈɔkɔ]	0.0
polish	puxnǫti	[ˈpuxnɔɲt͡ɕ]	[ˈpuxnɔɲt͡ɕ]	0.0
polish	blъxà	[ˈpxwa]	[ˈbwɨxa]	0.5
polish	čìstiti	[ˈt͡ʂɨɕt͡ɕit͡ɕ]	[ˈt͡ʂɨɕt͡ɕ]	0.26666666666666666
polish	àgnę	[ˈjaɡɲɛ]	[ˈjaɡɲɛ]	0.0
polish	jьgra	[ˈɡra]	[ˈiɡra]	0.14285714285714285
polish	orkỳta	[rɔˈkʲita]	[rɔˈkʲita]	0.0
polish	gȏstь	[ˈɡɔɕt͡ɕ]	[ˈɡɔɕt͡ɕ]	0.0
polish	minovati	[mʲiˈnɔvat͡ɕ]	[mʲiˈnɔvat͡ɕ]	0.0
polish	skorà	[ˈskura]	[ˈskɔra]	0.125
polish	blьknǫti	[ˈblaknɔɲt͡ɕ]	[ˈbʲɛknɔɲt͡ɕ]	0.15384615384615385
polish	bьrati	[ˈbrat͡ɕ]	[ˈbrat͡ɕ]	0.0
polish	plěsnь	[ˈplɛɕɲ]	[ˈplɛɕɛɲ]	0.1111111111111111
polish	viti	[ˈvʲit͡ɕ]	[ˈvʲit͡ɕ]	0.0
polish	lędvьja	[ˈlɛɲd͡ʑvʲɛ]	[ˈlɛndva]	0.4166666666666667
polish	žìti	[ˈʐɨt͡ɕ]	[ˈʐɨt͡ɕ]	0.0
polish	brȏdъ	[ˈbrut]	[ˈbrut]	0.0
polish	kroma	[ˈkrɔma]	[ˈkrɔm]	0.125
polish	nȅbo	[ˈɲɛbɔ]	[ˈɲɛbɔ]	0.0
polish	aščerъ	[ˈjaʂt͡ʂur]	[ˈjɛʂt͡ʂɔr]	0.18181818181818182
polish	čistъjь	[ˈt͡ʂɨstɨ]	[ˈt͡ʂɨstɨ]	0.0
polish	koltiti	[ˈkwut͡ɕit͡ɕ]	[ˈkwut͡ɕit͡ɕ]	0.0
polish	do	[ˈdɔ]	[ˈdɔ]	0.0
polish	měniti	[ˈmʲɛɲit͡ɕ]	[ˈmʲɛɲit͡ɕ]	0.0
polish	esera	[jɛˈɕɔrɨ]	[jɛˈɕɔra]	0.1111111111111111
polish	dę̄snò	[ˈd͡ʑɔ̃swa]	[ˈd͡ʑɛsna]	0.2727272727272727
polish	dȍma	[ˈdɔma]	[ˈdɔma]	0.0
polish	tьlěti	[ˈtlɛt͡ɕ]	[ˈtlɛt͡ɕ]	0.0
polish	olni	[ˈwɔɲi]	[ˈwuɲ]	0.2857142857142857
polish	a	[ˈa]	[ˈja]	0.2
polish	mъlva	[ˈmɔva]	[ˈmɛwva]	0.25
polish	blizna	[ˈblʲizna]	[ˈblʲizna]	0.0
polish	sušìti	[ˈsuʂɨt͡ɕ]	[ˈsuʂɨt͡ɕ]	0.0
polish	stьgna	[ˈɕt͡ɕɛɡna]	[ˈɕɡna]	0.36363636363636365
polish	ęti	[ˈjɔɲt͡ɕ]	[ˈjɔɲt͡ɕ]	0.0
polish	surovъjь	[suˈrɔvɨ]	[ˈsurɔvɨ]	0.2222222222222222
polish	zьlčь	[ˈʐuwt͡ɕ]	[ˈʑlut͡ʂ]	0.4444444444444444
polish	bliskati	[ˈbɨskat͡ɕ]	[ˈbliskat͡ɕ]	0.16666666666666666
polish	mъknǫti	[ˈmknɔɲt͡ɕ]	[ˈmɛknɔɲt͡ɕ]	0.08333333333333333
polish	bàjati	[ˈbajat͡ɕ]	[ˈbat͡ɕ]	0.2
polish	gluxъjь	[ˈɡwuxɨ]	[ˈɡwuxɨ]	0.0
polish	kry	[ˈkrɛf]	[ˈkrɛf]	0.0
polish	kъrnъ	[kaˈdrna]	[ˈkarn]	0.4444444444444444
polish	nevodъ	[ˈɲɛvut]	[ˈɲɛvɔt]	0.125
polish	slȗxъ	[ˈswux]	[ˈswux]	0.0
polish	azъ	[ˈja]	[ˈjas]	0.16666666666666666
polish	krъxъ	[ˈkrɛx]	[ˈkrɛmɔ]	0.25
polish	bezъ	[ˈbɛs]	[ˈbʲɛs]	0.14285714285714285
polish	mỳdlo	[ˈmɨdwɔ]	[ˈmɨdwɔ]	0.0
polish	minǫti	[ˈmʲinɔɲt͡ɕ]	[ˈmʲinɔɲt͡ɕ]	0.0
polish	slỳšati	[ˈswɨʂɛt͡ɕ]	[ˈswɨʂat͡ɕ]	0.09090909090909091
polish	stydъ	[ˈfstɨt]	[ˈstɨt]	0.125
polish	kȃlъ	[ˈkaw]	[ˈkaw]	0.0
russian	àgnьcь	[ˈaɡnʲɪt͡s]	[ˈjaɡʲɪt͡s]	0.18181818181818182
russian	mǫ̑žь	[ˈmuʂ]	[ˈmuʂ]	0.0
russian	tesnъjь	[ˈtʲesnɨj]	[tʲɪsˈnoj]	0.4
russian	rę̑dъ	[ˈrʲat]	[ˈrʲat]	0.0
russian	zmь̀jь	[ˈzmʲej]	[ˈzmʲej]	0.0
russian	l̨ȗdьje	[ˈlʲʉdʲɪ]	[ˈlʲudʲːjə]	0.36363636363636365
russian	l̨udìna	[lʲʉˈdʲinə]	[lʲʉˈdʲinə]	0.0
russian	beleniti sę	[bʲɪlʲɪˈnʲit͡sːə]	[bʲɪlˈnʲitʲɪsʲ]	0.35294117647058826
russian	bòlna	[bəlɐˈna]	[bɐˈlonə]	0.5555555555555556
russian	nicь	[ˈnʲit͡s]	[ˈnʲit͡sʲ]	0.1
russian	čelověkъ	[t͡ɕɪlɐˈvʲek]	[t͡ɕɐˈvʲɵk]	0.23076923076923078
russian	zȏrkъ	[ˈzorək]	[ˈzorək]	0.0
russian	žę̀tva	[ˈʐatvə]	[ˈʐatvə]	0.0
russian	bъděti	[ˈbdʲetʲ]	[ˈb]	0.5555555555555556
russian	kričati	[krʲɪˈt͡ɕætʲ]	[ˈkrʲit͡ɕɪt]	0.38461538461538464
russian	golobъjь	[ɡəlʊˈboj]	[ɡəlɐˈboj]	0.1
russian	dikъjь	[ˈdʲikʲɪj]	[ˈdʲikʲɪj]	0.0
russian	velkti	[vɐˈlot͡ɕ]	[ˈvʲelʲtʲ]	0.6
russian	stě̀nь	[ˈsʲtʲenʲ]	[ˈstʲenʲ]	0.1
russian	ǫ̀glь	[ˈuɡəlʲ]	[ˈuɡlʲ]	0.125
russian	kàjati sę	[ˈkajɪt͡sːə]	[ˈkʲɪjət͡sə]	0.3333333333333333
russian	vȃrъ	[ˈvar]	[ˈvar]	0.0
russian	polvъjь	[pɐˈlovɨj]	[ˈpoləvɨj]	0.4
russian	gъrnidlo	[ɡɐrˈnʲilə]	[ˈɡornʲɪlə]	0.36363636363636365
russian	tě̑sto	[ˈtʲestə]	[ˈtʲestə]	0.0
russian	būdìti	[bʊˈdʲitʲ]	[bʊˈdʲitʲ]	0.0
russian	drebězgъ	[ˈdrʲebʲɪsk]	[ˈdrʲebʲɪs]	0.08333333333333333
russian	tekti	[ˈtʲet͡ɕ]	[ˈtʲetʲt͡ɕ]	0.18181818181818182
russian	ǭtròba	[ʊˈtrobə]	[nʊˈtrobə]	0.1
russian	osnòvā	[ɐsˈnovə]	[ɐsˈnovə]	0.0
russian	zaverti	[zəvʲɪˈrʲetʲ]	[zɐˈvʲitʲ]	0.46153846153846156
russian	olkomъjь	[ˈlakəmɨj]	[ˈlakəmɨj]	0.0
russian	zъlъjь	[ˈzloj]	[ˈzolɨj]	0.25
russian	blějati	[ˈblʲejɪtʲ]	[ˈblʲejɪtʲ]	0.0
russian	cě̄nà	[t͡sɨˈna]	[t͡sɨˈna]	0.0
russian	negodovati	[nʲɪɡədɐˈvatʲ]	[nʲɪɡəlɐˈva]	0.21428571428571427
russian	esetь	[ɐˈsʲetʲ]	[ɐˈsʲetʲ]	0.0
russian	gàdъ	[ˈɡat]	[ˈɡat]	0.0
russian	ostь̀nъ	[ɐˈsʲtʲen]	[ɐˈstʲen]	0.1
russian	lemešь	[ˈlʲemʲeʂ]	[lʲɪˈmʲeʂ]	0.3
russian	žьrtva	[ˈʐɛrtvə]	[ʐřːtvə]	0.3333333333333333
russian	klějь	[ˈklʲej]	[ˈklʲej]	0.0
russian	dъva	[ˈdva]	[ˈdovə]	0.2857142857142857
russian	gruda	[ˈɡrudə]	[ˈɡrudə]	0.0
russian	sěkti	[ˈsʲet͡ɕ]	[ˈsʲet͡ɕ]	0.0
russian	lemexъ	[ˈlʲemʲɪx]	[ˈlʲemʲɪx]	0.0
russian	kurъ	[ˈkur]	[ˈkur]	0.0
russian	stìgnǫti	[pɐˈsʲtʲiɡnʊtʲ]	[ˈstʲiɡnʊtʲ]	0.2
russian	strǫkъ	[ˈstruk]	[ˈstruk]	0.0
russian	mlinъ	[ˈblʲin]	[ˈmlʲin]	0.125
russian	vesnà	[vʲɪsˈna]	[vʲɪsˈna]	0.0
russian	dobrъjь	[ˈdobrɨj]	[ˈdobrɨj]	0.0
russian	dāvìti	[dɐˈvʲitʲ]	[dɐˈvʲitʲ]	0.0
russian	spě̑xъ	[ˈspʲex]	[ˈspʲex]	0.0
russian	morà	[ˈmorə]	[mɐˈra]	0.5714285714285714
russian	pòrgъ	[pɐˈrok]	[pɐˈrok]	0.0
russian	lytъka	[ˈlɨtkʲɪ]	[ˈlɨtkə]	0.2222222222222222
russian	l̨uby	[lʲʊˈbofʲ]	[ˈlʲubəf]	0.5
russian	koprъ	[kɐˈpʲɵr]	[ˈkopr̩]	0.6666666666666666
russian	pьrati	[ˈpratʲ]	[ˈpratʲ]	0.0
russian	ěsti	[ˈɛsʲtʲ]	[ˈɛsʲtʲ]	0.0
russian	spě̀ti	[ˈspʲɪtʲ]	[ˈspʲetʲɪ]	0.2
russian	pěti	[ˈpʲɪtʲ]	[ˈpʲetʲ]	0.125
russian	kъsьnъjь	[ˈkosnɨj]	[ˈkosnɨj]	0.0
russian	nъ	[ˈno]	[ˈn]	0.2
russian	korbъ	[ˈkorəp]	[ˈkorəp]	0.0
russian	ȏstь	[ˈɐsʲtʲ]	[ˈosʲtʲ]	0.125
russian	palъka	[ˈpalkə]	[ˈpalkə]	0.0
russian	mъdьlьnъjь	[ˈmʲedlʲɪnːɨj]	[ˈmdlʲnɨj]	0.2857142857142857
russian	kǫ́tъ	[ˈkut]	[ˈkut]	0.0
russian	kosnǫti sę	[kɐsˈnut͡sːə]	[kɐˈsnutʲ]	0.46153846153846156
russian	pь̑lstь	[ˈpolsʲtʲ]	[ˈpolʲtʲ]	0.1
russian	čerdà	[t͡ɕɪrʲɪˈda]	[t͡ɕɪrʲɪˈda]	0.0
russian	màkъ	[ˈmak]	[ˈmak]	0.0
russian	kotьcь	[kɐˈtʲet͡s]	[ˈkot͡s]	0.45454545454545453
russian	esètrъ	[ɐˈsʲɵtr]	[ɐˈsʲetʲ]	0.2222222222222222
russian	gognavъjь	[ɡʊɡˈnavɨj]	[ˈɡuɡnəvɨj]	0.36363636363636365
russian	blistati	[blʲɪˈstatʲ]	[blʲɪˈstatʲ]	0.0
russian	ě̑dь	[ˈjætʲ]	[ˈjatʲ]	0.14285714285714285
russian	dva	[ˈdva]	[ˈdva]	0.0
russian	sě̀jati	[ˈsʲejɪtʲ]	[ˈsʲejɪtʲ]	0.0
russian	pъtìca	[ˈptʲit͡sə]	[pɐˈt͡sɨt͡s]	0.5833333333333334
russian	kamy	[ˈkamʲɪnʲ]	[kɐˈmɨnɨ]	0.6
russian	petъjь	[ˈpʲatɨj]	[ˈpʲetɨj]	0.1111111111111111
russian	čemerica	[t͡ɕɪmʲɪˈrʲit͡sə]	[t͡ɕɪˈmʲerə]	0.47058823529411764
russian	nȏktь	[ˈnot͡ɕ]	[ˈnoktək]	0.3333333333333333
russian	rajati	[ˈrajɪtʲ]	[ˈrajɪtʲ]	0.0
russian	tȗkъ	[ˈtuk]	[ˈtuk]	0.0
russian	blьknǫti	[ˈblʲɵknʊtʲ]	[ˈblʲɵknʊtʲ]	0.0
russian	volkà	[vɐˈlokə]	[vɐlɐˈka]	0.4444444444444444
russian	prostъjь	[prɐˈstoj]	[ˈprostɨj]	0.4
russian	però	[pʲɪˈro]	[pʲɪˈro]	0.0
russian	znàti	[ˈznatʲ]	[ˈznatʲ]	0.0
russian	krukъ	[ˈkruk]	[ˈkruk]	0.0
russian	bȁba	[ˈbabə]	[ˈbabə]	0.0
russian	telktì	[tɐˈlot͡ɕ]	[tʲɪlˈt͡ɕi]	0.36363636363636365
russian	červьje	[t͡ɕɪˈrʲɵvʲjə]	[t͡ɕɪˈrʲevʲje]	0.14285714285714285
russian	vě̑no	[ˈvʲenə]	[ˈvʲenə]	0.0
russian	činìti	[t͡ɕɪˈnʲitʲ]	[t͡ɕɪˈnʲitʲ]	0.0
russian	vìděti	[ˈvʲidʲɪtʲ]	[ˈvʲidʲɪtʲ]	0.0
russian	sъmè̌ti	[ˈsmʲetʲ]	[ˈsmʲetʲ]	0.0
russian	mьnьjьjь	[ˈmʲenʲʂɨj]	[ˈmʲnʲɪjɨj]	0.2727272727272727
russian	sěsti	[ˈsʲesʲtʲ]	[sʲɪˈsʲtʲi]	0.36363636363636365
russian	ròjь	[ˈroj]	[ˈroj]	0.0
russian	nyr̨ati	[nɨˈrʲætʲ]	[ˈnɨrʲatʲ]	0.3
russian	datelь	[ˈdatʲɪlʲ]	[ˈdatʲɪlʲ]	0.0
russian	voinъ	[ˈvoɪn]	[vɐˈjon]	0.5
russian	dvьrь	[ˈdvʲerʲ]	[ˈdvʲerʲ]	0.0
russian	pryskati	[ˈprɨskətʲ]	[prɨˈskatʲ]	0.2727272727272727
russian	grǫ̑dь	[ˈɡrutʲ]	[ˈɡrutʲ]	0.0
russian	līzàti	[lʲɪˈzatʲ]	[lʲɪˈzatʲ]	0.0
russian	pegavъjь	[ˈpʲeɡʲɪj]	[pʲɪˈɡavɨj]	0.5454545454545454
russian	oldi	[lɐˈdʲja]	[ˈlodʲɪjə]	0.5
russian	pę̑stь	[ˈpʲasʲtʲ]	[ˈpʲæsʲtʲ]	0.1
russian	čuditi	[t͡ɕʉˈdʲitʲ]	[ˈt͡ɕudʲɪtʲ]	0.3333333333333333
russian	poriti	[pɐˈrʲitʲ]	[pɐˈrʲitʲ]	0.0
russian	česàti	[t͡ɕɪˈsatʲ]	[t͡ɕɪˈsatʲ]	0.0
russian	mě̀ra	[ˈmʲerə]	[ˈmʲerə]	0.0
russian	brъsati	[brɐˈsatʲ]	[ˈbrostə]	0.5
russian	čermъxa	[t͡ɕɪˈrʲɵmʊxə]	[t͡ɕɪrʲɪmˈmitʲ]	0.4666666666666667
russian	kòlъ	[ˈkol]	[kɐˈlo]	0.5714285714285714
russian	mъlva	[mɐlˈva]	[ˈmolvə]	0.5
russian	mьn̨e	[ˈmʲenʲɪe]	[ˈmʲenʲ]	0.2
russian	lovìti	[lɐˈvʲitʲ]	[lɐˈvʲitʲ]	0.0
russian	kozà	[kɐˈza]	[kɐˈza]	0.0
russian	dvòrъ	[ˈdvor]	[ˈdvor]	0.0
russian	govorìti	[ɡəvɐˈrʲitʲ]	[ɡəvɐˈrʲitʲ]	0.0
russian	àma	[ˈjamə]	[ˈjamə]	0.0
russian	bȏrvъ	[ˈborəf]	[ˈborəf]	0.0
russian	bobrъ	[ˈbobr]	[ˈbobrə]	0.125
russian	ledva	[jɪdˈva]	[lʲɪˈva]	0.375
russian	gnusьnъjь	[ˈɡnusnɨj]	[ɡnʊˈsnɨj]	0.3
russian	bě̀gati	[ˈbʲeɡətʲ]	[ˈbʲeɡətʲ]	0.0
russian	mьn̨eje	[ˈmʲenʲɪe]	[ˈmnʲeje]	0.4
russian	kъznь	[ˈkozʲnʲɪ]	[ˈkozʲnʲ]	0.1
russian	čemerъ	[ˈt͡ɕemʲɪr]	[ˈt͡ɕemʲɪr]	0.0
russian	kvȃsъ	[ˈkvas]	[ˈkvas]	0.0
russian	želàti	[ʐɨˈlatʲ]	[ʐɨˈlatʲ]	0.0
russian	paxati	[pɐˈxatʲ]	[pɐˈxatʲ]	0.0
russian	teti	[tʲɪˈtʲi]	[ˈtʲetʲ]	0.4444444444444444
russian	žeravь	[ʐʊˈravlʲ]	[ˈʐɨravʲ]	0.4
russian	trudъ	[ˈtrut]	[ˈtrut]	0.0
russian	plástъ	[ˈplast]	[ˈplast]	0.0
russian	ežina	[ɐˈʐɨnə]	[ɐˈʐɨnə]	0.0
russian	pelenà	[pʲɪlʲɪˈna]	[pʲɪlʲɪˈna]	0.0
russian	sъn	[ˈs]	[ˈs]	0.0
russian	čestъjь	[ˈt͡ɕæstɨj]	[ˈt͡ɕæsʲtɨj]	0.08333333333333333
russian	xomǫtъ	[xɐˈmut]	[xɐˈmut]	0.0
russian	rějati	[ˈrʲejɪtʲ]	[ˈrʲɪjɪtʲ]	0.1
russian	bȏrъ	[ˈbor]	[ˈbor]	0.0
russian	dira	[dʲɪˈra]	[ˈdʲirə]	0.5
russian	gǫžьva	[ˈɡuʐˈva]	[ˈɡuʐɨva]	0.1111111111111111
russian	ǫ́žь	[ˈuʂ]	[ˈuʂ]	0.0
russian	moldenьcь	[mlɐˈdʲenʲɪt͡s]	[ˈmlodʲɪnʲɪjə]	0.4666666666666667
russian	drāžìti	[ˈdraʐɨtʲ]	[drɐˈʐɨtʲ]	0.3
russian	slimakъ	[sʲlʲɪˈmak]	[ˈslʲimək]	0.45454545454545453
russian	otjьtnǫti sę	[ɐt͡ɕˈnut͡sːə]	[ˈtrat͡snə]	0.5
russian	domovъjь	[dɐˈmovɨj]	[dɐˈmovɨj]	0.0
slovak	dikъ	[ˈɟikiː]	[ˈɟik]	0.25
slovak	rovъ	[ˈrɔw]	[ˈrɔw]	0.0
slovak	stogъ	[ˈstɔx]	[ˈstwɔx]	0.125
slovak	kvě̑tъ	[ˈkvɛt]	[ˈkvjɛt]	0.125
slovak	kydati	[ˈkidac]	[ˈkiːdac]	0.1111111111111111
slovak	ežь	[ˈjeʃ]	[ˈjɛʃ]	0.16666666666666666
slovak	ěrъka	[ˈjarka]	[ˈjarka]	0.0
slovak	kolo	[ˈkɔɫɔ]	[ˈkɔɫɔ]	0.0
slovak	mȏrkъ	[ˈmrak]	[ˈmrak]	0.0
slovak	pę̑stь	[ˈpest]	[ˈpʲast]	0.25
slovak	tǭgà	[ˈtuːɦa]	[ˈtuɦa]	0.125
slovak	pozdъ	[ˈpɔzɟɛ]	[ˈpɔzɟiː]	0.2222222222222222
slovak	vьrstva	[ˈvr̩stva]	[ˈvr̩stva]	0.0
slovak	teti	[ˈtɛpac]	[ˈtec]	0.375
slovak	dobrъ	[ˈdɔbriː]	[ˈdɔbriː]	0.0
slovak	pȍjāsъ	[ˈpaːs]	[ˈpaːjas]	0.2222222222222222
slovak	činìti	[ˈt͡ʃinic]	[ˈt͡ʃinic]	0.0
slovak	mě̀sęcь	[ˈmɛsjat͡s]	[ˈmɛsɛt͡s]	0.18181818181818182
slovak	slȗxъ	[ˈsɫux]	[ˈslux]	0.14285714285714285
slovak	gorьkъ	[ˈɦɔrkiː]	[ˈɦɔrk]	0.2222222222222222
slovak	dūrìti	[ˈduric]	[ˈduːric]	0.1111111111111111
slovak	blizъkъjь	[ˈbliːski]	[ˈbliziː]	0.4
slovak	žьltъ	[ˈʒɫ̩tiː]	[ˈʒɫutiː]	0.1111111111111111
slovak	belъjь	[ˈbjɛli]	[ˈbjɛɫic]	0.2222222222222222
slovak	jùgъ	[ˈjux]	[ˈjux]	0.0
slovak	ajьce	[ˈvajt͡sɛ]	[ˈjat͡sɛ]	0.2
slovak	mьrkъ	[ˈmr̩k]	[ˈmr̩k]	0.0
slovak	òrkъ	[ˈrak]	[ˈrak]	0.0
slovak	krǫtiti	[ˈkruːtic]	[ˈkrutic]	0.1
slovak	sǫ̑kъ	[ˈsuk]	[ˈsuk]	0.0
slovak	bl̨ьvàti	[ˈbʎuvac]	[ˈbʎuvac]	0.0
slovak	vȋdъ	[ˈvit]	[ˈvidra]	0.375
slovak	plesti	[ˈpʎesc]	[ˈpl̩ːsc]	0.3333333333333333
slovak	kolti	[ˈkɫac]	[ˈkɫaːt]	0.25
slovak	tь̏nьkъ	[ˈcɛŋkiː]	[ˈt͡ʃɛɲkiː]	0.36363636363636365
slovak	měniti sę	[ˈmɛnit sa]	[ˈmjɛnit͡ɕ]	0.36363636363636365
slovak	lȏjь	[ˈɫɔj]	[ˈɫɔl]	0.16666666666666666
slovak	bȏrvъ	[ˈbraw]	[ˈbraviː]	0.3333333333333333
slovak	màlъ	[ˈmaliː]	[ˈmaliː]	0.0
slovak	jьkrà	[ˈikra]	[ˈikra]	0.0
slovak	rỳdlo	[ˈridɫɔ]	[ˈridɫɔ]	0.0
slovak	načęti	[ˈnat͡ʃac]	[ˈnat͡ʃac]	0.0
slovak	gorno	[ˈɦrana]	[ˈɦraːnɔ]	0.2222222222222222
slovak	lomìti	[ˈɫɔmic]	[ˈɫɔmic]	0.0
slovak	sě̑no	[ˈsɛnɔ]	[ˈsɛn]	0.14285714285714285
slovak	zȏrkъ	[ˈzrak]	[ˈzrak]	0.0
slovak	slìna	[ˈslina]	[ˈslina]	0.0
slovak	užasъ	[ˈuːʒas]	[ˈuʒas]	0.125
slovak	ložìti	[ˈɫɔʒic]	[ˈɫɔʒic]	0.0
slovak	prȏstъ	[ˈprɔstiː]	[ˈprɔstiː]	0.0
slovak	gnusiti	[ˈɦnusic]	[ˈɦnusic]	0.0
slovak	ě̑rъ	[ˈjariː]	[ˈjar]	0.25
slovak	lixъ	[ˈlixiː]	[ˈʎix]	0.375
slovak	snuti	[ˈsnɔvac]	[ˈsnuc]	0.3333333333333333
slovak	dȏrgъ	[ˈdraɦiː]	[ˈdrax]	0.3333333333333333
slovak	mòrzъ	[ˈmraːs]	[ˈmras]	0.125
slovak	osь̀lъ	[ˈɔsɔɫ]	[ˈɔsɛɫ]	0.14285714285714285
slovak	dęgъ	[ˈdjax]	[ˈɟjax]	0.14285714285714285
slovak	pǫ́tь	[ˈpuːt]	[ˈpuc]	0.2857142857142857
slovak	letěti	[ˈlɛtjɛc]	[ˈlɛtic]	0.2222222222222222
slovak	pluti	[ˈpluc]	[ˈpluːcɪ]	0.2222222222222222
slovak	obolkъ	[ˈɔbɫak]	[ˈɔbɫak]	0.0
slovak	pь̑lstь	[ˈpɫ̩st]	[ˈpl̩st]	0.125
slovak	krotъkъ	[ˈkrɔtkiː]	[ˈkrɔtkiː]	0.0
slovak	pьšenò	[ˈpʃɛnɔ]	[ˈpʃɛnɔ]	0.0
slovak	vě̑no	[ˈʋɛnɔ]	[ˈvɛnɔ]	0.14285714285714285
slovak	ne	[ˈɲɛ]	[ˈɲɛ]	0.0
slovak	minǫti	[ˈminuːc]	[ˈminuːc]	0.0
slovak	dertì sę	[ˈdrjɛt]	[ˈdrjɛtis]	0.2
slovak	želě̀zo	[ˈʒeɫezɔ]	[ˈʒʎɛzɔ]	0.3333333333333333
slovak	pь̀rsь	[ˈpr̩sja]	[ˈpr̩s]	0.2222222222222222
slovak	gubìti	[ˈɦubici]	[ˈɦubic]	0.1111111111111111
slovak	līzàti	[ˈliːzac]	[ˈlizac]	0.1111111111111111
slovak	gně̀vъ	[ˈɦɲɛw]	[ˈɦɲɛf]	0.14285714285714285
slovak	kašьlь	[ˈkaʃɛʎ]	[ˈkaʃɛʎ]	0.0
slovak	kòrsta	[ˈxrasta]	[ˈkrasta]	0.1111111111111111
slovak	polvъ	[ˈpɫaviː]	[ˈpɫaviː]	0.0
slovak	kādìti	[ˈkaɟic]	[ˈkaːdic]	0.2222222222222222
slovak	zębnǫti	[ˈzjabnuc]	[ˈzɛbnuc]	0.2
slovak	pustìti	[ˈpuscic]	[ˈpustic]	0.1111111111111111
slovak	làska	[ˈɫaːska]	[ˈɫaːska]	0.0
slovak	moldenьcь	[ˈmɫaːɟɛɲɛt͡s]	[ˈmɫadɛn]	0.5
slovak	plàkati	[ˈpɫakac]	[ˈpɫaːkac]	0.1
slovak	ovь̀sъ	[ˈɔvɔs]	[ˈɔvɛs]	0.14285714285714285
slovak	dāvìti	[ˈdaːvic]	[ˈdaːvic]	0.0
slovak	ob	[ˈɔ]	[ˈɔbɔ]	0.3333333333333333
slovak	nozdra	[ˈnɔzdra]	[ˈnɔzdra]	0.0
slovak	krỳti	[ˈkric]	[ˈkric]	0.0
slovak	pь̀strъ	[ˈpɛstriː]	[ˈpɛstriː]	0.0
slovak	ščítъ	[ˈʃtiːt]	[ˈʃt͡ʃit]	0.3333333333333333
slovak	mỳšь	[ˈmiʃ]	[ˈmiʃ]	0.0
slovak	sǫ́dъ	[ˈsuːt]	[ˈsuːt]	0.0
slovak	redъkъjь	[ˈrjɛtki]	[ˈrɛtki]	0.1111111111111111
slovak	bliskъ	[ˈblisk]	[ˈblik]	0.125
slovak	bě̄dìti	[ˈbjɛɟic]	[ˈbjɛdic]	0.1111111111111111
slovak	mȏltъ	[ˈmɫat]	[ˈmɫat]	0.0
slovak	mьsta	[ˈm̩ːst]	[ˈmɛst]	0.25
slovak	čelověkъ	[ˈt͡ʃɫɔvɛk]	[ˈt͡ʃɛɫɔk]	0.2727272727272727
slovak	zěvati	[ˈziːʋac]	[ˈzjevac]	0.3333333333333333
slovak	sȗxъ	[ˈsuxiː]	[ˈsux]	0.25
slovak	ebàti	[ˈjɛbac]	[ˈjɛbac]	0.0
slovak	mȃmъ	[ˈmam]	[ˈmam]	0.0
slovak	podъ	[ˈpɔt]	[ˈpɔt]	0.0
slovak	velkti	[ˈʋʎɛt͡sʲc]	[ˈvɫ̩ːst͡sɛ]	0.5833333333333334
slovak	žàba	[ˈʒaba]	[ˈʒaba]	0.0
slovak	okъnò	[ˈɔknɔ]	[ˈɔknɔ]	0.0
slovak	lišiti sę	[ˈliːʃic sa]	[ˈlisit]	0.5
slovak	živòtъ	[ˈʒivɔt]	[ˈʒivɔt]	0.0
slovak	vy	[ˈvi]	[ˈʋi]	0.2
slovak	gъ̀rdlo	[ˈɦr̩dɫɔ]	[ˈɡr̩dɫɔ]	0.1111111111111111
slovene	ǫgorь	[ɔɡǒːr]	[ǒːɡɔr]	0.5714285714285714
slovene	melzti	[mlěːsti]	[mlěːsti]	0.0
slovene	duti	[dǔːti]	[dǔːti]	0.0
slovene	vę̄zàti	[ʋěːzati]	[ʋěːzati]	0.0
slovene	zar̨à	[zǎːrja]	[zǎːrja]	0.0
slovene	kǫda	[kǒːda]	[kɔdra]	0.42857142857142855
slovene	kǫ̑sъ	[kôːs]	[kôːs]	0.0
slovene	rūnò	[rǔːno]	[rǔːno]	0.0
slovene	slùšati	[slǔːʃati]	[slǔːʃati]	0.0
slovene	směxъ	[smêːx]	[smêːx]	0.0
slovene	mъxъ	[mâːx]	[mə̂x]	0.3333333333333333
slovene	vьśь	[ʋə̂s]	[ʋâːs]	0.3333333333333333
slovene	grьměti	[ɡərměːti]	[ɡərměːti]	0.0
slovene	tȏkъ	[tɔ̂k]	[tôːk]	0.3333333333333333
slovene	nìščь	[nîʃt]	[nîʃt]	0.0
slovene	gràbiti	[ɡrǎːbiti]	[ɡrǎːbiti]	0.0
slovene	drьkolьje	[də̌ːrkɔw]	[də̌ːrkoo]	0.2
slovene	lȏvъ	[lɔ̂ʋ]	[lôːʋ]	0.3333333333333333
slovene	ūstà	[ǔːsta]	[ǔːsta]	0.0
slovene	krūpà	[krǐːpa]	[krǔːpa]	0.125
slovene	polìca	[pɔlǐːt͡sa]	[pɔlǐːt͡sa]	0.0
slovene	tekti	[tɛ̌ːt͡ʃi]	[tɛ̌ːt͡ʃi]	0.0
slovene	krȋkъ	[krîːk]	[krîːk]	0.0
slovene	gorьkъ	[ɡɔ̌ːrək]	[ɡɔ̌ːrək]	0.0
slovene	kokotъ	[kɔkôːt]	[kɔ́kɔ̌ti]	0.4
slovene	ętry	[jêːtriʋa]	[jɛ̌ːtra]	0.4
slovene	kъto	[kdǒː]	[ktɔ̂]	0.5
slovene	morà	[mɔ̌ːra]	[mɔra]	0.25
slovene	sìto	[sǐːto]	[sǐːto]	0.0
slovene	čuditi sę	[t͡ʃǔːditi sɛ]	[t͡ʃǔːditi sɛ]	0.0
slovene	zìnǫti	[zǐːniti]	[zǐːniti]	0.0
slovene	plàvati	[plǎːʋati]	[plǎːʋati]	0.0
slovene	lě̑sъ	[lêːs]	[lêːs]	0.0
slovene	plàkati	[plǎːkati]	[plǎːkati]	0.0
slovene	brьnьje	[bə̂ːrnjɛ]	[bəbrnêː]	0.4
slovene	kādìti	[kadǐːti]	[kǎːditi]	0.4444444444444444
slovene	krъvьnъ	[kə̌ːrʋən]	[kərʋêːn]	0.4
slovene	xoxotati	[xɔxɔtǎːti]	[xɔxɔtǎːti]	0.0
slovene	muzga	[mǔːzɡa]	[mǔːzɡa]	0.0
slovene	česnъ	[t͡ʃɛ̌ːsən]	[t͡ʃěːsən]	0.18181818181818182
slovene	mùxa	[mǔːxa]	[mǔːxa]	0.0
slovene	koprъ	[kɔ̌ːpər]	[kɔ̌ːpər]	0.0
slovene	kaziti	[kazǐːti]	[kǎːziti]	0.4444444444444444
slovene	vъ	[ʋ]	[ʋ]	0.0
slovene	būdìti	[budǐːti]	[bǔːditi]	0.4444444444444444
slovene	lędvьja	[lěːdija]	[lɛdʋǎːja]	0.5
slovene	pàmętь	[pǎːmɛt]	[pǎːmɛti]	0.1111111111111111
slovene	bъrtъ	[bərt]	[bə̂rt]	0.14285714285714285
slovene	xoditi	[xɔ̌ːditi]	[xɔdǐːti]	0.4
slovene	pèlti	[plěːti]	[plěːti]	0.0
slovene	nozdra	[nɔ̂ːzdra]	[nɔzdra]	0.2
slovene	sijàti	[sijǎːti]	[sjǎːti]	0.1111111111111111
slovene	vě̀ra	[ʋěːra]	[ʋěːra]	0.0
slovene	zьlčь	[ʒɔ̂ːwt͡ʃ]	[zə̂ːlt͡ʃ]	0.3
slovene	krovъ	[krɔ̂ʋ]	[krɔ̂ʋ]	0.0
slovene	ědro	[jǎːdro]	[jadrôː]	0.5
slovene	žel̨a	[ʒɛ̌ːlja]	[ʒɛlěːti]	0.5555555555555556
slovene	lъskъ	[lə̂sk]	[lə̂k]	0.14285714285714285
slovene	dovьlěti	[dɔʋlěːti]	[doʋlěːti]	0.1
slovene	mỳdlo	[mǐːlo]	[mǐːlo]	0.0
slovene	lęcati	[lěːt͡sati]	[lěːt͡ʃati]	0.09090909090909091
slovene	dъxъ	[dâx]	[də̂x]	0.3333333333333333
slovene	kỳla	[kǐːla]	[kǐːla]	0.0
slovene	brъsnǫti	[bə̌ːrsniti]	[bə̌ːrsniti]	0.0
slovene	godъ	[ɡôːt]	[ɡɔ̂t]	0.3333333333333333
slovene	borzdà	[brǎːzda]	[brǎːzda]	0.0
slovene	zmь̀jь	[zmâːi]	[zmâːj]	0.14285714285714285
slovene	drāžìti	[drǎːʒiti]	[drǎːʒiti]	0.0
slovene	modrъ	[mǒːdər]	[mɔ̌ːdər]	0.2222222222222222
slovene	sъxnǫti	[səxnǐːti]	[səxnǐːti]	0.0
slovene	ě̑rъ	[jâːr]	[jâːr]	0.0
slovene	globìti	[ɡlɔbǐːti]	[ɡlɔbǐːti]	0.0
slovene	zěvati	[zěːʋati]	[zěːʋati]	0.0
slovene	klìknǫti	[klǐːkniti]	[klǐːkniti]	0.0
slovene	orь̀lъ	[ɔ̌ːrəw]	[ɔ̌ːrəw]	0.0
slovene	nevě̀sta	[nɛʋěːsta]	[nɛʋěːsta]	0.0
slovene	sìla	[sǐːla]	[sǐːla]	0.0
slovene	vỳgъn̨ь	[ʋǐːɡən]	[ʋîːɡna]	0.375
slovene	ovьcà	[ɔ̌ːʋt͡sa]	[ɔ̌ːʋrat͡sa]	0.16666666666666666
slovene	dǫ̑bъ	[dôːp]	[dôːp]	0.0
slovene	děvìca	[deʋǐːt͡sa]	[děːʋit͡sa]	0.36363636363636365
slovene	byvati	[bǐːʋati]	[bǐːʋati]	0.0
slovene	mьrznǫti	[mə̌rzniti]	[mə̌rzniti]	0.0
slovene	blǭdìti	[blǒ̝ːditi]	[blǒːditi]	0.09090909090909091
slovene	mьrknǫti	[mə̌rkniti]	[mə̌rkniti]	0.0
slovene	slǫ̀ka	[slǒːka]	[slǔːka]	0.125
slovene	ežika	[jɛʒǐːt͡sa]	[jɛʒǐːka]	0.2727272727272727
slovene	bùr̨a	[bǔːrja]	[bǔːra]	0.125
slovene	obrěsti	[ɔbrěːsti]	[ɔbrěːsti]	0.0
slovene	lъbъ	[lə̂p]	[lâp]	0.3333333333333333
slovene	jūxà	[jǔːxa]	[jǔːxa]	0.0
slovene	mokrъ	[mǒːkər]	[mɔkər]	0.25
slovene	teplъ	[tɔ̌ːpəw]	[tɛ̂pli]	0.5555555555555556
slovene	vòl̨a	[ʋǒːlja]	[ʋôːlja]	0.125
slovene	rǫ̑bъ	[rôːp]	[rôːp]	0.0
slovene	zȏbь	[zôːp]	[zôːp]	0.0
slovene	tъrgati	[tə̌rɡati]	[tərɡǎːti]	0.3
slovene	drȗgъ	[drûːk]	[drûːk]	0.0
slovene	golěnь	[ɡɔlêːn]	[ɡɔlěːna]	0.2222222222222222
slovene	kl̨účь	[kljǔːt͡ʃ]	[kljâːt͡ʃ]	0.1
slovene	blě̑skъ	[blêːsk]	[blêːsək]	0.1111111111111111
slovene	mъdьlьnъ	[mɛdlêːn]	[mədlêːn]	0.1111111111111111
slovene	obuti	[ɔbǔːti]	[bɔbǔːti]	0.1111111111111111
slovene	trǫdъ	[trôːt]	[trôːt]	0.0
slovene	pь̀rsь	[pə̌ːrsi]	[pə̂ːrs]	0.2222222222222222
slovene	ležàti	[lɛ̌ːʒati]	[lɛ̌ːʒati]	0.0
slovene	sy̑nъ	[sîːn]	[sîːn]	0.0
slovene	pozdьnъ	[pɔ̌ːzən]	[pɔzdə̌n]	0.4444444444444444
slovene	brъkati	[bə̌rkati]	[bəbrəti]	0.3
slovene	ǫ̀glь	[ôːɡəw]	[ʋɔɡə̂ːw]	0.4444444444444444
slovene	radi	[zarâːdi]	[rǎːdi]	0.3333333333333333
slovene	kòlda	[klǎːda]	[klǎːda]	0.0
slovene	sȃdъ	[sâːt]	[sâːt]	0.0
slovene	zěnica	[zěːnit͡sa]	[zěːnit͡sa]	0.0
slovene	ledva	[jɛ̌dʋa]	[lɛ̌ːdʋa]	0.2222222222222222
slovene	edìnъ	[ɛdǐːn]	[jɛ̌ːda]	0.625
slovene	òlčьnъ	[lǎːt͡ʃən]	[lǎːt͡ʃna]	0.2
slovene	otrokъ	[ɔtrɔ̂k]	[ɔtrɔ̂k]	0.0
slovene	pỳrъ	[pîːr]	[pîːr]	0.0
slovene	věja	[ʋêːja]	[ʋěːja]	0.14285714285714285
slovene	šìti	[ʃǐːti]	[ʃǐːti]	0.0
slovene	olnìta	[lanǐːta]	[lǎːlati]	0.5
slovene	korьcь	[kɔ̌ːrət͡s]	[kɔ̌ːrət͡s]	0.0
slovene	gǫ̀ba	[ɡǒːba]	[ɡǒːba]	0.0
slovene	dь̑nь	[dâːn]	[dâːn]	0.0
slovene	studìti	[stǔːditi]	[studǐːti]	0.4
slovene	plesna	[plɛ̌ːsna]	[plěːsna]	0.2
slovene	kasati	[kasati]	[kǎːsati]	0.2222222222222222
slovene	pȋvo	[pǐːʋo]	[pǐːʋoʋo]	0.2222222222222222
slovene	dъ̑lgъ	[dɔ̂ːʊk]	[dɔ̂ːwk]	0.125
slovene	plesti	[plɛ̌ːsti]	[plěːsti]	0.2
slovene	devetъjь	[dɛʋěːti]	[dɛʋěːti]	0.0
slovene	dьlti	[dɔ̌wpsti]	[də̌ːlti]	0.4
slovene	kъlkъ	[kɔ̂wk]	[klə̂k]	0.42857142857142855
slovene	letěti	[lɛtěːti]	[lɛtěːti]	0.0
slovene	čakati	[t͡ʃǎːkati]	[t͡ʃâːkati]	0.09090909090909091
slovene	živòtъ	[ʒiʋɔ̂t]	[ʒǐːʋot]	0.5
slovene	drě̄màti	[drěːmati]	[drěːmiti]	0.1
slovene	gnȏjь	[ɡnôːj]	[ɡnôːj]	0.0
slovene	bojaznь	[bɔjâːzən]	[bɔjâːsn]	0.2
slovene	bъrna	[bə̌ːrna]	[bə̌ːrna]	0.0
slovene	čelověkъ	[t͡ʃlɔ̌ːʋek]	[t͡ʃɛlɔʋêːk]	0.4166666666666667
slovene	orbiti	[rǎːbiti]	[rabǐːti]	0.4444444444444444
slovene	skorà	[skǒːrja]	[skǒːra]	0.1111111111111111
slovene	vě̀jati	[ʋěːti]	[ʋěːti]	0.0
slovene	grę̄dà	[ɡrɛ̌ːda]	[ɡrěːda]	0.2222222222222222
slovene	gъnàti	[ɡnǎːti]	[ɡnǎːti]	0.0
ukrainian	kl̨ùka	[ˈklʲukɐ]	[kklɐˈka]	0.4444444444444444
ukrainian	bȏrъ	[ˈbʲir]	[ˈbʲirɔ]	0.125
ukrainian	oldi	[ˈlɔdʲɐ]	[ˈlɔde]	0.25
ukrainian	morvi	[mʊrɐˈwɪj]	[mɔrɔˈʋɑ]	0.5
ukrainian	àma	[ˈjɑmɐ]	[ˈjɑmɐ]	0.0
ukrainian	gǫgniti	[ɡuˈɡnɪtɪ]	[ɦuˈɡnɪtɪ]	0.1
ukrainian	voskъ	[ˈʋʲisk]	[ˈwɔsʲik]	0.4444444444444444
ukrainian	evìnъ	[oˈwʲin]	[ˈjɛwn]	0.5
ukrainian	glògъ	[ˈɡlʲiɡ]	[ˈɦlʲiɦɔ]	0.3333333333333333
ukrainian	bèrmę	[bɛrɛˈmʲa]	[ˈbɛremʲ]	0.4
ukrainian	mъlviti	[ˈmɔwete]	[ˈʋɔvɪtɪ]	0.4444444444444444
ukrainian	dьrbati	[ˈdɛrbɐte]	[deˈrbɑte]	0.4
ukrainian	dòl̨a	[ˈdɔlʲɐ]	[ˈdɔlʲɐ]	0.0
ukrainian	lunà	[lʊˈnɑ]	[lʊˈnɑ]	0.0
ukrainian	ęti	[ˈjɑte]	[ˈjɑte]	0.0
ukrainian	borna	[bɔˈrɔnɐ]	[bɔˈrɔnɐ]	0.0
ukrainian	čerěnь	[t͡ʃeˈrʲinʲ]	[t͡ʃeˈrʲin]	0.08333333333333333
ukrainian	pàra	[ˈpɑrɐ]	[ˈpɑrɐ]	0.0
ukrainian	cě̄lìti	[t͡sʲiˈlɪtɪ]	[ˈt͡selɪtɪ]	0.3333333333333333
ukrainian	jьgra	[ˈɦra]	[ˈɦrɑ]	0.16666666666666666
ukrainian	drobà	[drɔbeˈnɑ]	[drɔˈbɑ]	0.3
ukrainian	elenь	[ˈɔlenʲ]	[ˈjɛlɛnʲ]	0.3333333333333333
ukrainian	olkomъjьjь	[ˈlɑkɔmej]	[lɑkeˈja]	0.5
ukrainian	sъlojь	[ˈsʲlʲij]	[ˈslʲij]	0.1111111111111111
ukrainian	čerslò	[t͡ʃereˈslɔ]	[t͡ʃeˈrɛslɔ]	0.25
ukrainian	blizna	[ˈblɪznɐ]	[ˈblɪznɐ]	0.0
ukrainian	ǭtrò	[nʊˈtrɔ]	[ˈnutrɔ]	0.375
ukrainian	dьrba	[ˈdɛrbɐ]	[deˈrɔbɑ]	0.5555555555555556
ukrainian	polъ	[ˈpɔl]	[ˈpʲilɔ]	0.375
ukrainian	povorzъ	[ˈpɔwɔrɔz]	[pɔˈʋɔrʲiz]	0.45454545454545453
ukrainian	rȏgъ	[ˈrʲiɦ]	[ˈrʲiɦ]	0.0
upper_sorbian	melti	[ˈmlɪt͡ʃ]	[ˈmʲɛlt͡ʃ]	0.3
upper_sorbian	mě̀dь	[ˈmet͡ʃ]	[ˈmʲɪt͡ʃ]	0.2222222222222222
upper_sorbian	kòn̨ь	[ˈkʊjn]	[ˈkʊn]	0.14285714285714285
upper_sorbian	erębina	[ˈjeʀʲabʲina]	[ˈjaʀʲa]	0.46153846153846156
upper_sorbian	žę̄dàti	[ˈʒadat͡ʃ]	[ˈʒʲadat͡ʃ]	0.09090909090909091
upper_sorbian	svòrka	[ˈsʀoka]	[ˈsʀat͡ʃa]	0.4
upper_sorbian	dē̌žà	[ˈd͡ʒɪʒa]	[ˈd͡ʒɪʒɛ]	0.1111111111111111
upper_sorbian	mȇdъ	[ˈmʲɪt]	[ˈmʲɪt]	0.0
upper_sorbian	dertì	[ˈdʀʲɪt͡ʃ]	[ˈdʀʲɛt͡ʃ]	0.1
upper_sorbian	gatъ	[ˈhat]	[ˈhatɨ]	0.14285714285714285
upper_sorbian	kvě̑tъ	[ˈkʲɪt]	[ˈkwʲɪt]	0.125
upper_sorbian	bȏgъ	[ˈbʊ]	[ˈbʊh]	0.16666666666666666
upper_sorbian	bòlto	[ˈbʊtɔ]	[ˈbwɔtɔ]	0.25
upper_sorbian	xȏldъ	[ˈkwʊt]	[ˈxʊt]	0.2857142857142857
upper_sorbian	sě̀verъ	[ˈsowʲɛɐ̯]	[ˈsɨwɔwʲɪt͡ɕ]	0.5384615384615384
upper_sorbian	lě̑pъ	[ˈlɪp]	[ˈlɪp]	0.0
upper_sorbian	bȇrgъ	[ˈbʀʲʊ]	[ˈbʀʲɪk]	0.25
upper_sorbian	bledъjь	[ˈblɪdɨ]	[ˈblʊdɛ]	0.25
upper_sorbian	sъdorvъjь	[ˈstʀowɨ]	[ˈstʀɔwɨ]	0.1111111111111111
upper_sorbian	nòžь	[ˈnʊʃ]	[ˈnɔʃ]	0.16666666666666666
upper_sorbian	vȅčerъ	[ˈwet͡ʃɔɐ̯]	[ˈwʲɪt͡ʃɔʀ]	0.36363636363636365
upper_sorbian	gryzati	[ˈʀɨzat͡ʃ]	[ˈhɨrzat͡ʃ]	0.18181818181818182
upper_sorbian	pòrgъ	[ˈpʀʊ]	[ˈpɔwk]	0.42857142857142855
upper_sorbian	kъlpь	[ˈkow]	[ˈkʲɛwp]	0.375
upper_sorbian	ȃje	[ˈjejɔ]	[ˈjaje]	0.2857142857142857
