bcs	rǫbìti	[rǔːbiti]	[rǔːbiti]	0.0
bcs	grȏmъ	[ɡrôːm]	[ɡrôːm]	0.0
bcs	mỳšь	[mîʃ]	[mîʃ]	0.0
bcs	puxati	[pǔːxati]	[pǔːxati]	0.0
bcs	solnъ	[slâːniː]	[slâːn]	0.2222222222222222
bcs	plàviti	[plâʋiti]	[plâʋiti]	0.0
bcs	gręsti	[ɡrěsti]	[ɡrěsti]	0.0
bcs	eževica	[jěːʒeʋit͡sa]	[jěʒeʋit͡sa]	0.07692307692307693
bcs	sęgnǫti	[sěːɡnuti]	[sěːɡnuti]	0.0
bcs	drobъ	[drôːb]	[drôb]	0.14285714285714285
bcs	gnȗsъ	[ɡnûːs]	[ɡnûːs]	0.0
bcs	žalь	[ʒâo je]	[ʒâʎ]	0.5
bcs	krъvьnъ	[kr̂ːʋniː]	[kr̂ːʋan]	0.3
bcs	krovъ	[krôːʋ]	[krôːʋ]	0.0
bcs	glàdъkъ	[ɡlâdak]	[ɡlâdak]	0.0
bcs	gȏjь	[ɡôːj]	[ɡôːj]	0.0
bcs	xvoja	[xʋǒja]	[xʋôja]	0.14285714285714285
bcs	màlъ	[mâo]	[mâo]	0.0
bcs	kъrma	[křːma]	[kr̂ma]	0.2857142857142857
bcs	mokrъ	[môkar]	[môkar]	0.0
bcs	ȇ̌dъ	[îjed]	[jâd]	0.3333333333333333
bcs	tri	[trîː]	[tri]	0.3333333333333333
bcs	libavъ	[lîbaʋ]	[lîbaːʋ]	0.125
bcs	tekti	[tět͡ɕi]	[têt͡ɕi]	0.125
bcs	bȇrgъ	[brîjeɡ]	[brîːɡ]	0.25
bcs	kūrìti	[kǔːriti]	[kǔːriti]	0.0
bcs	kotьcь	[kǒtat͡s]	[kǒtat͡s]	0.0
bcs	stàviti	[stâʋiti]	[stâʋiti]	0.0
bcs	pěti	[pǒjati]	[pjêti]	0.25
bcs	pasti	[pâsti]	[pâsti]	0.0
bcs	onъ	[ôn]	[ǒn]	0.25
bcs	golgolati	[ɡlaɡǒlati]	[ɡlǎːɡolati]	0.25
bcs	žę̀tva	[ʒêtʋa]	[ʒêtʋa]	0.0
bcs	lěnìvъ	[ʎěniʋ]	[lijěniʋ]	0.3333333333333333
bcs	i	[i]	[i]	0.0
bcs	surovъ	[sîroʋ]	[sûroʋ]	0.14285714285714285
bcs	slȗxъ	[slûːx]	[slûːx]	0.0
bcs	mьn̨ьjь	[mâɲiː]	[mâniː]	0.14285714285714285
bcs	godina	[ɡôdina]	[ɡôdina]	0.0
bcs	děliti	[dijěliti]	[djêliti]	0.2
bcs	bìti	[bîti]	[bîti]	0.0
bcs	klokotati	[klokǒtati]	[klokǒtati]	0.0
bcs	žȅlǫdь	[ʒêluːd]	[ʒêluːd]	0.0
bcs	rědъkъ	[rîjedkiː]	[rêtkiː]	0.4
bcs	smьjàti sę	[smǐjati]	[smijati]	0.1111111111111111
bcs	osь̀lъ	[ǒsao]	[ǒseo]	0.16666666666666666
bcs	drāžìti	[drǎːʒiti]	[drǎːʒiti]	0.0
bcs	kašьl̨ati	[kǎʃʎati]	[kǎːʃʎati]	0.1
bcs	obrěsti	[obresti]	[obrjesti]	0.1
bcs	brę̀knǫti	[brěːknuti]	[brêknuti]	0.18181818181818182
bcs	rębika	[rebika]	[rebika]	0.0
bcs	dupl̨a	[dǔːpʎa]	[dûːpʎa]	0.125
bcs	pǫpъ	[pûːp]	[pûːp]	0.0
bcs	zьrěti	[zrêti]	[zrêti]	0.0
bcs	dajati	[dajât]	[dâjati]	0.375
bcs	arьmò	[jǎːram]	[jǎːrim]	0.125
bcs	pȍrsę	[prâːse]	[prâse]	0.125
bcs	bl̨ustì	[bʎûsti]	[bʎǔsti]	0.125
bcs	esmь	[jěsam]	[jêsam]	0.14285714285714285
bcs	kòšь	[kôʃ]	[kôʃ]	0.0
bcs	drevьnъ	[drêːʋan]	[drêʋen]	0.2222222222222222
bcs	rebrò	[rěbro]	[rěbro]	0.0
bcs	vě̀jati	[ʋîjeːm]	[ʋjêti]	0.5
bcs	malъkъ	[mâlak]	[mâːlak]	0.125
bcs	sỳrъ	[sîr]	[sîr]	0.0
bcs	devętъ	[dêʋeti]	[deʋêːti]	0.3333333333333333
bcs	lьgъkъ	[lâk]	[laɡ̂ːk]	0.5
bcs	zmьjà	[zmǐja]	[zmijě]	0.2857142857142857
bcs	gòrxъ	[ɡrâx]	[ɡrâːx]	0.14285714285714285
bcs	bez	[bez]	[bebe]	0.3333333333333333
bcs	trȗpъ	[trûːp]	[trûːp]	0.0
bcs	merti	[mrijěti]	[mr̂ti]	0.3333333333333333
bcs	kvě̑tъ	[t͡sʋîjet]	[ʋîjet]	0.3
bcs	gràbiti	[ɡrâbiti]	[ɡrâbiti]	0.0
bcs	kъlpь	[kûːp]	[kûːp]	0.0
bcs	lъgati	[lǎɡati]	[lǎɡati]	0.0
bcs	obolkъ	[ôblaːk]	[ǒblati]	0.375
bcs	koterъ	[koteri]	[kôter]	0.25
bcs	gǫžьvь	[ɡûːʒʋa]	[ɡûʒaʋ]	0.375
bcs	ǭtròba	[ûtroba]	[ǔːtroba]	0.2222222222222222
bcs	ovьnъ	[ǒʋan]	[ǒːʋan]	0.14285714285714285
bcs	poltьnò	[plǎːtno]	[plǎːtno]	0.0
bcs	pęti	[pěːti]	[pêti]	0.2857142857142857
bcs	medju	[mêd͡ʑu]	[mêd͡ʑu]	0.0
bcs	šìti	[ʃîti]	[ʃǐti]	0.16666666666666666
bcs	grьměti	[ɡř̩mʎeti]	[ɡrǎmeti]	0.3
bcs	kórtъ	[krâːt]	[krât]	0.14285714285714285
bcs	kъ̀rpa	[kr̂pa]	[kr̂pa]	0.0
bcs	kȏlsъ	[klâːs]	[klâːs]	0.0
bcs	šibati	[ʃîbati]	[ʃǐːbati]	0.2222222222222222
bcs	někъto	[nêko]	[nîɡto]	0.42857142857142855
bcs	òlni	[lǎne]	[lâni]	0.3333333333333333
bcs	pālìti	[pǎːliti]	[pǎːliti]	0.0
bcs	ęčьmy	[jêt͡ʃmeːn]	[jěːt͡ʃma]	0.45454545454545453
bcs	kričati	[krǐːt͡ʃati]	[krît͡ʃati]	0.16666666666666666
bcs	kasati	[kâsati]	[kǎːsati]	0.2222222222222222
bcs	bergtì	[brijět͡ɕi]	[brět͡ɕi]	0.18181818181818182
bcs	bàviti	[bâʋit]	[bâʋiti]	0.125
bcs	čuditi sę	[t͡ʃûditi se]	[t͡ʃǔditi]	0.3076923076923077
bcs	ěxati	[jâxati]	[jâxati]	0.0
bcs	mȏrkъ	[mrâːk]	[mrâk]	0.14285714285714285
bcs	dъvojь	[dʋôji]	[dʋôji]	0.0
bcs	jùgъ	[jûɡ]	[juɡ]	0.2
bcs	vъ̑šь	[ʋâːʃ]	[ʋ͡ʃîː]	0.5714285714285714
bcs	ajьce	[jǎːjt͡se]	[jâjt͡se]	0.2
bcs	stàdo	[stâdo]	[stâdo]	0.0
bcs	kozà	[kǒza]	[kǒza]	0.0
bcs	modliti	[mǒliti]	[mǒdliti]	0.1111111111111111
bcs	mьrzěti	[mřːzjeti]	[mřːzjeti]	0.0
bcs	obьtjь	[ôpt͡ɕiː]	[ǒbt͡ɕi]	0.3333333333333333
bcs	žegti	[ʒět͡ɕi]	[ʒět͡ɕi]	0.0
bcs	sъtȏ	[stôː]	[stô]	0.16666666666666666
bcs	bedrò	[bědro]	[běːdro]	0.125
bcs	lixo	[lîːxo]	[lîxo]	0.14285714285714285
bcs	šȇstъ	[ʃêstiː]	[ʃêːst]	0.375
bcs	dьrati	[drǎːti]	[dǎːrati]	0.3333333333333333
bcs	ěrostь	[jǎːroːst]	[jârost]	0.3
bcs	konъ	[kôn]	[kǒːn]	0.3333333333333333
bcs	zabordlo	[zǎbralo]	[zǎbra]	0.2222222222222222
bcs	xabiti	[xabiti]	[xǎːbiti]	0.2222222222222222
bcs	l̨utъ	[ʎûːt]	[ʎûːt]	0.0
bcs	morà	[mǒra]	[mǔra]	0.16666666666666666
bcs	rekti	[rět͡ɕi]	[rêt͡ɕi]	0.125
bcs	slȍvo	[slôʋo]	[slôʋo]	0.0
bcs	pȏrxъ	[prâːx]	[prâːx]	0.0
bcs	bȏlь	[bôːl]	[bôːʎ]	0.16666666666666666
bcs	męzdra	[měːzdra]	[mezdra]	0.2222222222222222
bcs	globìti	[ɡlǒbiti]	[ɡlǒbiti]	0.0
bcs	svȏrbъ	[sʋrâːb]	[sʋrâːb]	0.0
bcs	ȅsenь	[jêseːn]	[jêseːɲ]	0.125
bcs	v̀ydra	[ʋîdra]	[ʋîdra]	0.0
bcs	pekti	[pět͡ɕi]	[pêt͡ɕi]	0.125
bcs	bȏlgъ	[blâːɡ]	[blâːɡ]	0.0
bcs	čemerika	[t͡ʃeměrika]	[t͡ʃêmeri]	0.3333333333333333
bcs	tatь	[tâːt]	[tât]	0.16666666666666666
bcs	golvà	[ɡlǎːʋa]	[ɡlǎːʋa]	0.0
bcs	žьltъ	[ʒûːt]	[ʒûːt]	0.0
bcs	vedrъ	[ʋêdar]	[ʋědar]	0.14285714285714285
bcs	krajь	[krâːj]	[krâːj]	0.0
bcs	pь̀sъ	[pâs]	[pâːs]	0.16666666666666666
bcs	gobino	[ɡobino]	[ɡôbino]	0.125
bcs	dě̀va	[djěːʋa]	[djêʋa]	0.25
bcs	mě̄zgà	[měːzɡa]	[mijězɡa]	0.3333333333333333
bcs	studъ	[stûːd]	[stûːd]	0.0
belarusian	blizna	[blʲuˈzna]	[blʲiˈzna]	0.1
belarusian	bȏgъ	[ˈbox]	[ˈbox]	0.0
belarusian	bydlo	[ˈbɨdɫo]	[ˈbɨdlo]	0.125
belarusian	stryjь	[ˈstrɨj]	[ˈstrij]	0.125
belarusian	stòlъ	[ˈstoɫ]	[ˈstoɫ]	0.0
belarusian	mьžati	[ˈjimʐʲet͡sʲ]	[ˈmʐat͡ɕ]	0.46153846153846156
belarusian	želě̀zo	[zʲeˈlʲezo]	[ʐaˈlʲezʲ]	0.36363636363636365
belarusian	esetь	[aˈsʲet͡sʲ]	[ˈjesʲet͡s]	0.36363636363636365
bulgarian	dǫ̑bъ	[ˈdɤp]	[ˈdɤp]	0.0
bulgarian	mьstjǫ	[mɤˈstʲa]	[mɐsˈti]	0.5555555555555556
bulgarian	pȅkǫ	[pɛˈkɤ]	[pɛˈkɤ]	0.0
bulgarian	mьčьta	[mɛt͡ʃˈta]	[mmɛt͡ʃa]	0.3
bulgarian	voinъ	[vojˈnik]	[ˈvɔjin]	0.5555555555555556
bulgarian	l̨utъ	[ˈlʲut]	[ˈlʲut]	0.0
bulgarian	krojǫ	[kroˈja]	[kroˈja]	0.0
bulgarian	grìva	[ˈɡrivə]	[ˈɡrivə]	0.0
bulgarian	ěrostь	[ˈjarost]	[ˈjarost]	0.0
bulgarian	ȍlkъtь	[ˈlakət]	[ˈlakət]	0.0
bulgarian	pъtìca	[ˈptit͡sə]	[ˈptit͡sə]	0.0
bulgarian	lě̑xà	[lɛˈxa]	[lɛˈxa]	0.0
bulgarian	xȏldъ	[ˈxlat]	[ˈxlat]	0.0
bulgarian	obolkъ	[ˈɔblək]	[oˈblak]	0.375
bulgarian	mьlzǫ	[mɤlˈzʲa]	[mɐˈzʲa]	0.2222222222222222
bulgarian	strigǫ	[ˈstriʒə]	[ˈstrivə]	0.1111111111111111
bulgarian	otrokъ	[otˈrɔk]	[oˈtrɔk]	0.25
bulgarian	tàjǫ	[ˈtajə]	[ˈtajə]	0.0
bulgarian	kǫtja	[ˈkʃta]	[ˈkɤt]	0.2857142857142857
bulgarian	rȗdъ	[ˈrut]	[ˈrut]	0.0
bulgarian	ròjь	[ˈrɔj]	[ˈrɔj]	0.0
bulgarian	vьčera	[ˈft͡ʃɛrə]	[ˈvɛt͡ʃɛ]	0.4
bulgarian	xorn̨ǫ	[ˈxranʲə]	[xrəˈnʲa]	0.4444444444444444
bulgarian	vorta	[vrəˈta]	[vrɐˈta]	0.125
bulgarian	zȏrkъ	[ˈzrak]	[ˈzrak]	0.0
bulgarian	zъlъ	[ˈzɤl]	[ˈzɤɫ]	0.16666666666666666
bulgarian	gnušǫ sę	[ɡnuˈsʲɤ sɛ]	[ɡnoˈʃatɛ]	0.5
bulgarian	čęstъ	[ˈt͡ʃɛsto]	[ˈt͡ʃɛst]	0.1
bulgarian	pь̀lnъ	[pəˈlɛn]	[ˈpɛɫn]	0.5
bulgarian	kàjǫ sę	[ˈkajə sɛ]	[ˈkajə sɛ]	0.0
bulgarian	xȏdъ	[ˈxɔt]	[ˈxɔt]	0.0
bulgarian	pьkъlъ	[ˈpŋkɤɫ]	[ˈpɤkəɫ]	0.25
bulgarian	zъly	[ˈzɛɫvɤ]	[ˈzɛɫvə]	0.125
bulgarian	bojaznь	[boˈjazən]	[ˈbɔjɛzən]	0.4
bulgarian	bȏrnь	[ˈbran]	[ˈbran]	0.0
bulgarian	polšǫ	[ˈpɫaʃə]	[ˈplaʃə]	0.125
bulgarian	godina	[ɡɔˈdinə]	[ɡoˈdinə]	0.1111111111111111
bulgarian	znàmę	[ˈznamɛ]	[ˈznamɛ]	0.0
bulgarian	sȏlь	[ˈsɔɫ]	[ˈsɔɫ]	0.0
bulgarian	pь̀strъ	[ˈpɛstər]	[ˈpɤstri]	0.3333333333333333
bulgarian	loml̨ǫ̀	[loˈmʲa]	[lɐˈmɛ]	0.375
bulgarian	norvъ	[ˈnraf]	[ˈnraf]	0.0
bulgarian	zьlčь	[ˈzlɤt͡ʃ]	[ˈzlʲt͡ʃ]	0.1111111111111111
bulgarian	kvȃsъ	[ˈkvas]	[ˈkvas]	0.0
bulgarian	mlinъ	[ˈmlin]	[mliˈni]	0.375
bulgarian	lȅtjǫ	[lɛˈtʲɤ]	[lɛˈti]	0.25
bulgarian	sy̑nъ	[ˈsin]	[ˈsin]	0.0
bulgarian	četỳre	[t͡ʃɛˈtiɾi]	[t͡ʃɛˈtiɛ]	0.18181818181818182
bulgarian	drobь	[ˈdrɔp]	[ˈdrɔp]	0.0
bulgarian	dòlnь	[ˈdlan]	[ˈdlan]	0.0
bulgarian	šьjǫ	[ˈʃijə]	[ʃiˈja]	0.42857142857142855
bulgarian	klęčǫ	[klɛˈt͡ʃa]	[ˈklɛt͡ʃə]	0.3
bulgarian	pěsъ̀kъ	[ˈpʲasək]	[pɛˈsɤk]	0.4444444444444444
bulgarian	grivьna	[ˈɡrivnə]	[ˈɡrivnə]	0.0
bulgarian	strǫkъ	[ˈstrɤk]	[ˈstruk]	0.125
bulgarian	krotъkъ	[ˈkrɔtək]	[ˈkrɔtək]	0.0
bulgarian	gàdъ	[ˈɡat]	[ˈɡat]	0.0
bulgarian	gńilъ	[ˈɡniɫ]	[ˈɡnif]	0.14285714285714285
bulgarian	kry	[ˈkrɤf]	[ˈkrɛvə]	0.375
bulgarian	virъ	[ˈvir]	[ˈvir]	0.0
bulgarian	myto	[ˈmito̝]	[ˈmito]	0.125
bulgarian	kòža	[ˈkɔʒə]	[ˈkɔʒə]	0.0
bulgarian	vědrò	[vɛdˈrɔ]	[vɛdˈrɔ]	0.0
bulgarian	mękъkъ	[ˈmɛk]	[ˈmɛkək]	0.25
bulgarian	svinьjà	[sviˈnʲa]	[ˈsvinə]	0.4444444444444444
bulgarian	dir̨ǫ	[ˈdirʲə]	[ˈdirʲə]	0.0
bulgarian	bordà	[brəˈda]	[brəˈda]	0.0
bulgarian	pišǫ̀	[ˈpiʃə]	[piˈpʲa]	0.625
bulgarian	bojǫ sę	[boˈjɤ sɛ]	[boˈja sɛ]	0.1
bulgarian	sǫdì	[sədiˈja]	[ˈsɛdij]	0.4444444444444444
bulgarian	govorъ	[ˈɡɔvor]	[ɡoˈvɔr]	0.5
bulgarian	pojǫ	[poˈja]	[ˈpɔjə]	0.5714285714285714
bulgarian	lisìca	[lʲiˈsit͡sə]	[liˈsit͡sə]	0.08333333333333333
bulgarian	soxà	[soˈxa]	[ˈsɔxə]	0.5714285714285714
bulgarian	koltjǫ	[ˈkɫatʲə]	[ˈkɫatʲə]	0.0
bulgarian	plěsnь	[ˈplɛsɛn]	[ˈplɛsɛn]	0.0
bulgarian	žùna	[ˈʒunə]	[ˈʒunə]	0.0
bulgarian	slìva	[ˈslivə]	[ˈslivə]	0.0
bulgarian	duplь	[ˈdupli]	[ˈdupɛɫ]	0.25
bulgarian	gluma	[ˈɡlumə]	[ˈɡlumə]	0.0
bulgarian	xvórstъ	[ˈxrast]	[xrǎːst]	0.375
bulgarian	čь̀rnъ	[ˈt͡ʃɛrɛn]	[ˈt͡ʃɛrn]	0.1
bulgarian	bolnъ	[ˈblʲan]	[ˈblan]	0.125
bulgarian	dȗxъ	[ˈdux]	[ˈdux]	0.0
bulgarian	užasъ	[ˈuʒəs]	[uˈʒas]	0.42857142857142855
bulgarian	gry̑zǫ	[ɡriˈza]	[ɡriˈzɤ]	0.125
bulgarian	nošǫ̀	[ˈnɔsʲə]	[noˈʃa]	0.625
bulgarian	drebъ	[ˈdrɛp]	[ˈdrɛb]	0.14285714285714285
bulgarian	v̀ydra	[ˈvidrə]	[viˈdra]	0.375
bulgarian	mьstь	[ˈmɛst]	[ˈmɛst]	0.0
bulgarian	kuka	[ˈkukə]	[kuˈka]	0.42857142857142855
bulgarian	gòrxъ	[ˈɡrax]	[ˈɡrax]	0.0
bulgarian	mьrznǫ	[ˈmrɛznə]	[ˈmɛrznə]	0.2222222222222222
bulgarian	ěrina	[ˈjarinə]	[ˈjarinə]	0.0
bulgarian	prijatelь	[priˈjatɛl]	[ˈprijətlɛ]	0.45454545454545453
bulgarian	těsnъ	[ˈtɛsən]	[ˈtɛsən]	0.0
church_slavic	glěnъ	[ɡlænʊ]	[ɡlænʊ]	0.0
church_slavic	vypь	[vɨpʎɪ]	[vɨpɪ]	0.14285714285714285
church_slavic	kùpъ	[kupʊ]	[kupʊ]	0.0
church_slavic	xvorstьje	[xvrastijɛ]	[xrastɛjɛ]	0.18181818181818182
church_slavic	kòrva	[krava]	[krava]	0.0
church_slavic	mъdьlь	[mʊdlʊ]	[mɪdɪlɪ]	0.375
church_slavic	korenь	[kɔrɛnɪ]	[kɔrɛnɪ]	0.0
church_slavic	pàǭkъ	[paɔ̃kʊ]	[pavɔ̃]	0.375
church_slavic	jūxà	[juxa]	[juxa]	0.0
church_slavic	lučiti	[lut͡ʃiti]	[lut͡ʃiti]	0.0
church_slavic	pǫditi	[pɔ̃diti]	[pɔ̃diti]	0.0
church_slavic	tǫ̑gъ	[tɔ̃ɡʊ]	[tɔ̃ɡʊ]	0.0
church_slavic	gǫgnati	[ɡuɡnati]	[ɡɔ̃ɡnati]	0.2
church_slavic	sьrna	[srʊna]	[sɪrna]	0.2857142857142857
church_slavic	nestera	[nɛstɛra]	[nɛstɛra]	0.0
church_slavic	krǫpěti	[krɔ̃pæti]	[krɔ̃piti]	0.1
church_slavic	mъmati	[mʊmati]	[mʊmati]	0.0
church_slavic	sérnъ	[srænʊ]	[srænʊ]	0.0
church_slavic	tèrti	[træti]	[træti]	0.0
church_slavic	luspa	[luspa]	[luspa]	0.0
church_slavic	bordatъjь	[bradatɨi]	[bradatɨ]	0.1
church_slavic	desnъjь	[dɛsnɨj]	[dɛsnɨi]	0.125
church_slavic	grajati	[ɡrajati]	[ɡrajati]	0.0
church_slavic	bòlna	[blana]	[blana]	0.0
church_slavic	tenetò	[tɛnɛtɔ]	[tɛnɛtɔ]	0.0
church_slavic	lьněnъ	[lɪnænɔ̃]	[lɪnænʊ]	0.2222222222222222
church_slavic	grъměždžь	[ɡrɪmæʒdɪ]	[ɡrʊmɛlɪ]	0.4
church_slavic	čelesьnъjь	[t͡ʃɛlɛsɪnɨj]	[t͡ʃɛlɛsɪnɨj]	0.0
church_slavic	bȏrъ	[bɔrʊ]	[bɔrʊ]	0.0
church_slavic	plě̑šь	[plæʃɪ]	[plæʃɪ]	0.0
church_slavic	korỳto	[kɔrɨtɔ]	[kɔrɨtɔ]	0.0
church_slavic	gǫ̑stъ	[ɡɔ̃stʊ]	[ɡɔ̃stʊ]	0.0
church_slavic	molь	[mɔlɪ]	[mɔlɪ]	0.0
church_slavic	ęčati	[jat͡ʃati]	[jɛ̃t͡ʃati]	0.18181818181818182
church_slavic	òlčьnъ	[alt͡ʃɪnʊ]	[aʎt͡ʃɛnʊ]	0.2
church_slavic	juže	[ju]	[uʒɛ]	0.6
church_slavic	kyjь	[kɨi]	[kɨi]	0.0
church_slavic	kъznь	[kʊznɪ]	[kʊznɪ]	0.0
church_slavic	àblonь	[ablanɪ]	[ablɔnɪ]	0.125
church_slavic	prysnǫti	[prɨsnɔ̃ti]	[prɨsnɔ̃ti]	0.0
czech	mьžiti	[ˈmʒiːcɪ]	[ˈmʒɪt]	0.4444444444444444
czech	bòlto	[ˈblaːto]	[ˈblato]	0.1111111111111111
czech	lě̑xà	[ˈliːxa]	[ˈlɛxa]	0.25
czech	dȅvętь	[ˈdɛvjɛt]	[ˈdɛvɛt]	0.1111111111111111
czech	dȃnь	[ˈdaɲ]	[ˈdaːn]	0.2857142857142857
czech	čьrmьnъ	[ˈt͡ʃɛrmniː]	[ˈt͡ʃr̩mniː]	0.16666666666666666
czech	klekъtati	[ˈklɛktat]	[ˈklɛktat]	0.0
czech	čȋnъ	[ˈt͡ʃɪn]	[ˈt͡ʃɪniː]	0.2
czech	kry	[ˈkrɛv]	[ˈkr̩va]	0.25
czech	stȃnъ	[ˈstan]	[ˈstan]	0.0
czech	dьrnǫti	[ˈdr̩ɦnowt]	[ˈdr̩ɦnowt]	0.0
czech	drevě	[ˈdr̝iːf]	[ˈdr̝ɛvɛ]	0.3333333333333333
czech	pràvъ	[ˈpraviː]	[ˈpraviː]	0.0
czech	mъlva	[ˈmluva]	[ˈmluva]	0.0
czech	pàdati	[ˈpadat]	[ˈpaːdat]	0.1111111111111111
czech	kydnǫti	[ˈkɪdnowt]	[ˈkɪndowt]	0.2
czech	bìti	[ˈbiːt]	[ˈbiːcɪ]	0.25
czech	lȏvъ	[ˈlɔf]	[ˈloviː]	0.5
czech	polxъ	[ˈpoplax]	[ˈplaxiː]	0.4444444444444444
czech	gъrkati	[ˈɦr̩kat]	[ˈɦr̩kat]	0.0
czech	pǫčati	[ˈput͡ʃɛt]	[ˈput͡ʃɛt]	0.0
czech	nùdja	[ˈnowzɛ]	[ˈnuzda]	0.5
czech	obětjati sę	[ˈobjɛt͡sat ˈobjɛt͡sɛt]	[ˈobɛt͡sɛ]	0.5652173913043478
czech	tȗkъ	[ˈtuk]	[ˈtuk]	0.0
czech	ako	[ˈjako]	[ˈjaːko]	0.125
czech	mijati	[ˈmiːjɛt]	[ˈmjɛt]	0.2222222222222222
czech	golěnь	[ˈhɔlɛɲ]	[ˈɦolɛn]	0.375
czech	jьkrà	[ˈjɪkra]	[ˈjɛkra]	0.125
czech	bliskati sę	[ˈbliːskat sɛ]	[ˈblɪskat sa]	0.21428571428571427
czech	śěrъ	[ˈʃɛriː]	[ˈsiːriː]	0.3333333333333333
czech	kъto	[ˈɡdo]	[ˈkto]	0.3333333333333333
czech	stòlъ	[ˈstuːl]	[ˈstuː]	0.125
czech	proti	[ˈprocɪ]	[ˈprot]	0.25
czech	gyža	[ˈɦɪʒɛ]	[ˈɦɪʒɛ]	0.0
czech	pę̑tь	[ˈpjɛt]	[ˈpɛːt]	0.2857142857142857
czech	morъ	[ˈmor]	[ˈmor]	0.0
czech	màzati	[ˈmazat]	[ˈmaːzat]	0.1111111111111111
czech	sǫ	[ˈsow]	[ˈso]	0.16666666666666666
czech	studъ	[ˈstut]	[ˈstut]	0.0
czech	sě̀jati	[ˈsiːt]	[ˈsɛt]	0.2857142857142857
czech	dē̌žà	[ˈɟiːʃ]	[ˈɟiːʒɛ]	0.25
czech	xvorstьje	[ˈxrasciː]	[ˈɦrastiː]	0.2
czech	polšiti	[ˈplaʃɪt]	[ˈploʃɪt]	0.1111111111111111
czech	nicь	[ˈɲɪt͡siː]	[ˈnijɛt͡s]	0.6
czech	gъ̑rstь	[ˈɦr̩st]	[ˈɦr̩st]	0.0
czech	mȃstь	[ˈmast]	[ˈmaːst]	0.125
czech	bàjati	[ˈbajɛt]	[ˈbaːt]	0.25
czech	ògn̨ь	[ˈoɦɛɲ]	[ˈoɦɛɲ]	0.0
czech	trȗpъ	[ˈtrup]	[ˈtrup]	0.0
czech	kolto	[ˈklaːt]	[ˈklaːto]	0.1111111111111111
czech	sȏkъ	[ˈsok]	[ˈsok]	0.0
czech	orlьja	[ˈrolɛ]	[ˈrolɛ]	0.0
czech	koliko	[ˈkolɪko]	[ˈkolɪko]	0.0
czech	polъ	[ˈpuː]	[ˈpol]	0.3333333333333333
czech	jьgra	[ˈɦra]	[ˈjɛɦra]	0.25
czech	dьnьsь	[ˈdnɛs]	[ˈdɲɛs]	0.14285714285714285
czech	stogъ	[ˈstox]	[ˈstox]	0.0
czech	lъgati	[ˈlɦaːt]	[ˈlɦaːcɪ]	0.2222222222222222
czech	mȋgъ	[ˈmɪx]	[ˈmɪx]	0.0
czech	osъ̀tъ	[ˈosɛt]	[ˈosɛt]	0.0
czech	smьjàti sę	[ˈsmaːt sɛ]	[ˈsmjat͡sɛ]	0.2727272727272727
czech	zъlъ	[ˈzliː]	[ˈzl̩ːs]	0.25
czech	my̑slь	[ˈmɪsl̩]	[ˈmɪsl]	0.125
czech	vȇrsъ	[ˈvr̝ɛs]	[ˈvr̝ɛs]	0.0
czech	merti	[ˈmr̝iːcɪ]	[ˈmr̝̊iːt]	0.3
czech	kyselъ	[ˈkɪsɛliː]	[ˈkɪsɛl]	0.2
czech	gorьkъ	[ˈɦor̝̊kiː]	[ˈɦor̝kiː]	0.09090909090909091
czech	gonìti	[ˈɦonɪt]	[ˈɦoɲɪt]	0.125
czech	ȍpaky	[ˈopak]	[ˈopak]	0.0
czech	vъnùkъ	[ˈvnuk]	[ˈuvnuk]	0.125
czech	kъ	[ˈk]	[ˈk]	0.0
czech	plàvati	[ˈplavat]	[ˈplaːvat]	0.1
czech	medju	[ˈmɛzɪ]	[ˈmɛʃdiː]	0.4444444444444444
czech	gnȗsъ	[ˈɦnus]	[ˈɦnus]	0.0
czech	drǫ́kъ	[ˈdrowk]	[ˈdrowk]	0.0
czech	ne	[ˈnɛ]	[ˈnɛ]	0.0
czech	ežь	[ˈjɛʃ]	[ˈjɛʃ]	0.0
czech	pāxàti	[ˈpaːxat]	[ˈpaːxat]	0.0
czech	bàviti	[ˈbavɪt]	[ˈbavɪt]	0.0
czech	někъto	[ˈɲɛɡdo]	[ˈɲitko]	0.375
czech	krīdlò	[ˈkr̝̊iːdlo]	[ˈkr̝̊iːdlo]	0.0
czech	medojědъ	[ˈmɛdojɛt]	[ˈmɛdojɛt]	0.0
czech	tesàti	[ˈtɛsat]	[ˈtɛsaːt]	0.1111111111111111
czech	veztì	[ˈvɛːst]	[ˈvɛːst]	0.0
czech	avьnъ	[ˈjɛvniː]	[ˈjavniː]	0.1111111111111111
czech	bȏrvъ	[ˈbraf]	[ˈbraːv]	0.25
czech	pьxati	[ˈpxaːt]	[ˈpxaːcɪ]	0.2222222222222222
czech	àma	[ˈjaːma]	[ˈjɛma]	0.25
czech	strьženь	[ˈstr̩ʒɛɲ]	[ˈstr̩ʒɛɲ]	0.0
czech	jьmàti	[ˈjiːmat]	[ˈmaːt]	0.4444444444444444
czech	slȍvo	[ˈslovo]	[ˈslovo]	0.0
czech	korỳto	[ˈkorɪto]	[ˈkorɪto]	0.0
czech	sovati	[ˈsowvat]	[ˈsovat]	0.1111111111111111
czech	pažitь	[ˈpaʒɪt]	[ˈpaʒɪt]	0.0
czech	sǫditi	[ˈsowɟɪt]	[ˈsuɟɪt]	0.2222222222222222
czech	nicati	[ˈɲiːt͡sɛt]	[ˈnɪt͡sɛt]	0.2727272727272727
czech	čelò	[ˈt͡ʃɛlo]	[ˈt͡ʃɛlo]	0.0
czech	velьmi	[ˈvɛlmɪ]	[ˈvɛliːmɪ]	0.2
czech	polìca	[ˈpolɪt͡sɛ]	[ˈpolɪt͡sɛ]	0.0
czech	pь̀sъ	[ˈpɛs]	[ˈpɛs]	0.0
czech	lǫ̑gъ	[ˈlux]	[ˈlux]	0.0
czech	brьvъnò	[ˈbr̝ɛvno]	[ˈbr̩bno]	0.3
czech	voliti	[ˈvolɪt]	[ˈvolɪt]	0.0
czech	blizъkъ	[ˈblɪziː]	[ˈblɪsk]	0.3333333333333333
czech	xvórstъ	[ˈxrast]	[ˈxrast]	0.0
czech	drъgati	[ˈdr̩ɦat]	[ˈdr̩ɦat]	0.0
czech	dělati	[ˈɟɛlat]	[ˈɟɛlɛt]	0.125
czech	vьrgnǫti	[ˈvr̩ɦnowt]	[ˈvr̩xnowt]	0.09090909090909091
czech	koprъ	[ˈkopr̩]	[ˈkopriː]	0.2222222222222222
czech	vòlga	[ˈvlaːɦa]	[ˈvlaɦa]	0.1111111111111111
czech	pь̑rstь	[ˈpr̩st]	[ˈpr̩st]	0.0
czech	pě́stъ	[ˈpiːst]	[ˈpjɛst]	0.25
czech	za	[ˈza]	[ˈza]	0.0
czech	ȁsenъ	[ˈjasan]	[ˈjasɛn]	0.125
czech	gȏrdъ	[ˈɦrat]	[ˈɦrat]	0.0
czech	mogtь	[ˈmot͡s]	[ˈmot͡s]	0.0
czech	vь̑lkъ	[ˈvl̩k]	[ˈvl̩kiː]	0.2222222222222222
czech	korba	[ˈkrabuʃɛ]	[ˈkraːba]	0.4
czech	pòlxъ	[ˈplaxiː]	[ˈplaxiː]	0.0
czech	sъpati	[ˈspaːt]	[ˈspaːt]	0.0
czech	mogti	[ˈmot͡sɪ]	[ˈmot͡sɪ]	0.0
czech	slùšati	[ˈsluʃɛt]	[ˈsluʃɛt]	0.0
czech	legti	[ˈlɛːt͡sɪ]	[ˈlɛːt͡sɪ]	0.0
czech	pěšь	[ˈpjɛʃiː]	[ˈpɛʃiː]	0.1111111111111111
czech	gȍr̨e	[ˈɦor̝ɛ]	[ˈɦor̝ɛ]	0.0
czech	kydati	[ˈkɪdat]	[ˈkɪdat]	0.0
czech	bylьje	[ˈbiːliː]	[ˈbɪbli]	0.3333333333333333
czech	sȏlpъ	[ˈslap]	[ˈslapiː]	0.2222222222222222
czech	čerpti	[ˈt͡ʃr̝iːt]	[ˈtr̝̊iːp]	0.36363636363636365
czech	orь̀lъ	[ˈorɛl]	[ˈor̝ɛl]	0.125
czech	orǫdьje	[ˈoruɟiː]	[ˈoruɟiː]	0.0
czech	làziti	[ˈlazɪt]	[ˈlazɪt]	0.0
czech	aviti	[ˈjɛvɪt]	[ˈjavɪt]	0.125
czech	vȏrgъ	[ˈvrax]	[ˈvrax]	0.0
czech	otъverti	[ˈotɛvr̝iːt]	[ˈotvɛr̝ɪt]	0.3333333333333333
czech	mimo	[ˈmɪmo]	[ˈmɪmo]	0.0
czech	kopa	[ˈkopa]	[ˈkopa]	0.0
czech	mę̑so	[ˈmaso]	[ˈmɲɛso]	0.25
lower_sorbian	bolěti	[ˈbɨlɛɕ]	[ˈbɔlʲɛɕ]	0.2222222222222222
lower_sorbian	làjati	[ˈwajaɕ]	[ˈwajaɕ]	0.0
lower_sorbian	nevodъ	[ˈnawɔt]	[ˈnɛvɔt]	0.25
lower_sorbian	gòrxъ	[ˈɡrɔx]	[ˈɡɔrx]	0.2857142857142857
lower_sorbian	mavati	[ˈmawaɕ]	[ˈmawaɕ]	0.0
lower_sorbian	brodìti	[ˈbrɔzʲiɕ]	[ˈbrɔd͡ʑit͡ɕ]	0.38461538461538464
lower_sorbian	jьměti	[ˈmʲɪɕ]	[ˈmʲɪɕ]	0.0
lower_sorbian	bȇrgъ	[ˈbrʲɔk]	[ˈbrʲɛk]	0.125
lower_sorbian	lakati	[ˈwakaɕ]	[ˈwakaɕ]	0.0
lower_sorbian	želza	[ˈzawza]	[ˈʒawza]	0.125
lower_sorbian	mamiti	[ˈmamʲiɕ]	[ˈmamʲiɕ]	0.0
lower_sorbian	emelo	[ˈhɛmʲɔw]	[ˈjmʲɛwɔ]	0.4444444444444444
lower_sorbian	kaziti	[ˈkazɨɕ]	[ˈkaʑiɕ]	0.25
old_church_slavic	slȍvo	[slɔvɔ]	[slɔvɔ]	0.0
old_church_slavic	lьdza	[lɪʒæ]	[lɪd͡za]	0.5
old_church_slavic	nȃgъ	[naɡʊ]	[naɡʊ]	0.0
old_church_slavic	pro	[prɔ]	[prɔ]	0.0
old_church_slavic	mèčь	[mɛt͡ʃɪ]	[mæt͡ʃɪ]	0.125
old_church_slavic	mìlъ	[milʊ]	[milʊ]	0.0
old_church_slavic	konьcь	[kɔnɪt͡sɪ]	[kɔnɪt͡sɪ]	0.0
old_church_slavic	gospodinъ	[ɡɔspɔdinʊ]	[ɡɔspɔdinʊ]	0.0
old_church_slavic	tatь	[tatɪ]	[tatɪtɪ]	0.25
old_church_slavic	vě̀trъ	[vætrʊ]	[vætrʊ]	0.0
old_church_slavic	do	[dɔ]	[dɔ]	0.0
old_church_slavic	zъlъ	[zʊlʊ]	[zʊlʊ]	0.0
old_church_slavic	korìti	[kɔriti]	[kɔriti]	0.0
old_church_slavic	stě̀nь	[stænɪ]	[stænɪ]	0.0
old_church_slavic	mitě	[mitæ]	[mitæ]	0.0
old_church_slavic	màlъ	[malʊ]	[malʊ]	0.0
old_church_slavic	korьcь	[kɔrɛt͡sʊ]	[kɔrɪt͡sɪ]	0.2
old_church_slavic	kakъ	[kakʊ]	[kakʊ]	0.0
old_church_slavic	lǫ̑kъ	[lɔ̃kʊ]	[lɔ̃kʊ]	0.0
old_church_slavic	na	[na]	[na]	0.0
old_church_slavic	dь̀lgъ	[dl̩ɡʊ]	[dl̩ɡʊ]	0.0
old_church_slavic	ȍlkъtь	[lakʊtɪ]	[alkʊtʊ]	0.375
old_church_slavic	kȏlsъ	[klasʊ]	[klasʊ]	0.0
old_church_slavic	dъxnǫti	[dʊxnɔ̃ti]	[dʊxnɔ̃ti]	0.0
old_church_slavic	glezna	[ɡlɛznæ]	[ɡlɛzna]	0.125
old_church_slavic	olkomъjьjь	[lakɔmɨi]	[lakɔmɨi]	0.0
old_church_slavic	bedra	[bɛdra]	[bɛdra]	0.0
old_church_slavic	vodìti	[vɔditi]	[vɔditi]	0.0
old_church_slavic	moldьnъ	[mladɪnʊ]	[mladɪnʊ]	0.0
old_church_slavic	gně̀vъ	[ɡnævʊ]	[ɡnævʊ]	0.0
old_church_slavic	telktì	[tlæʃti]	[tlæʃti]	0.0
old_church_slavic	obrěsti	[ɔbræsti]	[ɔbræsti]	0.0
old_church_slavic	dīvìti sę	[diviti sɛ̃]	[diviti sɛ̃]	0.0
old_church_slavic	mь̀rtvъ	[mr̩tvʊ]	[mr̩tʊvʊ]	0.1111111111111111
old_church_slavic	vȏzъ	[vɔzɨ]	[vɔzʊ]	0.16666666666666666
old_church_slavic	tȗrъ	[turɔmʊ]	[turʊ]	0.25
old_church_slavic	rȏgъ	[rɔɡʊ]	[rɔɡʊ]	0.0
old_church_slavic	gramada	[ɡramada]	[ɡramada]	0.0
old_church_slavic	družìna	[druʒina]	[druʒina]	0.0
old_church_slavic	grǫbъ	[ɡrɔ̃bʊ]	[ɡrɔ̃bʊ]	0.0
old_church_slavic	lě̑xà	[læxa]	[læxa]	0.0
old_church_slavic	kādìti	[kaditi]	[kaditi]	0.0
old_church_slavic	pitěti	[pitæti]	[pitæti]	0.0
old_church_slavic	plàvati	[plavati]	[plavati]	0.0
old_church_slavic	dunǫti	[dunɔ̃ti]	[dunɔ̃ti]	0.0
old_church_slavic	pitati	[pitati]	[pitati]	0.0
old_church_slavic	ǫ̑gъlъ	[ɔ̃ɡʊlʊ]	[ɔ̃ɡʊlʊ]	0.0
old_church_slavic	potopìti	[pɔtɔpiti]	[pɔtɔpiti]	0.0
old_church_slavic	dě̀dъ	[dædʊ]	[dædʊ]	0.0
old_church_slavic	lě̑vъ	[lævʊ]	[lævʊ]	0.0
old_church_slavic	vȋdъ	[vidʊ]	[vidʊ]	0.0
old_church_slavic	veztì	[vɛsti]	[vɛsti]	0.0
old_church_slavic	tvorъ	[tvɔrʊ]	[tvɔrʊ]	0.0
old_church_slavic	velìkъ	[vɛlikʊ]	[vɛlikʊ]	0.0
old_church_slavic	cě̄nìti	[t͡sæniti]	[t͡sæniti]	0.0
old_church_slavic	otъvětjati	[ɔtʊvæʃtati]	[ɔtʊvæʃtati]	0.0
old_church_slavic	probrězgъ	[prɔbræzɡʊ]	[prɔbræzætʊ]	0.16666666666666666
old_church_slavic	pь̀rstъ	[pr̩stʊ]	[pr̩stʊ]	0.0
old_church_slavic	nejęsytь	[nɛjɛ̃sɨti]	[nɛjɛ̃stɪ]	0.18181818181818182
old_church_slavic	męsti	[mɛ̃sti]	[mɛ̃sti]	0.0
old_church_slavic	vesnà	[vɛsnɔ̃]	[vɛsna]	0.25
old_church_slavic	gorьjьjь	[ɡɔrʲii]	[ɡɔrii]	0.125
old_church_slavic	ubūdìti	[ubuditi]	[ubuditi]	0.0
old_church_slavic	nogà	[nɔɡa]	[nɔɡa]	0.0
old_church_slavic	žęti	[ʒɛ̃ti]	[ʒɛ̃ti]	0.0
old_church_slavic	gorno	[ɡranʊ]	[ɡranʊ]	0.0
old_church_slavic	ubojь	[ubɔi]	[ubɔi]	0.0
old_church_slavic	pě̀na	[pænɨ]	[pæna]	0.16666666666666666
old_church_slavic	rě̄kà	[ræka]	[ræka]	0.0
old_church_slavic	pȇlnъ	[plænʊ]	[plænʊ]	0.0
old_church_slavic	bostì	[bɔsti]	[bɔsti]	0.0
old_church_slavic	cě̄nà	[t͡sæna]	[t͡sæna]	0.0
old_church_slavic	dъvojь	[dʊvɔi]	[dʊvɔi]	0.0
old_church_slavic	pę̑tь	[pɛ̃tɪ]	[pɛ̃tɪ]	0.0
old_church_slavic	dъždžь	[dʊʒdɪ]	[dʊʒdɪ]	0.0
old_church_slavic	věja	[væja]	[væja]	0.0
old_church_slavic	jьzsęknǫti	[isɛ̃knɔ̃ti]	[isɛ̃knɔ̃ti]	0.0
old_church_slavic	kl̨účь	[kʎut͡ʃɪ]	[kʎuʃtʊ]	0.4444444444444444
old_church_slavic	tęžъkъ	[tɛ̃ʒʊkʊ]	[tɛ̃ʒɪkʊ]	0.1111111111111111
old_church_slavic	studъ	[studʊ]	[studʊ]	0.0
old_church_slavic	gnǫšati sę	[ɡnɔ̃ʃati sɛ̃]	[ɡnɔ̃ʃɛti sɛ̃]	0.07142857142857142
old_church_slavic	smȏrdъ	[smradʊ]	[smradʊ]	0.0
old_church_slavic	bylьje	[bɨlijɛ]	[bilijɛ]	0.125
old_church_slavic	koltiti	[klatiti]	[klatiti]	0.0
old_church_slavic	čęstъ	[t͡ʃɛ̃stʊ]	[t͡ʃɛstʊ]	0.1
old_church_slavic	orǫdьje	[ɔrɔ̃dijɛ]	[rɔ̃dijɛ]	0.1
old_church_slavic	kosnǫti sę	[kɔsnɔ̃ti sɛ̃]	[kɔsnɔ̃ti sɛ̃]	0.0
old_church_slavic	mьrzěti	[mr̩zæti]	[mr̩zæti]	0.0
old_church_slavic	kъn	[kʊ]	[kʊ]	0.0
old_church_slavic	gověti	[ɡɔvæti]	[ɡɔvæti]	0.0
old_church_slavic	ovъ	[ɔvʊ]	[ɔvʊ]	0.0
old_church_slavic	rūnò	[runɔ]	[runɔ]	0.0
old_church_slavic	krěpъkъ	[kræpʊkʊ]	[kræpʊkʊ]	0.0
old_church_slavic	mьstiti	[mɪstiti]	[mɪstiti]	0.0
old_church_slavic	dojìti	[dɔiti]	[dɔiti]	0.0
old_church_slavic	dьržati sę	[ drɪʒati]	[drʒɪti sɛ̃]	0.5833333333333334
old_church_slavic	mě̑sìti	[mæsimʊ]	[mæsiti]	0.25
old_church_slavic	gręsti	[ɡrɛ̃sti]	[ɡrɛ̃sti]	0.0
old_church_slavic	vъn	[vʊ]	[vʊ]	0.0
old_church_slavic	dāvàti	[#NAME?]	[davati]	0.75
old_church_slavic	někъto	[nækʊtɔ]	[næktɔ]	0.125
old_church_slavic	prodьliti	[prɔdɪʎɔ̃]	[prɔdliti]	0.4
old_church_slavic	dьrznǫti	[dr̩znɔ̃ti]	[drʊznɔ̃ti]	0.09090909090909091
old_church_slavic	dȅsętь	[dɛsɛ̃tɪ]	[dɛsɛ̃tɪ]	0.0
old_church_slavic	dàti	[dati]	[dati]	0.0
old_church_slavic	ě̑dь	[jadɪ]	[jadɪ]	0.0
old_church_slavic	mùxa	[muxa]	[muxa]	0.0
old_church_slavic	tvьrdь	[tvr̩dɪ]	[tvr̩dɪ]	0.0
old_church_slavic	ȍpaky	[ɔpakɨ]	[ópa]	0.42857142857142855
old_church_slavic	xlě̀bъ	[xlæbʊ]	[xlæbʊ]	0.0
polish	mamiti	[ˈmamʲit͡ɕ]	[ˈmamʲit͡ɕ]	0.0
polish	jьlъ	[ˈiw]	[ˈil]	0.2
polish	čel̨adь	[ˈt͡ʂɛlat͡ɕ]	[ˈt͡ʂadʲɛɲ]	0.5
polish	živъjь	[ˈʐɨvɨ]	[ˈʐɨvɨ]	0.0
polish	pьzděti	[ˈbzd͡ʑɛt͡ɕ]	[ˈpʑʑd͡ʑɛt͡ɕ]	0.23076923076923078
polish	mokrъjь	[ˈmɔkrɨ]	[ˈmɔkrɨ]	0.0
polish	dъxnǫti	[ˈtxnɔɲt͡ɕ]	[ˈdaxnɔɲt͡ɕ]	0.16666666666666666
polish	lonò	[ˈwɔnɔ]	[ˈwɔnɔ]	0.0
polish	čьxati	[ˈt͡ʂxat͡ɕ]	[ˈt͡ʂxat͡ɕ]	0.0
polish	pryskati	[ˈprɨskat͡ɕ]	[ˈprɨskat͡ɕ]	0.0
polish	jūxà	[ˈjuxa]	[ˈjuxa]	0.0
polish	brediti	[ˈbrɛd͡ʑit͡ɕ]	[ˈbʐɛɲd͡ʂɨt͡ɕ]	0.2857142857142857
polish	děvìca	[d͡ʑɛˈvʲit͡sa]	[d͡ʑɛˈvʲit͡sa]	0.0
polish	kyslъjь	[ˈkʲiswɨ]	[ˈkʲiswɨ]	0.0
polish	pravъjь	[ˈpravɨ]	[ˈpravɨ]	0.0
polish	dьrzъkъjь	[ˈd͡ʑarskʲi]	[ˈd͡ʑɛrstʂɨ]	0.3333333333333333
polish	pri	[ˈpʂɨ]	[ˈpʂɨ]	0.0
polish	màzati	[ˈmazat͡ɕ]	[ˈmazat͡ɕ]	0.0
polish	sěsti	[ˈɕɔ̃ɕt͡ɕ]	[ˈɕɛɕt͡ɕ]	0.2
polish	ěždžь	[ˈjaʂt͡ʂ]	[ˈjaʐɛt͡ɕ]	0.3
polish	droždža	[ˈdrɔʐd͡ʐɛ]	[ˈdrɔʐda]	0.2727272727272727
polish	žeravь	[ˈʐuraf]	[ˈʐraf]	0.125
polish	veslò	[ˈvʲɔswɔ]	[ˈvʲɔswɔ]	0.0
polish	kazati	[ˈkazat͡ɕ]	[ˈkazat͡ɕ]	0.0
polish	ežina	[jɛˈʐɨna]	[jɛˈʐɨna]	0.0
polish	četỳre	[ˈt͡ʂtɛrɨ]	[ˈt͡ʂɛt͡ʂɔ]	0.36363636363636365
polish	lьnenъjь	[ˈlɲanɨ]	[ˈlɲɛnɨ]	0.125
polish	korba	[ˈkrɔba]	[ˈkrɔba]	0.0
polish	tęga	[ˈt͡ɕɔŋk]	[ˈt͡ɕɔŋɡa]	0.2
polish	soldъkъjь	[ˈswɔtkʲi]	[ˈswutkʲi]	0.1
polish	smьjàti sę	[ˈɕmʲat͡ɕ ɕɛ]	[ˈɕmʲit͡ɕ ɕɛ]	0.07692307692307693
polish	gńìda	[ˈɡɲida]	[ˈɡɲida]	0.0
polish	dъždžь	[ˈdɛʂt͡ʂ]	[ˈdɛʂt͡ʂ]	0.0
polish	vě̀ko	[ˈvʲɛkɔ]	[ˈvʲakɔ]	0.125
polish	stȏržь	[ˈstruʂ]	[ˈstruʂ]	0.0
polish	kòlъ	[ˈkuw]	[ˈkuw]	0.0
polish	bě̀gati	[ˈbʲɛɡat͡ɕ]	[ˈbʲɛɡat͡ɕ]	0.0
polish	sъ̀nъ	[ˈsɛn]	[ˈsan]	0.16666666666666666
polish	luskati	[ˈwuskat͡ɕ]	[ˈwuskat͡ɕ]	0.0
polish	žьltъjь	[ˈʐuwtɨ]	[ˈʐuwtɨ]	0.0
polish	lozà	[ˈwɔza]	[ˈwɔza]	0.0
polish	vozìti	[ˈvɔʑit͡ɕ]	[ˈvɔʑit͡ɕ]	0.0
polish	stogъ	[ˈstuk]	[ˈstɔk]	0.14285714285714285
polish	vъtorъkъ	[ˈftɔrɛk]	[ˈftɔrɔk]	0.1111111111111111
polish	gubìti	[ˈɡubʲit͡ɕ]	[ˈɡubʲit͡ɕ]	0.0
polish	čь̑stь	[ˈt͡ʂɛɕt͡ɕ]	[ˈt͡ʂɛɕt͡ɕ]	0.0
polish	gȏldъ	[ˈɡwut]	[ˈɡwut]	0.0
polish	vasъ	[ˈvas]	[ˈvas]	0.0
polish	mȏltъ	[ˈmwɔt]	[ˈmwɔt]	0.0
polish	bǫbьnъ	[ˈbɛmbɛn]	[ˈbɛmbn]	0.1111111111111111
polish	lȇdъ	[ˈlut]	[ˈlɛt]	0.16666666666666666
polish	lǫ̑kъ	[ˈwɛŋk]	[ˈwɔŋk]	0.14285714285714285
polish	dь̑nь	[ˈd͡ʑɛɲ]	[ˈd͡ʑɛɲ]	0.0
polish	snuti	[ˈsnut͡ɕ]	[ˈsnut͡ɕ]	0.0
polish	sǫ̑kъ	[ˈsɛŋk]	[ˈsɔŋk]	0.14285714285714285
polish	svekrъ	[ˈɕfʲɛkr]	[ˈɕfʲɛkɔr]	0.1
polish	plъ̀tъ	[ˈpwɛt]	[ˈplɛt]	0.14285714285714285
polish	nevě̀sta	[ɲɛˈvʲasta]	[ɲɛˈvʲasta]	0.0
polish	edьnъ	[ˈjɛdɛn]	[ˈjɛd͡ʑa]	0.3333333333333333
polish	tỳsęti	[ˈtɨɕɔnt͡s]	[ˈtɨɕ sɔɲt͡ɕ]	0.3076923076923077
polish	zěvati	[ˈʑɛvat͡ɕ]	[ˈʑɛvat͡ɕ]	0.0
polish	trāvà	[ˈtrava]	[ˈtrava]	0.0
polish	krỳti	[ˈkrɨt͡ɕ]	[ˈkrɨt͡ɕ]	0.0
polish	gnȏjь	[ˈɡnuj]	[ˈɡnuj]	0.0
polish	koprъ	[ˈkɔpɛr]	[ˈkɔprɨ]	0.25
polish	znàti	[ˈznat͡ɕ]	[ˈznat͡ɕ]	0.0
polish	dòlnь	[ˈdwɔɲ]	[ˈdwɔɲ]	0.0
polish	divьnъjь	[ˈd͡ʑivnɨ]	[ˈd͡ʑivnɨ]	0.0
polish	jьnogъ	[ˈnuk]	[ˈinɔk]	0.2857142857142857
polish	otъvorìti	[ɔtfɔˈrʲiti]	[ɔtˈtɔ]	0.5
polish	sъmьrtь	[ˈɕmʲɛrt͡ɕ]	[ˈɕmʲɛrt͡ɕ]	0.0
polish	sedmъjь	[ˈɕudmɨ]	[ˈɕɔdmɨ]	0.125
polish	rekti	[ˈʐɛt͡s]	[ˈʐɛt͡s]	0.0
polish	sě̀mę	[ˈɕɛmʲɛ]	[ˈɕɛmʲɛ]	0.0
polish	kojariti	[kɔˈjaʐɨt͡ɕ]	[ˈkaʐɨt͡ɕ]	0.25
polish	vьrěti	[ˈvʐɛt͡ɕ]	[ˈvrʲɛt͡ɕ]	0.2
polish	kopa	[ˈkɔpa]	[ˈkɔpa]	0.0
polish	ajьce	[ˈjajkɔ]	[ˈjajt͡sɛ]	0.4
polish	dъxъ	[ˈdɛx]	[ˈdɛx]	0.0
polish	teplъjь	[ˈt͡ɕɛpwɨ]	[ˈt͡ɕɔpwɨ]	0.1
polish	mьlčàti	[ˈmʲilt͡ʂɛt͡ɕ]	[ˈmɛwt͡ʂɛt͡ɕ]	0.21428571428571427
polish	vъ	[ˈf]	[ˈf]	0.0
polish	četvьrtъjь	[ˈt͡ʂfartɨ]	[ˈt͡ʂɛvftɨ]	0.2727272727272727
polish	mъšica	[ˈmʂɨt͡sa]	[ˈmʂɨt͡sa]	0.0
polish	ǫtrь	[ˈvɛvnɔnt͡ʂ]	[ˈvɛtrʂ]	0.4166666666666667
polish	xlě̀bъ	[ˈxlɛp]	[ˈxlɛp]	0.0
polish	bolnьje	[ˈbwɔɲɛ]	[ˈbwɔɲɛ]	0.0
polish	milъjь	[ˈmʲiwɨ]	[ˈmʲiwɨ]	0.0
polish	vě̀trъ	[ˈvʲatr]	[ˈvʲatr]	0.0
polish	česnъ	[ˈt͡ʂɔsnɛk]	[ˈt͡ʂɛsn]	0.2727272727272727
polish	pòlmy	[ˈpwɔmʲɛɲ]	[ˈpwɔmʲɛɲ]	0.0
polish	dalь	[ˈdal]	[ˈdal]	0.0
polish	mižati	[ˈmʐɛt͡ɕ]	[ˈmʐat͡ɕ]	0.1111111111111111
polish	kudo	[ˈkudɨɕ]	[ˈkudɔ]	0.25
polish	xoditi	[ˈxɔd͡ʑit͡ɕ]	[ˈxɔd͡ʑit͡ɕ]	0.0
polish	dertì	[ˈd͡ʐɛt͡ɕ]	[ˈd͡ʐɛt͡ɕ]	0.0
polish	kričati	[ˈkʂɨt͡ʂɛt͡ɕ]	[ˈkʂɨt͡ʂat͡ɕ]	0.07692307692307693
polish	nogъtь	[ˈnɔɡʲɛt͡ɕ]	[ˈnɔŋt͡ɕ]	0.2727272727272727
polish	živìca	[ʐɨˈvʲit͡sa]	[ʐɨˈvʲit͡sa]	0.0
polish	golvà	[ˈɡwɔva]	[ˈɡɔwva]	0.25
polish	korbī	[ˈkrɔbʲa]	[ˈkrubʲi]	0.2222222222222222
polish	čermъxa	[ˈt͡ʂɛmxa]	[ˈt͡ʂɛmxa]	0.0
polish	pǫditi	[ˈpɛɲd͡ʑit͡ɕ]	[ˈpɔɲd͡ʑit͡ɕ]	0.07692307692307693
polish	krīdlò	[ˈkʂɨdwɔ]	[ˈkrʲidwɔ]	0.3
polish	lě̀to	[ˈlatɔ]	[ˈlɛtɔ]	0.14285714285714285
polish	mekъkъjь	[ˈmʲɛŋkkʲi]	[ˈmʲɛkkʲi]	0.09090909090909091
polish	tàjati	[ˈtajat͡ɕ]	[ˈtat͡ɕ]	0.2
polish	žìto	[ˈʐɨtɔ]	[ˈʐɨtɔ]	0.0
polish	līcè	[ˈlʲit͡sɛ]	[ˈlʲit͡sɛ]	0.0
polish	kašl̨ati	[ˈkaʂlat͡ɕ]	[ˈkaʂlat͡ɕ]	0.0
polish	durь	[ˈdur]	[ˈdur]	0.0
polish	ȏlsь	[ˈwɔɕ]	[ˈwɔɕ]	0.0
polish	māxàti	[ˈmaxat͡ɕ]	[ˈmaxat͡ɕ]	0.0
polish	krūpà	[ˈkrupɨ]	[ˈkrupa]	0.125
polish	vȏrgъ	[ˈvruk]	[ˈvruk]	0.0
polish	gǫžьva	[ˈɡɔ̃ʐva]	[ˈɡɔ̃ʐʐva]	0.1
polish	kūrìti	[ˈkuʐɨt͡ɕ]	[ˈkuʐɨt͡ɕ]	0.0
polish	dъ̑lgъ	[ˈdwuk]	[ˈdawk]	0.2857142857142857
polish	stergti	[ˈst͡ʂɛt͡s]	[ˈɕt͡ʂɛrt͡s]	0.16666666666666666
polish	grìva	[ˈɡʐɨva]	[ˈɡʐɨva]	0.0
polish	bàviti	[ˈbavʲit͡ɕ]	[ˈbavʲit͡ɕ]	0.0
polish	slùšati	[ˈswuʂat͡ɕ]	[ˈswuʂat͡ɕ]	0.0
polish	perti	[ˈpʂɛt͡ɕ]	[ˈpʂɛt͡ɕ]	0.0
polish	zьrěti	[ˈʑʐɛt͡ɕ]	[ˈʐɛʐɛt͡ɕ]	0.2
polish	pьsàti	[ˈpʲisat͡ɕ]	[ˈpsat͡ɕ]	0.18181818181818182
polish	būdìti	[ˈbud͡ʑit͡ɕ]	[ˈbud͡ʑit͡ɕ]	0.0
polish	groziti	[ˈɡrɔʑit͡ɕ]	[ˈɡrɔɲit͡ɕ]	0.09090909090909091
polish	oba	[ˈɔba]	[ˈɔba]	0.0
polish	vỳmę	[ˈvɨmʲɛ]	[ˈvɨmʲɛ]	0.0
russian	poìti	[pɐˈitʲ]	[pɐˈpʲetʲ]	0.3
russian	orǫdьje	[ɐˈrudʲɪje]	[ɐˈruːdʲ]	0.36363636363636365
russian	kolě̀no	[kɐˈlʲenə]	[kɐˈlʲenə]	0.0
russian	mě̀riti	[ˈmʲerə]	[mʲɪˈrʲitʲ]	0.6363636363636364
russian	krьnica	[krʲɪˈnʲit͡sə]	[krɐˈnʲit͡sə]	0.14285714285714285
russian	mъlviti	[ˈmoɫvʲɪtʲ]	[mɐlˈvʲitʲ]	0.45454545454545453
russian	korỳto	[kɐˈrɨtə]	[kɐˈrotə]	0.1111111111111111
russian	pǫ̀to	[ˈputə]	[ˈputə]	0.0
russian	bol̨e	[ˈbolʲɪje]	[ˈbolʲe]	0.2
russian	ese	[ˈvosʲ]	[ɐˈsʲe]	0.5714285714285714
russian	pęti	[ˈpʲætʲ]	[ˈpʲatʲ]	0.125
russian	mъrky	[mɐrˈkofʲ]	[ˈmorkəf]	0.5
russian	pravъjь	[ˈpravɨj]	[prɐˈvoj]	0.4444444444444444
russian	làskati	[lɐˈskatʲ]	[ˈlaskətʲ]	0.4
russian	tęgnǫti	[tʲɪˈnutʲ]	[tʲɪˈɡnʲitʲ]	0.25
russian	lìti	[ˈlʲit]	[ˈlʲitʲ]	0.125
russian	mikati	[ˈmʲikətʲ]	[mʲɪˈkatʲ]	0.4
russian	mě̀dь	[ˈmʲetʲ]	[ˈmʲetʲ]	0.0
russian	vȏrgъ	[ˈvorək]	[ˈvorək]	0.0
russian	belъjь	[ˈbʲelɨj]	[ˈbʲelɨj]	0.0
russian	bręždžati	[brʲɪˈʐːatʲ]	[brʲɪʐˈdatʲ]	0.25
russian	mьstiti	[ˈmsʲtʲitʲ]	[mʲɪsʲˈtʲitʲ]	0.3076923076923077
russian	drebà	[drɐˈba]	[drʲɪˈbʲa]	0.3
russian	kogъda	[kɐɡˈda]	[kəˈɡa]	0.375
russian	zar̨à	[zɐˈrʲa]	[zɐˈrʲa]	0.0
russian	topìti	[tɐˈpʲitʲ]	[tɐˈpʲitʲ]	0.0
russian	muzga	[ˈmuzɡə]	[ˈmuzɡə]	0.0
russian	letěti	[lʲɪˈtʲetʲ]	[lʲɪˈtʲetʲ]	0.0
russian	osà	[ɐˈsa]	[ɐˈsa]	0.0
russian	lokati	[lɐˈkatʲ]	[lɐˈkatʲ]	0.0
russian	krȍsno	[ˈkrosnə]	[ˈkrosnə]	0.0
russian	lěnь	[ˈlʲenʲ]	[ˈlʲenʲ]	0.0
russian	drȗgъ	[ˈdruk]	[ˈdruk]	0.0
russian	xȏldъ	[ˈxolət]	[ˈxolət]	0.0
russian	dojidlo	[ˈdojlə]	[ˈdojɪlə]	0.1111111111111111
russian	sъpъ	[ˈsop]	[ˈsop]	0.0
russian	rỳdlo	[ˈrɨɫə]	[ˈrɨlə]	0.14285714285714285
russian	òdrъ	[ˈodr]	[ˈodrɨ]	0.14285714285714285
russian	dě̀verь	[ˈdʲevʲɪrʲ]	[ˈdʲevʲɪrʲɪ]	0.08333333333333333
russian	kašlь	[ˈkaʂɨlʲ]	[ˈkaʂəlʲ]	0.1111111111111111
russian	męti	[ˈmʲætʲ]	[ˈmʲætʲ]	0.0
russian	likъ	[ˈlʲik]	[ˈlʲik]	0.0
russian	stàviti	[ˈstavʲɪtʲ]	[ˈstavʲɪtʲ]	0.0
russian	lobъzati	[lɐbˈzatʲ]	[lɐˈbbostʲ]	0.36363636363636365
russian	merti	[mʲɪˈrʲetʲ]	[mʲɪˈrʲetʲ]	0.0
russian	pletjè	[plʲɪˈt͡ɕɵ]	[plʲɪˈɕtʲi]	0.36363636363636365
russian	čèznǫti	[ˈt͡ɕeznʊtʲ]	[ˈt͡ɕɵznʊtʲ]	0.08333333333333333
russian	bǫbьniti	[bʊbˈnʲitʲ]	[bʊbʲɪˈnʲitʲ]	0.15384615384615385
russian	doblьjь	[ˈdoblʲɪj]	[ˈdoblɨj]	0.2
russian	òrkъ	[ˈrak]	[ˈrak]	0.0
russian	lasъjь	[ˈlasɨj]	[lɐˈsoj]	0.5
russian	kurica	[ˈkurʲɪt͡sə]	[kʊˈrʲit͡sə]	0.3333333333333333
russian	voskъ	[ˈvosk]	[ˈvosk]	0.0
russian	trǫdъ	[ˈtrut]	[ˈtrut]	0.0
russian	pǫkъ	[ˈpuk]	[ˈpuk]	0.0
russian	bràtъ	[ˈbrat]	[ˈbrat]	0.0
russian	vòn̨ь	[ˈvonʲ]	[ˈvonʲ]	0.0
russian	gasnǫti	[ˈɡasnʊtʲ]	[ˈɡasnʊtʲ]	0.0
russian	togъjь	[tʊˈɡoj]	[ˈtoɡʲɪj]	0.5555555555555556
russian	děliti	[dʲɪˈlʲitʲ]	[dʲɪˈlʲitʲ]	0.0
russian	luskъ	[ˈlusk]	[ˈlusk]	0.0
russian	sǫ	[ˈsu]	[ˈsutʲ]	0.2857142857142857
russian	bojaznь	[bɐˈjæzʲnʲ]	[bɐˈjasnʲ]	0.2727272727272727
russian	vodìti	[vɐˈdʲitʲ]	[vɐˈdʲitʲ]	0.0
russian	drobìti	[drɐˈbʲitʲ]	[drɐˈbʲitʲ]	0.0
russian	glъtati	[ɡlɐˈtatʲ]	[ˈɡlatət]	0.5
russian	orkỳta	[rɐˈkʲitə]	[rɐˈkʲitə]	0.0
russian	oje	[vɐˈjɵ]	[ɐjɪjɪ]	0.5714285714285714
russian	kozьlъ	[kɐˈzʲɵl]	[ˈkozʲ]	0.5555555555555556
russian	slùšati	[ˈsluʂətʲ]	[ˈsluʂətʲ]	0.0
russian	tesъ	[ˈtʲɵs]	[ˈtʲes]	0.14285714285714285
russian	eževika	[ɪʐɨˈvʲikə]	[ɐˈʐɛvəkə]	0.5454545454545454
russian	brězgъ	[ˈbrʲɪsk]	[ˈbrʲesk]	0.1111111111111111
russian	sòmъ	[ˈsom]	[ˈsom]	0.0
russian	ǫziti	[ˈuzʲɪtʲ]	[ˈnuzʲitʲ]	0.2
russian	stàti	[ˈstatʲ]	[ˈstatʲ]	0.0
russian	sanь	[ˈsanʲɪ]	[ˈsanʲ]	0.125
russian	pàdati	[ˈpadətʲ]	[ˈpadətʲ]	0.0
russian	ę̄drò	[jɪˈdro]	[jɪˈdro]	0.0
russian	berstъ	[ˈbʲerʲɪst]	[ˈbʲerʲst]	0.09090909090909091
russian	borna	[bərɐˈna]	[bərɐˈna]	0.0
russian	morъ	[ˈmor]	[ˈmor]	0.0
russian	bogatъjь	[bɐˈɡatɨj]	[bʊˈɡatɨj]	0.1
russian	volknò	[vəlɐkˈno]	[vɐˈloknə]	0.5
russian	bojь	[ˈboj]	[ˈboj]	0.0
russian	grìva	[ˈɡrʲivə]	[ˈɡrʲivə]	0.0
russian	pȳtàti	[pɨˈtatʲ]	[pɨˈtatʲ]	0.0
russian	ě̀zva	[ˈjazvə]	[ˈjazvə]	0.0
russian	velьmi	[vʲɪlʲˈmʲi]	[ˈvʲelʲɪmʲ]	0.36363636363636365
russian	ostrovъ	[ˈostrəf]	[ˈostrəf]	0.0
russian	męsti	[mʲɪˈsʲtʲi]	[ˈmʲasʲtʲ]	0.36363636363636365
russian	modrъjь	[ˈmudrɨj]	[mɐˈdroj]	0.4444444444444444
russian	zìnǫti	[rɐˈzʲinʊtʲ]	[ˈzʲinʊtʲ]	0.16666666666666666
russian	pъlkъ	[ˈpolk]	[ˈpolk]	0.0
russian	spěšiti	[spʲɪˈʂɨtʲ]	[spʲɪˈʂɨtʲ]	0.0
russian	nikati	[ˈnʲikətʲ]	[ˈnʲikətʲ]	0.0
russian	ot	[ˈot]	[ˈot]	0.0
russian	ǫty	[ˈutkə]	[ˈutɨ]	0.2857142857142857
russian	dę̄snà	[dʲɪsˈna]	[dʲɪˈsna]	0.2222222222222222
russian	korà	[kɐˈra]	[kɐˈra]	0.0
russian	kolto	[ˈkolət]	[kɐˈlotə]	0.5555555555555556
russian	kremy	[krʲɪˈmʲenʲ]	[ˈkrʲemʲɪ]	0.5
russian	lamъ	[ˈlam]	[ˈlam]	0.0
russian	sīdlò	[sʲɪˈlo]	[sʲɪˈdlo]	0.1111111111111111
russian	kǫtati	[ˈkutətʲ]	[kʊˈtatʲ]	0.4444444444444444
russian	kǫsati	[kʊˈsatʲ]	[kʊˈsatʲ]	0.0
russian	bolnь	[bɐˈlonʲ]	[ˈbolənʲ]	0.4444444444444444
russian	globìti sę	[ˈɡlobʲɪt͡sə]	[ɡlɐˈbʲit͡sə]	0.3076923076923077
russian	bȏgъ	[ˈbok]	[ˈbok]	0.0
russian	dьrnǫti	[ˈdʲɵrnʊtʲ]	[dʲɪrˈɡnotʲ]	0.4166666666666667
russian	nòžь	[ˈnoʂ]	[ˈnoʂ]	0.0
russian	pozdьnъjь	[ˈpozʲnʲɪj]	[pɐzˈdʲenɨj]	0.5833333333333334
russian	otrokъ	[ˈotrək]	[ɐˈtrokə]	0.4444444444444444
russian	čьrtà	[t͡ɕɪrˈta]	[t͡ɕɪˈrta]	0.2
russian	dьliti sę	[ˈdlʲit͡sːə]	[ˈdʲilʲɪt͡sə]	0.3076923076923077
russian	veslò	[vʲɪsˈlo]	[vʲɪsˈlo]	0.0
russian	ni	[ˈnʲi]	[ˈnʲi]	0.0
russian	svinьjà	[svʲɪˈnʲja]	[svʲɪˈnʲijə]	0.16666666666666666
russian	nȏrstъ	[ˈnorəst]	[ˈnorəst]	0.0
russian	dě́lъ	[ˈdʲel]	[ˈdʲel]	0.0
russian	kùpъ	[ˈfkupʲe]	[ˈkup]	0.3333333333333333
russian	oskъrdъ	[ɐˈskort]	[ˈvoskrr]	0.5555555555555556
russian	kašl̨ati	[ˈkaʂlʲɪtʲ]	[ˈkaʂlʲɪtʲ]	0.0
russian	čȇrvo	[t͡ɕɪˈrʲɵvə]	[ˈt͡ɕervə]	0.4166666666666667
russian	zabordlo	[zəbɐˈrolə]	[zəbrɐˈbolə]	0.16666666666666666
russian	blǭdìti	[blʊˈdʲitʲ]	[blʊˈdʲitʲ]	0.0
russian	kukati	[ˈkukətʲ]	[ˈkukətʲ]	0.0
russian	gromada	[ɡrɐˈmadə]	[ɡrɐˈmadə]	0.0
russian	pьrvъjь	[ˈpʲervɨj]	[ˈpʲɵrvɨj]	0.1
russian	desetъjь	[dʲɪˈsʲatɨj]	[dʲɪˈsʲɵtɨj]	0.08333333333333333
russian	mě̄zgà	[mʲɪzˈɡa]	[mʲɪzˈɡa]	0.0
russian	ovьnъ	[ɐˈvʲen]	[ˈovʲɪn]	0.375
russian	dorgъjь	[dərɐˈɡoj]	[ˈdorəɡɨj]	0.5
russian	maniti	[mɐˈnʲitʲ]	[mɐˈnʲitʲ]	0.0
russian	kȏlsъ	[ˈkoləs]	[ˈkoləs]	0.0
russian	nozdr̨a	[nɐzˈdrʲa]	[ˈnozdrʲə]	0.4
russian	měniti	[mʲɪˈnʲitʲ]	[mʲɪˈnʲitʲ]	0.0
russian	stьblь	[ˈsʲtʲebʲɪlʲ]	[ˈstobl]	0.46153846153846156
russian	surovъjь	[sʊˈrovɨj]	[suˈrovɨj]	0.1
russian	rȏdъ	[ˈrot]	[ˈrot]	0.0
russian	gribati sę	[ˈɡrʲibət͡sə]	[ɡrʲɪˈbatʲ]	0.5384615384615384
russian	ȁgoda	[ˈjaɡədə]	[ˈjaɡə]	0.2222222222222222
russian	mošьna	[mɐʂˈna]	[mɐˈʂna]	0.25
russian	pri	[ˈprʲɪ]	[ˈprʲi]	0.14285714285714285
russian	drobìna	[drɐˈbʲinə]	[drɐˈbʲinə]	0.0
russian	bl̨ustì	[blʲʉˈsʲtʲi]	[blʲɪˈsʲtʲi]	0.08333333333333333
russian	glьjь	[ˈɡlʲej]	[ˈɡlʲej]	0.0
russian	golota	[ɡəlɐˈta]	[ɡəlɐˈta]	0.0
russian	zȏbъ	[ˈzop]	[ˈzop]	0.0
russian	medjà	[mʲɪˈʐa]	[mʲɪˈda]	0.125
russian	sněgъ	[ˈsnʲek]	[ˈsnʲek]	0.0
russian	sočìti	[sɐˈt͡ɕitʲ]	[sɐˈt͡ɕitʲ]	0.0
russian	drě̄màti	[drʲɪˈmatʲ]	[drʲɪˈmatʲ]	0.0
russian	virъ	[ˈvʲir]	[ˈvʲir]	0.0
russian	grajati	[ˈɡrajɪtʲ]	[ˈɡrajɪtʲ]	0.0
russian	nekъto	[ˈnʲektə]	[ˈnʲɵktə]	0.1111111111111111
russian	lȗbъ	[ˈlup]	[ˈlup]	0.0
russian	paxnǫti	[pɐxˈnutʲ]	[ˈpaxnʊtʲ]	0.4
slovak	jьmàti	[ˈmac]	[ˈimac]	0.14285714285714285
slovak	pǫpъkъ	[ˈpupɔk]	[ˈpupkiː]	0.3333333333333333
slovak	sytъjьjь	[ˈsiːti]	[ˈsiːti]	0.0
slovak	ěrьcь	[ˈjaret͡s]	[ˈjarɛt͡s]	0.1
slovak	volstь	[ˈvɫast]	[ˈvɫast]	0.0
slovak	voliti	[ˈvolic]	[ˈvɔlic]	0.125
slovak	bьrati	[ˈbrac]	[ˈbrac]	0.0
slovak	erębica	[ˈjarabit͡sa]	[ˈjɛrabit͡sa]	0.07692307692307693
slovak	žuriti	[ˈzuːric]	[ˈzuric]	0.1111111111111111
slovak	stàviti sę	[ˈstavit]	[ˈstavic sɛ]	0.3333333333333333
slovak	bezъ	[ˈbɛs]	[ˈbɛs]	0.0
slovak	kъn	[ˈk]	[ˈk]	0.0
slovak	dȇrvo	[ˈdrɛvɔ]	[ˈdrɛvɔ]	0.0
slovak	mě̀dь	[ˈmɛt]	[ˈmjɛt]	0.14285714285714285
slovak	gńilъ	[ˈɦɲiliː]	[ˈɦɲiliː]	0.0
slovak	šȇstь	[ˈʃɛst]	[ˈʃɛsc]	0.14285714285714285
slovak	za	[ˈza]	[ˈza]	0.0
slovak	mȃstь	[ˈmasc]	[ˈmaːst]	0.25
slovak	žȋvъ	[ˈʒiviː]	[ˈʒiviː]	0.0
slovak	vodìti	[ˈvɔɟiti]	[ˈvɔdic]	0.3333333333333333
slovak	svȏrbъ	[ˈsvrap]	[ˈsvrap]	0.0
slovak	osà	[ˈɔsa]	[ˈɔsa]	0.0
slovak	tretь	[ˈtrɛciː]	[ˈtrjec]	0.4444444444444444
slovak	ȇ̌dъ	[ˈjɛt]	[ˈjat]	0.16666666666666666
slovak	veztì	[ˈvjɛst]	[ˈvjɛst]	0.0
slovak	jūxà	[ˈjuxa]	[ˈiːxa]	0.2857142857142857
slovak	àgnę	[ˈjaɦɲa]	[ˈjaɦɲɛ]	0.125
slovak	bùr̨a	[ˈbuːra]	[ˈbura]	0.125
slovak	korenь	[ˈkɔrɛɲ]	[ˈkɔrɛɲ]	0.0
slovak	sìto	[ˈsito]	[ˈsitɔ]	0.14285714285714285
slovak	orsti	[ˈraːsʲc]	[ˈraːsc]	0.1111111111111111
slovak	tvь̑rdъ	[ˈtvr̩diː]	[ˈtfr̩diː]	0.1
slovak	čerěnь	[ˈt͡ʃɛrɛɲ]	[ˈt͡ʃɛrjɛɲ]	0.09090909090909091
slovak	polè̌no	[ˈpɔlɛnɔ]	[ˈpɔlɛnɔ]	0.0
slovak	gověti	[ˈɦoʋjec]	[ˈɦɔvjɛc]	0.3333333333333333
slovak	dāvàti	[ˈdaːvac]	[ˈdaːvac]	0.0
slovak	kȏsъ	[ˈkɔs]	[ˈkos]	0.16666666666666666
slovak	glę̀dati	[ˈɦʎadac]	[ˈɦʎɛdac]	0.1111111111111111
slovak	govьnò	[ˈɦɔvnɔ]	[ˈɦɔvnɔ]	0.0
slovak	ǫ̀zlъ	[ˈuzol]	[ˈuzɔɫ]	0.2857142857142857
slovak	gràdъ	[ˈɦrat]	[ˈɦrat]	0.0
slovak	vȇrsъ	[ˈvrɛs]	[ˈvrɛs]	0.0
slovak	legti	[ˈʎæsʲc]	[ˈlɛt͡s]	0.625
slovak	mъrky	[ˈmɔrkva]	[ˈmr̩kɛv]	0.4444444444444444
slovak	kъ	[ˈk]	[ˈk]	0.0
slovak	kovati	[ˈkɔvac]	[ˈkɔvac]	0.0
slovak	čьrpati	[ˈt͡ʃɛrpaci]	[ˈt͡ʃrpac]	0.16666666666666666
slovak	stòlъ	[ˈstwɔɫ]	[ˈstɔɫ]	0.125
slovak	vь̑lkъ	[ˈvɫ̩k]	[ˈʋɫ̩kiː]	0.3333333333333333
slovak	dàti	[ˈdaːti]	[ˈdac]	0.375
slovak	vьčera	[ˈft͡ʃɛra]	[ˈʋt͡ʃɛra]	0.1
slovak	mogti	[ˈmwot͡sʲ]	[ˈmɔt͡s]	0.3
slovak	duti	[ˈduc]	[ˈduc]	0.0
slovak	strьženь	[ˈstr̩ʒɛɲ]	[ˈstr̩ʒɛɲ]	0.0
slovak	pȍl̨e	[ˈpɔlɛ]	[ˈpɔlɛ]	0.0
slovak	xomǫtъ	[ˈxɔmuːt]	[ˈɦɔxun]	0.4444444444444444
slovak	lьgъkъ	[ˈʎaɦkiː]	[ˈʎɛxkiː]	0.2222222222222222
slovak	rě̑čь	[ˈrɛt͡ʃ]	[ˈrɛt͡ʃ]	0.0
slovak	mъnogъ	[ˈmnɔɦiː]	[ˈmnɔɦiː]	0.0
slovak	vòlga	[ˈvɫaɦa]	[ˈvɫaɦa]	0.0
slovak	bъděti	[ˈbdjec]	[ˈbdjec]	0.0
slovak	kuzn̨a	[ˈkuːzɲa]	[ˈkuzɲa]	0.1111111111111111
slovak	dȍma	[ˈdɔma]	[ˈdɔma]	0.0
slovak	bьčelà	[ˈft͡ʃɛɫa]	[ˈt͡ʃt͡ʃɛɫa]	0.25
slovak	sìla	[ˈsiɫa]	[ˈsiɫa]	0.0
slovak	śěrъ	[ˈʃɛriː]	[ˈsjeriː]	0.3333333333333333
slovak	zeml̨à	[ˈzɛm]	[ˈzɛmʎa]	0.25
slovak	žęti	[ˈʒac]	[ˈʒæc]	0.16666666666666666
slovak	zobàti	[ˈzɔbac]	[ˈzɔbac]	0.0
slovak	olni	[ˈɫaɲi]	[ˈɫaɲi]	0.0
slovak	kričati	[ˈkrit͡ʃac]	[ˈkrit͡ʃac]	0.0
slovak	kadìdlo	[ˈkaɟidɫɔ]	[ˈkaɟidɔ]	0.1
slovak	modrъjь	[ˈmuːdri]	[ˈmɔdri]	0.2222222222222222
slovak	pę̑dь	[ˈpjat]	[ˈpec]	0.42857142857142855
slovak	dь̑nь	[ˈɟɛɲ]	[ˈdɛɲ]	0.16666666666666666
slovak	věděti	[ˈvɛdɛc]	[ˈʋɛdjɛc]	0.2222222222222222
slovak	màzati	[ˈmazac]	[ˈmaːzac]	0.1111111111111111
slovak	nukati	[ˈnuːkac]	[ˈnukac]	0.1111111111111111
slovak	dъždžь	[ˈdaːʃt]	[ˈdɛːʃt]	0.125
slovak	kъde	[ˈɡɟɛ]	[ˈkdɛ]	0.3333333333333333
slovak	čùdo	[ˈt͡ʃudɔ]	[ˈt͡ʃudɔ]	0.0
slovak	sъmè̌ti	[ˈsmjɛc]	[ˈsm̩jɛc]	0.1111111111111111
slovak	gъrbъ	[ˈɦr̩p]	[ˈɦr̩p]	0.0
slovak	kъrkati	[ˈkr̩ːkac]	[ˈkr̩kac]	0.1
slovak	àstrě̄bъ	[ˈjastrap]	[ˈjastrɛp]	0.1
slovak	lъgati	[ˈɫuɦac]	[ˈɫaɦac]	0.125
slovak	pȗstъ	[ˈpustiː]	[ˈpustiː]	0.0
slovak	bridъkъ	[ˈbritkiː]	[ˈbritkiː]	0.0
slovak	jьgrati	[ˈɦrac]	[ˈɦraːc]	0.125
slovak	matati	[ˈmaːtac]	[ˈmaːtac]	0.0
slovak	žьvàti	[ˈʒuc]	[ˈʒvac]	0.2857142857142857
slovak	grьměti	[ˈɦr̩mjɛc]	[ˈɦr̩mɛc]	0.1
slovak	borna	[ˈbraːna]	[ˈbrana]	0.1111111111111111
slovak	drāžìti	[ˈdraːʒic]	[ˈdraʒic]	0.1
slovak	sě̀jati	[ˈsjac]	[ˈsjac]	0.0
slovak	dьrati	[ˈdrac]	[ˈdraːc]	0.125
slovak	gnȗsъ	[ˈɦnus]	[ˈɦnus]	0.0
slovak	polъ	[ˈpɔɫ]	[ˈpɔɫ]	0.0
slovak	vozìti	[ˈvɔzic]	[ˈvɔzic]	0.0
slovak	stonъ	[ˈstɔn]	[ˈstɔn]	0.0
slovak	pęti	[ˈpnuːc]	[ˈpjac]	0.375
slovak	zъlъ	[ˈzɫiː]	[ˈzɔliː]	0.25
slovak	dòrga	[ˈdraɦa]	[ˈdraɦa]	0.0
slovak	bòlna	[ˈbɫana]	[ˈbɫana]	0.0
slovak	lь̑nъ	[ˈɫjan]	[ˈlɛn]	0.42857142857142855
slovak	mȇdъ	[ˈmɛt]	[ˈmɛt]	0.0
slovak	brestì	[ˈbr̩ːst]	[ˈbrɛsc]	0.3333333333333333
slovak	droždžьje	[ˈdrɔʒɟjɛ]	[ˈdrɔʒɟɛj]	0.2
slovak	kozьlъ	[ˈkɔzɔɫ]	[ˈkɔzɔɫ]	0.0
slovak	čerslò	[ˈt͡ʃrjɛsɫɔ]	[ˈt͡ʃrjɛsɫɔ]	0.0
slovene	prodadja	[prɔdâːja]	[prɔdǎːja]	0.1
slovene	bỳstrъ	[bǐːstər]	[bǐːstər]	0.0
slovene	lixъ	[lîːx]	[lîːx]	0.0
slovene	gȏjь	[ɡôj]	[ɡôːj]	0.16666666666666666
slovene	gȏlsъ	[ɡlâːs]	[ɡlâːs]	0.0
slovene	pluti	[plǔːti]	[plǔːti]	0.0
slovene	emela	[ɔměːla]	[ɛmɛlěːla]	0.3
slovene	kaliti	[kalǐːti]	[kǎːliti]	0.4444444444444444
slovene	mьglà	[məɡlâ]	[mə̌ːɡla]	0.3333333333333333
slovene	vě̀trъ	[ʋêːtər]	[ʋěːtər]	0.125
slovene	pelna	[plěːna]	[pɛ̌ːlna]	0.3333333333333333
slovene	čara	[t͡ʃǎːra]	[t͡ʃarâ]	0.3333333333333333
slovene	però	[pɛrôː]	[pɛrjê]	0.2857142857142857
slovene	dobrъ	[dǒːbər]	[dɔ̌ːbər]	0.2222222222222222
slovene	netьjь	[nɛt͡ʃǎːk]	[nɛ̌ːt͡ʃi]	0.5
slovene	òlkati	[lǎːkati]	[lǎːkati]	0.0
slovene	stȃnъ	[stâːn]	[stâːn]	0.0
slovene	tь̏nьkъ	[tǝnə̂k]	[tə̌ːnək]	0.4444444444444444
slovene	v̀ydra	[ʋîːdra]	[ʋǐːdra]	0.125
slovene	kъ	[k]	[kâː]	0.4
slovene	bèrdjь	[brěːja]	[brêːd͡ʃ]	0.4444444444444444
slovene	lemešь	[lɛ̌ːmɛʃ]	[lɛ̌ːmɛʃ]	0.0
slovene	pь̀rstъ	[pə̂ːrst]	[pə̌ːsrt]	0.3333333333333333
slovene	pitati	[pǐːtati]	[pǐːtati]	0.0
slovene	děl̨a	[dêl]	[děːla]	0.42857142857142855
slovene	lǭčìti	[lǒːt͡ʃiti]	[lǒːt͡ʃiti]	0.0
slovene	sanь	[sanîː]	[sâːn]	0.5714285714285714
slovene	golvà	[ɡlǎːʋa]	[ɡɔ̌ːla]	0.375
slovene	òrtajь	[rǎːtaj]	[rǎːtaj]	0.0
slovene	ǫ̀zlъ	[ʋɔ̌ːzəw]	[ôːzəw]	0.3333333333333333
slovene	pòrgъ	[prâk]	[prâːk]	0.14285714285714285
slovene	polsà	[plǎːsa]	[plâːsa]	0.125
slovene	dvòrъ	[dʋɔ̂r]	[dʋɔ̂r]	0.0
slovene	vьčera	[ʋt͡ʃěːra]	[ʋt͡ʃɛ̌ːra]	0.18181818181818182
slovene	sovati	[suʋǎːti]	[sɔʋǎːti]	0.1111111111111111
slovene	stòlъ	[stɔ̂w]	[stɔ̂w]	0.0
slovene	žędьnъ	[ʒěːdən]	[ʒɛ̌ːdən]	0.2222222222222222
slovene	cè̌sta	[t͡sěːsta]	[t͡sesta]	0.2
slovene	glìna	[ɡlǐːna]	[ɡlǐːna]	0.0
slovene	gǫ̑stъ	[ɡôːst]	[ɡôːst]	0.0
slovene	perdъ	[prêːt]	[prêt]	0.14285714285714285
slovene	kъlъ	[kə̂l]	[kâːw]	0.5
slovene	rědъkъ	[rěːdək]	[rěːdək]	0.0
slovene	metàti	[mɛ̌ːtati]	[mɛ̌ːtati]	0.0
slovene	dvьrь	[dǔːri]	[dəʋər]	0.5714285714285714
slovene	smȏrdъ	[smrâːt]	[smrâːt]	0.0
slovene	sъlъ	[sə̂w]	[sə̂ʊ]	0.16666666666666666
slovene	veslò	[ʋɛ̌ːslo]	[ʋêːslo]	0.2222222222222222
slovene	kùditi	[kǔːditi]	[kǔːditi]	0.0
slovene	vòlga	[ʋlǎːɡa]	[ʋlaɡâː]	0.5
slovene	volžiti	[ʋlǎːʒiti]	[ʋlǎːʒiti]	0.0
slovene	legti	[lěːt͡ʃi]	[lěːt͡ʃi]	0.0
slovene	vaditi	[ʋǎːditi]	[ʋǎːditi]	0.0
slovene	tesàti	[tɛ̌ːsati]	[tɛ̌ːsati]	0.0
slovene	basnь	[bâːsən]	[bâːsən]	0.0
slovene	pьrvъjь	[pə̂ːrʋi]	[pə̌ːrʋit͡s]	0.3333333333333333
slovene	kolti	[klǎːti]	[klǎːti]	0.0
slovene	kòža	[kǒːʒa]	[kɔ̌ːʒa]	0.25
slovene	pьrati	[prǎːti]	[prǎːti]	0.0
slovene	pri	[prî]	[prîː]	0.16666666666666666
slovene	dérnъ	[drên]	[drêːn]	0.14285714285714285
slovene	lǫčьje	[lôːt͡ʃjɛ]	[lǒːt͡ʃɛ]	0.2
slovene	kȏstь	[kôːst]	[kôːst]	0.0
slovene	sòlma	[slǎːma]	[slǎːma]	0.0
slovene	golgolъ	[ɡlàːɡɔl]	[ɡɔlɔˈɡlo]	0.5
slovene	bèrmę	[brɛ̌ːmɛ]	[brěːmɛ]	0.2222222222222222
slovene	vodìti	[ʋɔ̌ːditi]	[ʋɔdǐːti]	0.4
slovene	či	[t͡ʃî]	[t͡ʃî]	0.0
slovene	kozà	[kɔ̌ːza]	[kɔ̌ːza]	0.0
slovene	mȏstъ	[môːst]	[mɔ̂ːst]	0.25
slovene	bъděti	[bəděːti]	[pděːti]	0.2222222222222222
slovene	bъ̀drъ	[bɔ̀ːdər]	[bə̂dər]	0.3333333333333333
slovene	cě̄nà	[t͡sěːna]	[t͡sêːnja]	0.2
slovene	esmь	[səm]	[ɛs]	0.6
slovene	blekъ	[blěːk]	[blêːk]	0.14285714285714285
slovene	ěrina	[jarǐːna]	[jarǐːna]	0.0
slovene	rȏdъ	[rôːt]	[rôːt]	0.0
slovene	pǫ̀to	[pǒːto]	[pǒːto]	0.0
slovene	sъpati	[spǎːti]	[spǎːti]	0.0
slovene	lamъ	[lam]	[lâːm]	0.3333333333333333
slovene	driskati	[drǐːskati]	[drǐːskati]	0.0
slovene	piskorь	[piskǒːr]	[piskrîː]	0.3333333333333333
slovene	elbǭtь	[labǒːt]	[lɛ̌ːbɔt]	0.5555555555555556
slovene	kòlъ	[kɔ̂w]	[kɔ̂w]	0.0
slovene	gomola	[ɡɔmɔ̌ːla]	[ɡɔ̌ːmol]	0.5
slovene	bȏrъ	[bôːr]	[bôːr]	0.0
slovene	kǫsati	[kɔsǎːti]	[kǒːsati]	0.4444444444444444
slovene	krǫtъ	[krôːt]	[krôt]	0.14285714285714285
slovene	ostrъ	[ǒːstər]	[ɔstâːr]	0.5
slovene	žьrtva	[ʒə̂ːrtʋa]	[ʒərtǎːʋa]	0.4
slovene	grebenь	[ɡrɛbêːn]	[ɡrɛbêːn]	0.0
slovene	pь̀lzati	[pɔ̌ːwzati]	[pɔ̌ːzati]	0.09090909090909091
slovene	sedmъjь	[sěːdmi]	[sɛ̌ːd͡mi]	0.3
slovene	polvъ	[plâʋ]	[plâːʋ]	0.14285714285714285
slovene	strǫkъ	[strɔ̂k]	[strôːk]	0.25
slovene	bodàti	[bôːdati]	[bɔ̌ːdati]	0.2
slovene	klěšča	[klěːʃt͡ʃɛ]	[klěːʃt͡ʃa]	0.09090909090909091
slovene	dva	[dʋâː]	[dʋâː]	0.0
slovene	náglъ	[nǎːɡəw]	[nǎːɡəw]	0.0
slovene	mě̀ra	[měːra]	[měːra]	0.0
slovene	sъpъ	[sɛ̂p]	[sə̂p]	0.16666666666666666
slovene	nìtь	[nît]	[nît]	0.0
slovene	čьrstvъ	[t͡ʃʋə̂ːrst]	[t͡ʃə̂rst]	0.16666666666666666
slovene	volkà	[ʋlǎːka]	[ʋlǎːka]	0.0
slovene	vysòkъ	[ʋisɔ̂k]	[ʋǐːsɔk]	0.375
slovene	belenъ	[blên]	[bɛ̌ːlɛn]	0.4444444444444444
slovene	plěva	[plěːʋa]	[plěːʋa]	0.0
slovene	līzàti	[lǐːzati]	[lǐːzati]	0.0
slovene	ě̀snъ	[jǎːsən]	[jǎːsən]	0.2222222222222222
slovene	lěnъ	[lêːn]	[lɛ̌ːn]	0.2857142857142857
slovene	xoldьnъ	[xlǎːdən]	[xlǎːdən]	0.0
slovene	grě́xъ	[ɡrěːx]	[ɡrêːx]	0.14285714285714285
slovene	rìnǫti	[rǐːniti]	[rǐːniti]	0.0
slovene	oràti	[ɔrǎːti]	[ɔrǎːti]	0.0
slovene	sermuša	[srêːmʃa]	[srěːmla]	0.2222222222222222
slovene	vъnъ	[ʋə̂n]	[ʋə̂n]	0.0
slovene	làjati	[lâːjati]	[lǎːjati]	0.1111111111111111
slovene	otъverti	[ɔdʋrěːti]	[ɔtʋrěːti]	0.1
slovene	malъjь	[mâːli]	[mâːl]	0.14285714285714285
slovene	strьžь	[stə̂ːrʃ]	[str̂ːʃ]	0.2222222222222222
slovene	strȗpъ	[strûːp]	[strûːp]	0.0
slovene	dē̌žà	[děːʒa]	[dɛ̌ːʒa]	0.25
slovene	pazduxa	[pâːzduxa]	[pǎzuːxa]	0.4
slovene	pьkъlъ	[pək]	[pə̌ːkət]	0.4444444444444444
slovene	pȏtъ	[pôːt]	[pôːt]	0.0
slovene	zьdati	[zǐːdati]	[zdǎːti]	0.4444444444444444
slovene	beleniti	[blent͡sǎːti]	[bɛlɛ̌ːniti]	0.6153846153846154
slovene	čerdìti	[t͡ʃerěːditi]	[t͡ʃredǐːti]	0.38461538461538464
slovene	lopàta	[lɔpǎːta]	[lɔpaːta]	0.1111111111111111
slovene	puxnǫti	[pǔːxniti]	[pǔːxniti]	0.0
slovene	grǫ̑dь	[ɡrôːt]	[ɡrôːt]	0.0
slovene	pь̑nь	[pâːn]	[pə̌ːn]	0.2857142857142857
slovene	ě̀to	[jǎːto]	[jǎːto]	0.0
slovene	my̑slь	[mîːsəw]	[mîːsəw]	0.0
slovene	vę̀dnǫti	[ʋěːniti]	[ʋɛnǐːti]	0.4444444444444444
slovene	kyslъ	[kǐːsəw]	[kǐːsəw]	0.0
slovene	sǫ	[sɔ]	[sǒːs]	0.5
slovene	brodìti	[brɔ̌ːditi]	[brɔdǐːti]	0.36363636363636365
slovene	orkỳta	[rakîːta]	[rǎːkəta]	0.4444444444444444
slovene	mǫ̀čiti	[mǔːt͡ʃiti]	[mǒːt͡ʃiti]	0.09090909090909091
slovene	òlkomъjь	[lǎːkɔm]	[lǎːkɔm]	0.0
slovene	dьbrь	[dɛbr]	[dɛ̂ːmr]	0.375
slovene	vojьna	[ʋɔ̌ːjna]	[ʋɔjnǎː]	0.4444444444444444
slovene	pę̑dь	[pêːt]	[pêːt]	0.0
slovene	dętelъ	[dě̝ːtəʊ]	[děːtɛw]	0.3333333333333333
slovene	velkti	[ʋlěːt͡ʃi]	[ʋlěːt͡ʃi]	0.0
slovene	žìla	[ʒǐːla]	[ʒǐːla]	0.0
ukrainian	smȏrdъ	[ˈsmɔrʲid]	[ˈsmʲir]	0.3
ukrainian	dovьlěti	[doˈwlʲitɪ]	[dɔʋˈlʲit͡sa]	0.46153846153846156
ukrainian	legti	[lʲɐˈɡtɪ]	[ˈlɛt͡ʃɪt]	0.7
ukrainian	jьgъlà	[ˈɦɔlkɐ]	[ǐɦlɑ]	0.5
ukrainian	rosà	[rɔˈsɑ]	[rɔˈsɑ]	0.0
ukrainian	kuka	[ˈkukɐ]	[ˈkukɐ]	0.0
ukrainian	bordlo	[bɔˈrɔlɔ]	[brɔˈdlɔ]	0.3333333333333333
ukrainian	gospodь	[ɦɔˈspɔdʲ]	[ɦɔˈsʲɔdʲitʲ]	0.3076923076923077
ukrainian	bosъjь	[ˈbɔsej]	[bɔˈsɪj]	0.375
ukrainian	težъkъjь	[tʲɑʃˈkɪj]	[ˈtɪʃekʲ]	0.6
ukrainian	rějati	[ˈrʲijɐte]	[ˈrɛjɐtʲi]	0.4
ukrainian	želě̀zo	[zɐˈlʲizɔ]	[ʒɛˈlʲidɔ]	0.3
ukrainian	krečetъ	[ˈkrɛt͡ʃet]	[ˈkrʲɛtʲitʲ]	0.4166666666666667
ukrainian	brъstь	[ˈbrɔsʲtʲ]	[ˈbrɔsʲtʲ]	0.0
ukrainian	vьlgъkъjь	[ˈwɔɦkɪj]	[ˈʋʲilɡʲij]	0.6363636363636364
ukrainian	dérnъ	[deˈrɛn]	[dǐːrʲin]	0.4444444444444444
ukrainian	želza	[ˈzɑlɔzɐ]	[ˈʒɛlʲi]	0.5555555555555556
ukrainian	kaliti	[kaˈlɪtɪ]	[kɐˈlɪtɪ]	0.1111111111111111
ukrainian	bìdlo	[ˈbɪɫɔ]	[ˈbɪdlɔ]	0.25
ukrainian	arьmò	[ˈjarɛm]	[ˈriːm]	0.5
ukrainian	osà	[ɔˈsɑ]	[ɔˈsɑ]	0.0
ukrainian	vъtorъjьjь	[ftɔˈrɪj]	[ˈʋtɔrej]	0.4444444444444444
ukrainian	kȏsъ	[ˈkʲis]	[ˈkʲis]	0.0
ukrainian	kydati	[ˈkɪdɐtɪ]	[ˈkɪdɐte]	0.1111111111111111
ukrainian	bagno	[bɐɦˈnɔ]	[ˈbɑɡnɔ]	0.5
ukrainian	mьsta	[mˈnʲstʲi]	[meˈst]	0.5
ukrainian	ěbàti	[jiˈbɑte]	[ˈjɑbɐ]	0.5555555555555556
ukrainian	sněgъ	[ˈsʲnʲiɦ]	[ˈsnʲiɡ]	0.2222222222222222
ukrainian	sǫdì	[suˈdʲːɑ]	[ˈsudʲi]	0.4444444444444444
ukrainian	bràtьja	[ˈbrɑtʲːɐ]	[ˈbrɑtʲɪ]	0.2
ukrainian	krukъ	[ˈkruk]	[ˈkruk]	0.0
upper_sorbian	mě̑xъ	[ˈmʲɪx]	[ˈmʲɪx]	0.0
upper_sorbian	bol̨eje	[ˈbʊlɛ]	[ˈbʊlʲ]	0.14285714285714285
upper_sorbian	vȏlsъ	[ˈwʊs]	[ˈwʊs]	0.0
upper_sorbian	sъ̀nъ	[ˈsʊn]	[ˈsʊn]	0.0
upper_sorbian	černa	[ˈt͡ʃʀɔna]	[ˈt͡sʀʲʊna]	0.2727272727272727
upper_sorbian	kòrva	[ˈkʀuwa]	[ˈkʀʊwa]	0.125
upper_sorbian	bьčelà	[ˈpt͡ʃɔla]	[ˈt͡st͡ʃɛwa]	0.4166666666666667
upper_sorbian	serъjь	[ˈʃɪʀɨ]	[ˈsʀʲɪwɨ]	0.4444444444444444
upper_sorbian	mȏltъ	[ˈmʊt]	[ˈmʊt]	0.0
upper_sorbian	bridъkъjь	[ˈbʀʲitkʲi]	[ˈbʀʲɪtkʲi]	0.09090909090909091
upper_sorbian	stornà	[ˈstʀɔna]	[ˈstʀʊna]	0.1111111111111111
upper_sorbian	čixati	[ˈt͡ʃixat͡ʃ]	[ˈt͡ʃataʃ]	0.25
upper_sorbian	kaziti	[ˈkazɨt͡ʃ]	[ˈkazʲit͡ʃ]	0.18181818181818182
upper_sorbian	sȏlь	[ˈsɨl]	[ˈsʊl]	0.16666666666666666
upper_sorbian	kosà	[ˈkɔsa]	[ˈkɔsa]	0.0
upper_sorbian	akъjь	[ˈjaknɨ]	[ˈjakʲi]	0.25
upper_sorbian	ògn̨ь	[ˈwohen]	[ˈwʊn]	0.375
upper_sorbian	konьcь	[ˈkʊnt͡s]	[ˈkʊnʲt͡s]	0.1
upper_sorbian	dęglь	[ˈd͡ʒɛhɛl]	[ˈd͡ʒahɛl]	0.1
upper_sorbian	borzdà	[ˈbʀʊzda]	[ˈbʀɔzda]	0.1111111111111111
upper_sorbian	gně̀vъ	[ˈhnʲɪw]	[ˈhenʲɪ]	0.25
upper_sorbian	čьrnъjь	[ˈt͡ʃɔɐ̯nɨ]	[ˈt͡ʃɛnʀɨ]	0.36363636363636365
upper_sorbian	emelo	[ˈjemʲɛl]	[ˈjɪmʲɛwɔ]	0.3
upper_sorbian	ajьce	[ˈjekɔ]	[ˈjejt͡so]	0.5
upper_sorbian	vỳknǫti	[ˈuknɨt͡ʃ]	[ˈvɨknɔt͡s]	0.36363636363636365
